VentaID,ClienteID,ProductoID,FechaVenta,Cantidad,MetodoPago,Canal,EstadoVenta,PrecioUnitario,DescuentoPct
V000001,C00562,P012,2025-05-01,4,Tarjeta Débito,Tienda,Cancelada,1700.0,10
V000002,C00734,P024,2025-03-25,2,Tarjeta Débito,Tienda,Completada,14500.0,0
V000003,C00170,P006,2025-11-30,3,Tarjeta Débito,Tienda,Devuelta,1800.0,5
V000004,C00456,P006,2025-01-20,5,Transferencia,Marketplace,Devuelta,1800.0,10
V000005,C00096,P016,2025-06-24,4,Tarjeta Débito,Tienda,Cancelada,4500.0,15
V000006,C00910,P025,2025-05-09,3,Transferencia,Tienda,Completada,4200.0,10
V000007,C00980,P013,2025-04-22,1,Tarjeta Débito,Marketplace,Cancelada,2200.0,10
V000008,C00402,P005,2025-04-12,1,Tarjeta Débito,Marketplace,Completada,12000.0,15
V000009,C00266,P020,2025-08-25,3,Tarjeta Crédito,Online,Devuelta,1500.0,10
V000010,C00975,P018,2025-09-07,4,Efectivo,Online,Devuelta,900.0,10
V000011,C00989,P004,2025-06-18,2,Tarjeta Débito,Marketplace,Completada,9000.0,0
V000012,C00349,P010,2025-11-27,4,Tarjeta Crédito,Tienda,Completada,4500.0,0
V000013,C00547,P020,2025-10-03,3,Transferencia,Online,Completada,1500.0,0
V000014,C01033,P008,2025-08-02,3,Tarjeta Crédito,Online,Completada,700.0,5
V000015,C00146,P004,2025-01-27,1,Tarjeta Crédito,Marketplace,Devuelta,9000.0,0
V000016,C01114,P017,2025-05-24,5,Tarjeta Débito,Online,Completada,2200.0,0
V000017,C01183,P028,2025-06-08,5,Tarjeta Crédito,Online,Completada,250.0,5
V000018,C00387,P002,2025-07-24,5,Tarjeta Débito,Online,Cancelada,14000.0,20
V000019,C00860,P025,2025-12-02,3,Tarjeta Crédito,Online,Cancelada,4200.0,10
V000020,C00374,P028,2025-04-12,2,Tarjeta Débito,Marketplace,Cancelada,250.0,0
V000021,C00132,P005,2025-06-27,2,Efectivo,Online,Completada,12000.0,5
V000022,C00675,P029,2025-02-10,2,Efectivo,Marketplace,Completada,350.0,0
V000023,C00167,P013,2025-12-24,5,Tarjeta Débito,Marketplace,Devuelta,2200.0,0
V000024,C00533,P014,2025-08-11,4,Tarjeta Crédito,Online,Cancelada,5500.0,10
V000025,C00400,P004,2025-12-21,1,Tarjeta Crédito,Tienda,Devuelta,9000.0,10
V000026,C00683,P006,2025-09-20,1,Transferencia,Online,Completada,1800.0,10
V000027,C01051,P022,2025-03-07,1,Tarjeta Débito,Marketplace,Devuelta,1200.0,5
V000028,C00126,P014,2025-09-20,1,Tarjeta Crédito,Tienda,Devuelta,5500.0,5
V000029,C00489,P012,2025-09-26,5,Tarjeta Crédito,Tienda,Completada,1700.0,20
V000030,C00248,P007,2025-10-30,5,Tarjeta Débito,Tienda,Completada,1400.0,5
V000031,C00095,P027,2025-08-03,5,Tarjeta Crédito,Online,Cancelada,6000.0,5
V000032,C00542,P016,2025-08-17,3,Tarjeta Crédito,Online,Cancelada,4500.0,15
V000033,C00803,P009,2025-03-21,1,Tarjeta Débito,Tienda,Completada,1300.0,15
V000034,C00570,P013,2025-02-03,2,Tarjeta Débito,Tienda,Devuelta,2200.0,5
V000035,C00346,P001,2025-10-23,2,Efectivo,Online,Devuelta,22000.0,0
V000036,C01013,P030,2025-12-15,1,Tarjeta Débito,Tienda,Completada,3200.0,20
V000037,C00395,P026,2025-01-13,2,Efectivo,Tienda,Completada,800.0,5
V000038,C00278,P009,2025-06-28,5,Transferencia,Tienda,Cancelada,1300.0,0
V000039,C00813,P022,2025-02-02,4,Tarjeta Débito,Marketplace,Completada,1200.0,0
V000040,C00039,P016,2025-06-12,5,Tarjeta Crédito,Online,Cancelada,4500.0,0
V000041,C00372,P004,2025-04-21,3,Transferencia,Online,Completada,9000.0,10
V000042,C00576,P016,2025-07-08,1,Efectivo,Online,Completada,3600.0,10
V000043,C00046,P020,2025-11-14,4,Tarjeta Débito,Tienda,Completada,1500.0,0
V000044,C00881,P004,2025-07-03,5,Tarjeta Crédito,Marketplace,Completada,9000.0,5
V000045,C00087,P013,2025-09-29,2,Efectivo,Marketplace,Devuelta,2200.0,10
V000046,C01109,P025,2025-11-23,3,Tarjeta Débito,Online,Devuelta,4200.0,0
V000047,C00057,P024,2025-07-21,5,Tarjeta Crédito,Online,Cancelada,14500.0,10
V000048,C01100,P028,2025-12-12,3,Tarjeta Débito,Online,Cancelada,250.0,20
V000049,C00835,P006,2025-01-03,3,Tarjeta Débito,Online,Devuelta,1800.0,20
V000050,C01093,P029,2025-03-15,5,Tarjeta Crédito,Marketplace,Completada,350.0,5
V000051,C00691,P007,2025-05-18,5,Tarjeta Débito,Online,Devuelta,1400.0,5
V000052,C00141,P024,2025-07-12,5,Tarjeta Débito,Online,Cancelada,14500.0,20
V000053,C00734,P025,2025-09-14,2,Efectivo,Online,Devuelta,4200.0,20
V000054,C00432,P030,2025-12-10,3,Tarjeta Crédito,Online,Completada,3200.0,5
V000055,C00165,P016,2025-02-17,5,Efectivo,Tienda,Completada,4500.0,10
V000056,C00620,P022,2025-03-11,1,Tarjeta Débito,Marketplace,Devuelta,1200.0,5
V000057,C00139,P009,2025-08-03,3,Efectivo,Marketplace,Completada,1300.0,10
V000058,C00300,P026,2025-02-19,1,Tarjeta Débito,Online,Cancelada,800.0,0
V000059,C00500,P016,2025-10-05,3,Tarjeta Débito,Online,Devuelta,4500.0,0
V000060,C01036,P007,2025-12-04,1,Transferencia,Marketplace,Completada,1400.0,0
V000061,C01028,P005,2025-12-02,5,Tarjeta Débito,Online,Completada,12000.0,5
V000062,C00611,P026,2025-04-22,5,Efectivo,Online,Completada,800.0,5
V000063,C00026,P017,2025-02-14,2,Transferencia,Marketplace,Completada,2200.0,0
V000064,C00371,P012,2025-01-13,1,Tarjeta Débito,Marketplace,Completada,1700.0,15
V000065,C00642,P030,2025-07-24,4,Tarjeta Débito,Marketplace,Cancelada,3200.0,0
V000066,C00859,P024,2025-11-22,5,Tarjeta Crédito,Online,Completada,14500.0,5
V000067,C01004,P013,2025-06-15,2,Tarjeta Crédito,Marketplace,Cancelada,2200.0,0
V000068,C00714,P005,2025-07-18,3,Tarjeta Crédito,Tienda,Completada,12000.0,0
V000069,C00982,P011,2025-04-12,4,Transferencia,Online,Completada,1800.0,5
V000070,C00674,P029,2025-12-05,2,Tarjeta Crédito,Online,Devuelta,350.0,0
V000071,C00423,P020,2025-11-07,2,Tarjeta Crédito,Online,Cancelada,1500.0,0
V000072,C00030,P024,2025-10-14,3,Tarjeta Crédito,Online,Completada,14500.0,0
V000073,C00871,P017,2025-12-22,3,Transferencia,Online,Completada,2200.0,15
V000074,C00569,P024,2025-12-27,5,Efectivo,Online,Devuelta,14500.0,0
V000075,C00947,P024,2025-03-04,3,Tarjeta Débito,Tienda,Completada,14500.0,20
V000076,C00117,P027,2025-08-14,5,Tarjeta Crédito,Online,Cancelada,6000.0,0
V000077,C00520,P024,2025-04-10,1,Efectivo,Online,Completada,14500.0,0
V000078,C00552,P004,2025-12-12,3,Tarjeta Débito,Online,Devuelta,9000.0,5
V000079,C01116,P013,2025-04-08,5,Transferencia,Online,Cancelada,2200.0,0
V000080,C00612,P030,2025-02-15,2,Efectivo,Online,Completada,3200.0,10
V000081,C01029,P018,2025-07-06,5,Tarjeta Crédito,Tienda,Cancelada,900.0,10
V000082,C01128,P014,2025-05-15,1,Tarjeta Débito,Online,Completada,5500.0,0
V000083,C00564,P029,2025-11-13,4,Tarjeta Débito,Online,Completada,350.0,5
V000084,C00763,P020,2025-04-14,5,Tarjeta Débito,Online,Cancelada,1500.0,0
V000085,C00124,P011,2025-05-26,5,Tarjeta Crédito,Tienda,Completada,1800.0,0
V000086,C00905,P012,2025-01-03,5,Tarjeta Crédito,Tienda,Completada,1700.0,10
V000087,C01061,P010,2025-06-17,2,Tarjeta Débito,Online,Devuelta,4500.0,20
V000088,C00530,P012,2025-06-02,4,Transferencia,Online,Completada,1700.0,0
V000089,C00553,P022,2025-05-28,4,Tarjeta Crédito,Online,Completada,1200.0,5
V000090,C00970,P030,2025-11-08,5,Tarjeta Débito,Online,Completada,3200.0,0
V000091,C00281,P007,2025-05-22,5,Transferencia,Online,Devuelta,1400.0,0
V000092,C01182,P020,2025-09-09,5,Tarjeta Débito,Marketplace,Completada,1500.0,5
V000093,C00064,P004,2025-12-16,1,Tarjeta Crédito,Online,Completada,9000.0,15
V000094,C00626,P015,2025-03-06,2,Transferencia,Online,Completada,2600.0,0
V000095,C00593,P005,2025-08-02,2,Transferencia,Online,Cancelada,12000.0,0
V000096,C00450,P006,2025-03-27,2,Tarjeta Crédito,Online,Cancelada,1800.0,0
V000097,C00464,P019,2025-03-28,5,Tarjeta Débito,Online,Devuelta,1800.0,0
V000098,C00957,P016,2025-12-31,5,Tarjeta Débito,Online,Completada,4500.0,20
V000099,C00470,P018,2025-12-03,1,Tarjeta Débito,Marketplace,Completada,900.0,10
V000100,C00264,P013,2025-08-05,3,Tarjeta Débito,Marketplace,Completada,2200.0,20
V000101,C01182,P004,2025-01-25,5,Tarjeta Débito,Online,Cancelada,9000.0,10
V000102,C00094,P012,2025-11-15,3,Tarjeta Débito,Tienda,Completada,1700.0,0
V000103,C00889,P028,2025-02-08,2,Tarjeta Débito,Tienda,Completada,250.0,5
V000104,C00200,P023,2025-05-26,3,Transferencia,Marketplace,Cancelada,8500.0,5
V000105,C01065,P025,2025-10-13,5,Transferencia,Online,Completada,4200.0,5
V000106,C01067,P021,2025-05-06,4,Transferencia,Tienda,Completada,11000.0,20
V000107,C00526,P018,2025-10-09,5,Tarjeta Crédito,Online,Completada,900.0,0
V000108,C00107,P023,2025-12-07,5,Transferencia,Online,Cancelada,8500.0,20
V000109,C00291,P022,2025-03-24,5,Efectivo,Marketplace,Completada,1200.0,10
V000110,C00186,P008,2025-08-14,5,Transferencia,Online,Devuelta,700.0,5
V000111,C00039,P020,2025-02-13,4,Transferencia,Tienda,Completada,1500.0,5
V000112,C00656,P016,2025-01-09,1,Tarjeta Crédito,Marketplace,Completada,4500.0,10
V000113,C01161,P004,2025-11-02,1,Tarjeta Crédito,Tienda,Completada,9000.0,0
V000114,C01170,P015,2025-12-30,2,Tarjeta Débito,Online,Completada,2600.0,5
V000115,C01153,P030,2025-04-13,5,Tarjeta Crédito,Online,Completada,3200.0,10
V000116,C00032,P005,2025-08-11,4,Transferencia,Online,Devuelta,12000.0,10
V000117,C00878,P030,2025-10-14,1,Tarjeta Crédito,Online,Completada,3200.0,0
V000118,C00648,P003,2025-01-09,2,Transferencia,Online,Completada,6500.0,0
V000119,C00017,P022,2025-11-06,2,Tarjeta Débito,Marketplace,Devuelta,1200.0,0
V000120,C01046,P011,2025-03-04,5,Transferencia,Online,Completada,1800.0,10
V000121,C00754,P023,2025-06-14,5,Transferencia,Marketplace,Completada,8500.0,0
V000122,C00906,P016,2025-08-15,5,Tarjeta Débito,Tienda,Completada,4500.0,15
V000123,C00080,P029,2025-05-28,3,Tarjeta Débito,Tienda,Completada,350.0,10
V000124,C00606,P020,2025-06-25,5,Tarjeta Débito,Online,Completada,1500.0,5
V000125,C00984,P025,2025-03-31,4,Efectivo,Online,Cancelada,4200.0,0
V000126,C00285,P006,2025-06-03,5,Tarjeta Débito,Online,Completada,1800.0,10
V000127,C01009,P001,2025-11-28,5,Tarjeta Crédito,Tienda,Completada,22000.0,0
V000128,C01059,P007,2025-05-09,3,Tarjeta Débito,Marketplace,Cancelada,1400.0,5
V000129,C00792,P013,2025-04-23,5,Tarjeta Crédito,Marketplace,Devuelta,2200.0,0
V000130,C00139,P028,2025-02-17,2,Tarjeta Crédito,Marketplace,Completada,250.0,10
V000131,C00066,P022,2025-07-15,3,Tarjeta Crédito,Marketplace,Devuelta,1200.0,10
V000132,C00108,P027,2025-10-06,2,Tarjeta Crédito,Marketplace,Devuelta,6000.0,10
V000133,C00050,P003,2025-09-13,1,Tarjeta Débito,Tienda,Cancelada,6500.0,5
V000134,C00279,P011,2025-01-31,3,Tarjeta Crédito,Online,Cancelada,1800.0,10
V000135,C00433,P029,2025-08-13,3,Tarjeta Crédito,Marketplace,Devuelta,350.0,0
V000136,C00017,P013,2025-11-08,4,Tarjeta Crédito,Tienda,Devuelta,2200.0,10
V000137,C01020,P016,2025-09-01,5,Tarjeta Débito,Marketplace,Devuelta,4500.0,0
V000138,C00226,P003,2025-10-11,1,Tarjeta Débito,Tienda,Completada,6500.0,10
V000139,C00965,P005,2025-06-26,3,Transferencia,Tienda,Completada,12000.0,0
V000140,C00965,P012,2025-05-08,1,Transferencia,Tienda,Completada,1700.0,5
V000141,C00107,P027,2025-01-19,1,Tarjeta Crédito,Online,Devuelta,6000.0,10
V000142,C00962,P023,2025-08-26,2,Tarjeta Débito,Online,Cancelada,8500.0,5
V000143,C00859,P016,2025-09-15,2,Tarjeta Débito,Marketplace,Cancelada,4500.0,5
V000144,C00365,P016,2025-03-25,4,Efectivo,Tienda,Completada,4500.0,0
V000145,C00481,P021,2025-12-26,1,Tarjeta Crédito,Tienda,Cancelada,11000.0,15
V000146,C00499,P029,2025-06-11,4,Tarjeta Crédito,Online,Devuelta,350.0,10
V000147,C01093,P009,2025-02-07,4,Tarjeta Crédito,Tienda,Completada,1300.0,0
V000148,C00138,P021,2025-01-21,3,Transferencia,Online,Completada,11000.0,10
V000149,C00463,P016,2025-08-28,4,Tarjeta Crédito,Online,Completada,4500.0,20
V000150,C00956,P021,2025-05-01,4,Tarjeta Crédito,Marketplace,Completada,11000.0,10
V000151,C00070,P024,2025-04-09,1,Efectivo,Marketplace,Devuelta,14500.0,5
V000152,C00020,P026,2025-03-05,2,Tarjeta Débito,Online,Completada,800.0,0
V000153,C00621,P028,2025-08-03,5,Tarjeta Débito,Online,Devuelta,250.0,0
V000154,C00720,P008,2025-10-04,3,Tarjeta Crédito,Tienda,Completada,700.0,0
V000155,C00105,P001,2025-02-13,2,Transferencia,Online,Completada,22000.0,0
V000156,C01163,P011,2025-06-28,4,Tarjeta Crédito,Online,Completada,1800.0,0
V000157,C00411,P017,2025-04-10,2,Transferencia,Marketplace,Cancelada,2200.0,15
V000158,C00435,P030,2025-11-30,4,Tarjeta Débito,Marketplace,Cancelada,3200.0,0
V000159,C01008,P017,2025-07-21,5,Tarjeta Débito,Online,Cancelada,2200.0,10
V000160,C00903,P006,2025-01-30,4,Tarjeta Débito,Marketplace,Completada,1800.0,0
V000161,C01093,P023,2025-03-07,5,Efectivo,Online,Completada,8500.0,15
V000162,C00513,P015,2025-04-29,4,Tarjeta Débito,Online,Devuelta,2600.0,0
V000163,C00379,P011,2025-08-25,1,Tarjeta Crédito,Tienda,Cancelada,1800.0,10
V000164,C00990,P024,2025-12-13,1,Transferencia,Online,Completada,14500.0,10
V000165,C01198,P002,2025-01-16,1,Transferencia,Tienda,Devuelta,14000.0,5
V000166,C00098,P002,2025-04-15,4,Tarjeta Crédito,Tienda,Completada,14000.0,0
V000167,C00524,P011,2025-07-27,2,Tarjeta Débito,Tienda,Devuelta,1800.0,0
V000168,C00879,P023,2025-07-31,4,Tarjeta Débito,Marketplace,Cancelada,8500.0,0
V000169,C00086,P015,2025-04-19,3,Tarjeta Crédito,Online,Completada,2600.0,10
V000170,C00388,P004,2025-04-29,1,Tarjeta Débito,Tienda,Devuelta,9000.0,10
V000171,C00348,P005,2025-10-09,5,Tarjeta Crédito,Marketplace,Completada,12000.0,0
V000172,C00848,P002,2025-01-01,1,Tarjeta Crédito,Online,Cancelada,14000.0,10
V000173,C00288,P026,2025-07-04,1,Tarjeta Débito,Tienda,Completada,800.0,10
V000174,C00502,P022,2025-03-04,2,Tarjeta Débito,Online,Cancelada,1200.0,0
V000175,C00781,P023,2025-08-30,3,Tarjeta Crédito,Online,Cancelada,8500.0,20
V000176,C00414,P012,2025-09-16,3,Tarjeta Débito,Online,Cancelada,1700.0,10
V000177,C00630,P023,2025-05-22,4,Tarjeta Débito,Marketplace,Completada,8500.0,0
V000178,C00707,P026,2025-07-08,4,Transferencia,Marketplace,Cancelada,720.0,0
V000179,C00239,P004,2025-02-02,2,Efectivo,Online,Completada,9000.0,5
V000180,C00083,P003,2025-12-10,3,Tarjeta Débito,Marketplace,Completada,6500.0,0
V000181,C00211,P009,2025-08-19,3,Transferencia,Online,Completada,1300.0,5
V000182,C00812,P018,2025-03-17,5,Transferencia,Online,Completada,900.0,0
V000183,C01034,P016,2025-09-06,5,Tarjeta Crédito,Online,Devuelta,4500.0,0
V000184,C00530,P014,2025-02-18,1,Transferencia,Online,Devuelta,5500.0,0
V000185,C00260,P017,2025-03-15,1,Tarjeta Crédito,Marketplace,Completada,2200.0,0
V000186,C00409,P016,2025-02-03,3,Tarjeta Crédito,Online,Completada,4500.0,15
V000187,C00807,P027,2025-08-20,5,Tarjeta Débito,Online,Completada,6000.0,0
V000188,C01145,P015,2025-02-21,5,Tarjeta Crédito,Online,Cancelada,2600.0,20
V000189,C00123,P007,2025-07-06,5,Transferencia,Online,Completada,1400.0,0
V000190,C00647,P017,2025-02-23,5,Tarjeta Débito,Tienda,Completada,2200.0,5
V000191,C00262,P029,2025-08-25,2,Transferencia,Online,Completada,350.0,15
V000192,C01112,P013,2025-01-25,1,Tarjeta Crédito,Marketplace,Cancelada,2200.0,15
V000193,C01099,P014,2025-10-21,3,Tarjeta Débito,Online,Cancelada,5500.0,5
V000194,C00146,P003,2025-01-30,3,Tarjeta Débito,Online,Completada,6500.0,20
V000195,C00127,P014,2025-08-09,2,Efectivo,Tienda,Completada,5500.0,5
V000196,C00574,P003,2025-11-09,2,Tarjeta Crédito,Tienda,Completada,6500.0,15
V000197,C00431,P009,2025-04-23,5,Tarjeta Crédito,Tienda,Devuelta,1300.0,20
V000198,C01199,P019,2025-05-06,3,Tarjeta Débito,Online,Cancelada,1800.0,5
V000199,C00686,P030,2025-10-01,4,Tarjeta Crédito,Marketplace,Completada,3200.0,10
V000200,C00615,P014,2025-04-28,2,Tarjeta Débito,Online,Devuelta,5500.0,0
V000201,C00031,P026,2025-07-21,1,Transferencia,Online,Cancelada,800.0,5
V000202,C00351,P027,2025-12-24,2,Transferencia,Online,Devuelta,6000.0,5
V000203,C00849,P011,2025-11-15,2,Tarjeta Crédito,Online,Devuelta,1800.0,0
V000204,C00857,P001,2025-07-05,4,Tarjeta Débito,Marketplace,Devuelta,22000.0,0
V000205,C00683,P015,2025-11-09,1,Transferencia,Tienda,Completada,2600.0,5
V000206,C00926,P022,2025-01-19,5,Transferencia,Marketplace,Completada,1200.0,0
V000207,C00856,P007,2025-11-20,1,Tarjeta Crédito,Online,Devuelta,1400.0,10
V000208,C01102,P021,2025-06-05,2,Tarjeta Débito,Tienda,Completada,11000.0,5
V000209,C00362,P024,2025-10-17,5,Tarjeta Débito,Online,Devuelta,14500.0,15
V000210,C00048,P017,2025-11-16,2,Transferencia,Tienda,Devuelta,2200.0,5
V000211,C00606,P021,2025-05-10,5,Tarjeta Crédito,Tienda,Cancelada,11000.0,10
V000212,C00007,P015,2025-10-22,5,Tarjeta Crédito,Marketplace,Cancelada,2600.0,10
V000213,C00012,P001,2025-01-18,4,Tarjeta Crédito,Tienda,Devuelta,22000.0,5
V000214,C01015,P030,2025-07-16,3,Tarjeta Débito,Online,Completada,3200.0,0
V000215,C00824,P001,2025-08-14,4,Tarjeta Débito,Online,Completada,22000.0,15
V000216,C00640,P022,2025-03-24,2,Tarjeta Débito,Online,Devuelta,1200.0,0
V000217,C00125,P019,2025-03-21,3,Tarjeta Crédito,Online,Devuelta,1800.0,20
V000218,C01078,P021,2025-08-03,1,Transferencia,Online,Completada,11000.0,20
V000219,C00449,P001,2025-09-23,5,Tarjeta Crédito,Tienda,Completada,22000.0,10
V000220,C00025,P029,2025-09-01,5,Tarjeta Crédito,Online,Devuelta,350.0,10
V000221,C00052,P001,2025-03-04,2,Tarjeta Crédito,Tienda,Completada,22000.0,0
V000222,C00860,P010,2025-12-26,5,Transferencia,Online,Completada,4500.0,0
V000223,C00832,P011,2025-02-18,2,Tarjeta Débito,Tienda,Completada,1800.0,10
V000224,C00836,P025,2025-02-08,2,Tarjeta Débito,Online,Cancelada,4200.0,20
V000225,C00765,P026,2025-04-29,3,Tarjeta Crédito,Tienda,Completada,800.0,15
V000226,C00304,P013,2025-10-15,4,Tarjeta Débito,Tienda,Cancelada,2200.0,0
V000227,C00550,P018,2025-06-02,5,Tarjeta Débito,Marketplace,Cancelada,900.0,0
V000228,C00859,P016,2025-06-09,2,Tarjeta Débito,Tienda,Completada,4500.0,5
V000229,C00760,P015,2025-03-08,3,Tarjeta Crédito,Marketplace,Cancelada,2600.0,0
V000230,C00583,P029,2025-12-09,4,Tarjeta Crédito,Online,Cancelada,350.0,0
V000231,C00205,P006,2025-02-26,1,Tarjeta Crédito,Online,Completada,1800.0,10
V000232,C00507,P023,2025-05-16,4,Tarjeta Crédito,Online,Completada,8500.0,10
V000233,C01131,P006,2025-02-14,2,Transferencia,Online,Completada,1800.0,0
V000234,C00348,P021,2025-05-30,1,Tarjeta Débito,Tienda,Completada,11000.0,15
V000235,C01002,P030,2025-08-21,1,Tarjeta Crédito,Online,Devuelta,3200.0,10
V000236,C00064,P004,2025-10-01,1,Tarjeta Crédito,Tienda,Cancelada,9000.0,10
V000237,C00857,P003,2025-06-26,5,Tarjeta Crédito,Tienda,Completada,6500.0,5
V000238,C00492,P008,2025-01-13,2,Tarjeta Débito,Marketplace,Completada,700.0,0
V000239,C00155,P013,2025-10-30,2,Tarjeta Crédito,Tienda,Completada,2200.0,0
V000240,C00182,P003,2025-05-03,3,Tarjeta Crédito,Marketplace,Cancelada,6500.0,0
V000241,C00073,P018,2025-01-23,1,Transferencia,Online,Completada,900.0,10
V000242,C00628,P019,2025-05-12,1,Efectivo,Online,Completada,1800.0,0
V000243,C00437,P016,2025-03-29,3,Tarjeta Débito,Tienda,Completada,4500.0,15
V000244,C00056,P005,2025-07-25,2,Transferencia,Tienda,Completada,12000.0,10
V000245,C00677,P029,2025-02-14,2,Tarjeta Crédito,Online,Cancelada,350.0,10
V000246,C00136,P006,2025-11-25,2,Tarjeta Débito,Online,Cancelada,1800.0,5
V000247,C00081,P012,2025-09-09,4,Efectivo,Marketplace,Devuelta,1700.0,10
V000248,C00935,P030,2025-07-15,1,Tarjeta Débito,Tienda,Completada,3200.0,0
V000249,C00632,P007,2025-03-21,2,Tarjeta Débito,Online,Completada,1400.0,10
V000250,C00983,P022,2025-12-30,2,Tarjeta Crédito,Tienda,Completada,1200.0,5
V000251,C00497,P001,2025-03-02,4,Tarjeta Crédito,Tienda,Completada,22000.0,5
V000252,C00589,P025,2025-02-19,3,Tarjeta Débito,Marketplace,Completada,4200.0,0
V000253,C00569,P027,2025-08-19,5,Tarjeta Crédito,Online,Completada,6000.0,0
V000254,C00604,P028,2025-05-02,4,Transferencia,Marketplace,Completada,250.0,0
V000255,C00077,P030,2025-11-14,1,Tarjeta Débito,Marketplace,Completada,3200.0,5
V000256,C00457,P020,2025-10-24,4,Transferencia,Marketplace,Completada,1500.0,0
V000257,C00958,P002,2025-12-20,3,Transferencia,Tienda,Completada,14000.0,10
V000258,C00599,P014,2025-06-05,1,Tarjeta Débito,Tienda,Completada,5500.0,5
V000259,C00536,P026,2025-03-24,2,Transferencia,Online,Completada,800.0,10
V000260,C01116,P015,2025-06-30,1,Tarjeta Crédito,Tienda,Devuelta,2600.0,0
V000261,C00567,P017,2025-07-12,5,Transferencia,Online,Completada,2200.0,0
V000262,C00222,P030,2025-10-30,3,Tarjeta Crédito,Marketplace,Completada,3200.0,15
V000263,C01147,P007,2025-07-11,5,Tarjeta Débito,Online,Completada,1400.0,0
V000264,C00118,P002,2025-03-07,2,Tarjeta Crédito,Online,Devuelta,14000.0,10
V000265,C00888,P027,2025-01-15,4,Tarjeta Débito,Tienda,Completada,6000.0,15
V000266,C00661,P020,2025-12-30,5,Transferencia,Marketplace,Completada,1500.0,5
V000267,C00523,P024,2025-03-03,1,Tarjeta Crédito,Online,Completada,14500.0,0
V000268,C00553,P003,2025-01-08,1,Transferencia,Tienda,Cancelada,6500.0,0
V000269,C01004,P005,2025-12-05,1,Tarjeta Crédito,Online,Completada,12000.0,0
V000270,C00109,P002,2025-05-24,3,Transferencia,Online,Cancelada,14000.0,10
V000271,C00882,P014,2025-04-02,5,Efectivo,Tienda,Cancelada,5500.0,5
V000272,C00215,P008,2025-01-24,5,Tarjeta Débito,Online,Completada,700.0,0
V000273,C00595,P002,2025-08-20,1,Transferencia,Online,Cancelada,14000.0,20
V000274,C00651,P028,2025-08-21,4,Transferencia,Marketplace,Completada,250.0,10
V000275,C00054,P022,2025-01-08,4,Tarjeta Débito,Marketplace,Cancelada,1200.0,15
V000276,C00771,P018,2025-10-25,1,Efectivo,Online,Devuelta,900.0,15
V000277,C00566,P003,2025-04-20,4,Tarjeta Débito,Online,Devuelta,6500.0,10
V000278,C00424,P026,2025-08-20,5,Tarjeta Crédito,Marketplace,Completada,800.0,5
V000279,C01196,P010,2025-07-09,5,Efectivo,Tienda,Completada,4500.0,5
V000280,C00794,P009,2025-03-10,1,Tarjeta Débito,Online,Devuelta,1300.0,10
V000281,C00578,P025,2025-05-27,4,Tarjeta Crédito,Online,Completada,4200.0,15
V000282,C00011,P008,2025-09-05,5,Tarjeta Crédito,Online,Devuelta,700.0,5
V000283,C00170,P003,2025-08-19,3,Tarjeta Débito,Tienda,Completada,6500.0,10
V000284,C00055,P022,2025-01-06,2,Tarjeta Débito,Tienda,Completada,1200.0,0
V000285,C00721,P009,2025-07-03,3,Tarjeta Débito,Online,Devuelta,1170.0,15
V000286,C01133,P020,2025-09-11,1,Tarjeta Débito,Online,Cancelada,1500.0,5
V000287,C00958,P014,2025-04-12,4,Tarjeta Crédito,Online,Completada,5500.0,5
V000288,C00749,P019,2025-01-10,1,Tarjeta Crédito,Online,Completada,1800.0,10
V000289,C00541,P011,2025-12-27,4,Tarjeta Crédito,Tienda,Completada,1800.0,10
V000290,C00970,P006,2025-07-03,2,Tarjeta Débito,Marketplace,Devuelta,1800.0,5
V000291,C00380,P020,2025-02-03,4,Tarjeta Crédito,Tienda,Completada,1500.0,20
V000292,C01038,P018,2025-11-17,1,Tarjeta Débito,Online,Completada,900.0,5
V000293,C01116,P017,2025-07-02,1,Tarjeta Crédito,Marketplace,Cancelada,2200.0,15
V000294,C00387,P014,2025-08-17,5,Tarjeta Crédito,Tienda,Completada,5500.0,5
V000295,C00713,P017,2025-11-01,4,Tarjeta Crédito,Tienda,Completada,2200.0,5
V000296,C01137,P023,2025-04-14,5,Tarjeta Débito,Tienda,Devuelta,8500.0,0
V000297,C00027,P025,2025-03-30,3,Tarjeta Crédito,Online,Completada,4200.0,5
V000298,C00169,P007,2025-03-24,5,Efectivo,Tienda,Completada,1400.0,10
V000299,C00340,P008,2025-03-30,2,Tarjeta Crédito,Tienda,Devuelta,700.0,0
V000300,C00892,P005,2025-06-09,3,Tarjeta Crédito,Tienda,Completada,12000.0,5
V000301,C00737,P004,2025-10-08,1,Tarjeta Débito,Online,Completada,9000.0,0
V000302,C00588,P012,2025-09-02,2,Transferencia,Marketplace,Cancelada,1700.0,10
V000303,C00355,P016,2025-12-31,2,Tarjeta Crédito,Tienda,Completada,4500.0,10
V000304,C00970,P010,2025-06-27,3,Tarjeta Crédito,Tienda,Completada,4500.0,0
V000305,C00083,P014,2025-10-24,3,Tarjeta Crédito,Tienda,Completada,5500.0,5
V000306,C00719,P030,2025-02-21,4,Transferencia,Online,Completada,3200.0,10
V000307,C00110,P007,2025-07-11,3,Tarjeta Crédito,Online,Completada,1400.0,5
V000308,C00988,P013,2025-07-12,4,Tarjeta Crédito,Online,Completada,2200.0,15
V000309,C00818,P021,2025-09-13,1,Tarjeta Crédito,Tienda,Completada,11000.0,5
V000310,C00304,P012,2025-02-16,4,Tarjeta Débito,Marketplace,Completada,1700.0,0
V000311,C00690,P011,2025-01-26,3,Tarjeta Crédito,Tienda,Completada,1800.0,15
V000312,C00431,P024,2025-01-27,1,Tarjeta Débito,Marketplace,Devuelta,14500.0,10
V000313,C00911,P003,2025-11-08,4,Tarjeta Débito,Online,Devuelta,6500.0,0
V000314,C01023,P026,2025-06-15,3,Tarjeta Crédito,Online,Devuelta,800.0,5
V000315,C00009,P003,2025-09-06,3,Efectivo,Marketplace,Devuelta,6500.0,0
V000316,C00938,P001,2025-01-25,4,Tarjeta Crédito,Marketplace,Completada,22000.0,15
V000317,C00947,P008,2025-06-05,3,Tarjeta Débito,Tienda,Cancelada,700.0,5
V000318,C01001,P005,2025-01-23,3,Tarjeta Débito,Online,Devuelta,12000.0,0
V000319,C00481,P012,2025-12-20,5,Tarjeta Débito,Online,Cancelada,1700.0,5
V000320,C00310,P019,2025-12-09,5,Tarjeta Crédito,Online,Completada,1800.0,10
V000321,C00107,P028,2025-06-24,4,Tarjeta Débito,Online,Cancelada,250.0,0
V000322,C00469,P012,2025-11-16,4,Transferencia,Tienda,Devuelta,1700.0,0
V000323,C00624,P001,2025-01-20,2,Tarjeta Débito,Online,Cancelada,22000.0,10
V000324,C00016,P011,2025-08-09,4,Efectivo,Online,Completada,1800.0,0
V000325,C00671,P024,2025-07-08,3,Tarjeta Débito,Online,Cancelada,14500.0,20
V000326,C00227,P015,2025-05-27,4,Tarjeta Débito,Tienda,Devuelta,2600.0,10
V000327,C01145,P017,2025-02-05,2,Efectivo,Online,Completada,2200.0,5
V000328,C00435,P007,2025-01-28,5,Efectivo,Online,Cancelada,1400.0,5
V000329,C01129,P004,2025-11-19,2,Tarjeta Crédito,Tienda,Completada,9000.0,0
V000330,C01152,P022,2025-12-15,1,Transferencia,Online,Devuelta,1200.0,20
V000331,C00933,P019,2025-06-17,5,Efectivo,Online,Devuelta,1800.0,15
V000332,C00012,P003,2025-05-25,3,Tarjeta Crédito,Online,Cancelada,6500.0,15
V000333,C00455,P005,2025-09-14,3,Tarjeta Crédito,Tienda,Devuelta,12000.0,20
V000334,C00643,P003,2025-04-30,1,Transferencia,Marketplace,Cancelada,6500.0,0
V000335,C00781,P017,2025-04-27,1,Transferencia,Online,Cancelada,2200.0,0
V000336,C01044,P028,2025-04-05,2,Tarjeta Crédito,Online,Completada,250.0,10
V000337,C00857,P016,2025-05-07,4,Tarjeta Crédito,Tienda,Devuelta,4500.0,15
V000338,C00393,P024,2025-06-14,5,Transferencia,Marketplace,Completada,14500.0,10
V000339,C00719,P019,2025-01-03,2,Tarjeta Crédito,Tienda,Completada,1800.0,10
V000340,C00537,P012,2025-06-17,1,Efectivo,Online,Completada,1700.0,15
V000341,C00214,P006,2025-11-09,4,Transferencia,Online,Completada,1800.0,0
V000342,C00455,P006,2025-10-30,4,Tarjeta Crédito,Tienda,Cancelada,1800.0,0
V000343,C00535,P010,2025-12-13,5,Tarjeta Débito,Tienda,Completada,4500.0,5
V000344,C01042,P020,2025-04-23,1,Tarjeta Crédito,Marketplace,Cancelada,1500.0,10
V000345,C00463,P008,2025-07-03,3,Tarjeta Débito,Online,Devuelta,700.0,5
V000346,C00823,P021,2025-06-19,2,Tarjeta Crédito,Marketplace,Completada,11000.0,10
V000347,C00983,P003,2025-06-29,5,Tarjeta Crédito,Tienda,Cancelada,6500.0,5
V000348,C00068,P028,2025-06-08,3,Tarjeta Crédito,Marketplace,Completada,250.0,10
V000349,C00261,P018,2025-09-09,4,Tarjeta Crédito,Online,Cancelada,900.0,5
V000350,C00553,P015,2025-08-12,1,Tarjeta Débito,Marketplace,Completada,2080.0,5
V000351,C00503,P030,2025-06-27,5,Transferencia,Marketplace,Completada,3200.0,5
V000352,C01123,P030,2025-01-26,5,Tarjeta Débito,Online,Completada,3200.0,0
V000353,C00999,P005,2025-10-24,3,Tarjeta Crédito,Online,Cancelada,12000.0,0
V000354,C00666,P003,2025-08-20,1,Tarjeta Crédito,Tienda,Cancelada,6500.0,10
V000355,C00731,P024,2025-08-10,4,Tarjeta Débito,Marketplace,Completada,14500.0,0
V000356,C00068,P013,2025-04-30,4,Tarjeta Crédito,Online,Devuelta,2200.0,5
V000357,C00777,P003,2025-07-25,2,Tarjeta Débito,Online,Completada,6500.0,20
V000358,C01193,P030,2025-03-04,3,Tarjeta Débito,Tienda,Completada,3200.0,15
V000359,C00706,P016,2025-12-05,1,Tarjeta Crédito,Marketplace,Completada,4500.0,15
V000360,C00676,P024,2025-06-19,5,Tarjeta Crédito,Online,Completada,14500.0,10
V000361,C00876,P030,2025-02-08,4,Tarjeta Crédito,Tienda,Completada,3200.0,10
V000362,C00777,P019,2025-05-03,4,Tarjeta Crédito,Online,Cancelada,1800.0,0
V000363,C01110,P005,2025-09-23,3,Tarjeta Débito,Online,Completada,12000.0,0
V000364,C00409,P028,2025-02-23,5,Tarjeta Crédito,Tienda,Completada,250.0,10
V000365,C01096,P016,2025-11-02,5,Transferencia,Online,Completada,4500.0,0
V000366,C00296,P016,2025-03-28,5,Tarjeta Crédito,Marketplace,Completada,4500.0,0
V000367,C01014,P009,2025-10-12,4,Tarjeta Crédito,Tienda,Completada,1300.0,5
V000368,C00835,P016,2025-04-04,3,Tarjeta Débito,Tienda,Devuelta,4500.0,0
V000369,C00055,P015,2025-11-07,5,Tarjeta Crédito,Online,Completada,2600.0,0
V000370,C01098,P007,2025-12-17,5,Tarjeta Débito,Marketplace,Cancelada,1400.0,5
V000371,C00540,P024,2025-06-15,1,Efectivo,Online,Devuelta,14500.0,5
V000372,C00883,P028,2025-09-19,3,Tarjeta Débito,Online,Completada,250.0,0
V000373,C00828,P029,2025-06-13,5,Tarjeta Débito,Marketplace,Completada,350.0,0
V000374,C00195,P012,2025-07-16,4,Tarjeta Crédito,Online,Completada,1700.0,20
V000375,C00488,P017,2025-12-11,2,Transferencia,Online,Completada,2200.0,15
V000376,C00245,P028,2025-01-19,2,Transferencia,Online,Completada,250.0,10
V000377,C00990,P001,2025-11-23,1,Tarjeta Crédito,Tienda,Completada,22000.0,10
V000378,C00933,P028,2025-03-20,3,Tarjeta Débito,Online,Completada,250.0,10
V000379,C00404,P023,2025-09-11,3,Tarjeta Débito,Marketplace,Devuelta,8500.0,5
V000380,C00327,P009,2025-10-30,5,Transferencia,Online,Completada,1300.0,0
V000381,C00285,P012,2025-09-19,4,Tarjeta Crédito,Online,Devuelta,1700.0,0
V000382,C01155,P026,2025-12-23,3,Tarjeta Crédito,Tienda,Completada,800.0,5
V000383,C00647,P022,2025-05-01,1,Transferencia,Tienda,Completada,1200.0,15
V000384,C00736,P029,2025-12-17,4,Tarjeta Crédito,Tienda,Completada,350.0,0
V000385,C00172,P008,2025-09-30,2,Tarjeta Débito,Tienda,Completada,700.0,0
V000386,C00978,P008,2025-10-29,2,Tarjeta Débito,Online,Devuelta,700.0,20
V000387,C00479,P013,2025-01-08,5,Transferencia,Online,Cancelada,2200.0,10
V000388,C00351,P007,2025-12-26,5,Tarjeta Débito,Tienda,Cancelada,1400.0,0
V000389,C00494,P005,2025-02-08,3,Transferencia,Online,Cancelada,12000.0,0
V000390,C00228,P023,2025-06-02,5,Tarjeta Débito,Tienda,Completada,8500.0,20
V000391,C00292,P024,2025-06-04,1,Tarjeta Crédito,Online,Completada,14500.0,0
V000392,C00436,P010,2025-12-25,3,Tarjeta Débito,Online,Cancelada,4500.0,0
V000393,C00052,P004,2025-09-26,5,Tarjeta Crédito,Marketplace,Completada,9000.0,10
V000394,C01055,P024,2025-07-17,1,Tarjeta Crédito,Online,Cancelada,14500.0,5
V000395,C00686,P004,2025-01-04,1,Tarjeta Crédito,Tienda,Cancelada,9000.0,10
V000396,C00707,P018,2025-08-31,1,Tarjeta Crédito,Online,Completada,900.0,0
V000397,C00370,P022,2025-10-27,3,Tarjeta Crédito,Marketplace,Completada,1200.0,10
V000398,C00673,P026,2025-04-21,2,Tarjeta Débito,Tienda,Devuelta,800.0,10
V000399,C00735,P030,2025-06-05,3,Tarjeta Débito,Online,Devuelta,3200.0,0
V000400,C00807,P024,2025-11-02,4,Tarjeta Débito,Marketplace,Devuelta,14500.0,20
V000401,C00905,P003,2025-12-16,1,Tarjeta Crédito,Marketplace,Completada,6500.0,10
V000402,C00684,P018,2025-04-20,1,Efectivo,Online,Completada,900.0,20
V000403,C00385,P002,2025-10-20,5,Transferencia,Tienda,Devuelta,14000.0,10
V000404,C00957,P030,2025-09-20,4,Tarjeta Crédito,Marketplace,Completada,3200.0,5
V000405,C00484,P018,2025-01-06,1,Transferencia,Online,Devuelta,900.0,5
V000406,C00332,P028,2025-04-13,4,Tarjeta Débito,Online,Completada,250.0,0
V000407,C01059,P002,2025-12-24,2,Tarjeta Crédito,Online,Completada,14000.0,15
V000408,C01039,P003,2025-08-13,5,Tarjeta Débito,Tienda,Completada,6500.0,0
V000409,C00327,P012,2025-10-25,1,Tarjeta Débito,Online,Completada,1700.0,10
V000410,C00197,P003,2025-02-27,4,Tarjeta Débito,Tienda,Completada,6500.0,0
V000411,C00004,P014,2025-06-25,3,Transferencia,Online,Completada,5500.0,0
V000412,C00116,P008,2025-09-10,3,Tarjeta Crédito,Tienda,Cancelada,700.0,0
V000413,C00320,P018,2025-06-18,4,Tarjeta Débito,Online,Devuelta,900.0,0
V000414,C01103,P017,2025-06-02,1,Tarjeta Débito,Marketplace,Completada,2200.0,0
V000415,C00467,P019,2025-06-15,4,Tarjeta Débito,Tienda,Completada,1800.0,10
V000416,C00812,P019,2025-09-10,5,Tarjeta Crédito,Tienda,Cancelada,1800.0,0
V000417,C00210,P027,2025-06-30,3,Efectivo,Online,Completada,6000.0,0
V000418,C00179,P028,2025-11-03,1,Tarjeta Crédito,Online,Completada,250.0,10
V000419,C00954,P004,2025-11-22,3,Tarjeta Crédito,Online,Devuelta,9000.0,0
V000420,C00164,P016,2025-01-03,5,Transferencia,Tienda,Completada,4500.0,0
V000421,C01169,P013,2025-05-03,5,Tarjeta Débito,Online,Completada,2200.0,0
V000422,C00659,P021,2025-01-21,1,Tarjeta Crédito,Marketplace,Devuelta,12100.000000000002,0
V000423,C00655,P020,2025-08-09,3,Tarjeta Crédito,Online,Completada,1500.0,15
V000424,C00780,P019,2025-04-23,4,Tarjeta Débito,Tienda,Completada,1800.0,15
V000425,C00956,P002,2025-10-12,1,Tarjeta Crédito,Online,Completada,14000.0,0
V000426,C00318,P008,2025-06-07,1,Tarjeta Crédito,Online,Completada,700.0,20
V000427,C00089,P026,2025-10-11,1,Tarjeta Crédito,Online,Completada,800.0,0
V000428,C01073,P023,2025-06-07,2,Tarjeta Crédito,Online,Devuelta,8500.0,15
V000429,C00994,P010,2025-02-16,4,Transferencia,Tienda,Completada,4500.0,0
V000430,C00955,P020,2025-04-07,5,Tarjeta Débito,Tienda,Completada,1500.0,10
V000431,C00684,P006,2025-09-16,2,Tarjeta Débito,Tienda,Devuelta,1800.0,20
V000432,C01113,P030,2025-05-04,4,Tarjeta Débito,Tienda,Completada,3200.0,0
V000433,C00192,P026,2025-06-02,5,Tarjeta Crédito,Tienda,Devuelta,800.0,10
V000434,C00450,P002,2025-10-05,4,Tarjeta Crédito,Online,Completada,14000.0,0
V000435,C00725,P010,2025-12-15,4,Tarjeta Crédito,Online,Completada,4500.0,0
V000436,C00391,P017,2025-12-27,4,Tarjeta Débito,Online,Completada,2200.0,0
V000437,C01028,P013,2025-09-10,1,Tarjeta Débito,Online,Completada,2200.0,5
V000438,C00364,P019,2025-05-23,1,Tarjeta Débito,Tienda,Completada,1800.0,5
V000439,C00520,P023,2025-03-02,4,Tarjeta Débito,Online,Devuelta,8500.0,10
V000440,C01190,P010,2025-12-25,3,Transferencia,Online,Completada,4500.0,0
V000441,C00129,P026,2025-02-18,2,Tarjeta Crédito,Tienda,Completada,800.0,0
V000442,C00955,P028,2025-12-13,3,Tarjeta Débito,Online,Cancelada,250.0,0
V000443,C00960,P014,2025-03-05,1,Tarjeta Crédito,Tienda,Completada,5500.0,0
V000444,C00563,P002,2025-09-07,5,Tarjeta Débito,Online,Devuelta,14000.0,5
V000445,C00793,P002,2025-06-30,3,Efectivo,Tienda,Cancelada,14000.0,0
V000446,C00392,P017,2025-07-11,3,Tarjeta Débito,Marketplace,Cancelada,2200.0,5
V000447,C00282,P029,2025-02-21,2,Tarjeta Débito,Online,Completada,350.0,0
V000448,C00630,P010,2025-07-12,1,Tarjeta Crédito,Online,Cancelada,4500.0,0
V000449,C00838,P005,2025-02-07,1,Tarjeta Débito,Marketplace,Completada,12000.0,5
V000450,C00186,P030,2025-06-21,3,Transferencia,Online,Cancelada,3200.0,0
V000451,C00947,P027,2025-03-07,3,Tarjeta Débito,Online,Completada,6000.0,0
V000452,C00585,P003,2025-12-21,5,Tarjeta Crédito,Marketplace,Devuelta,6500.0,5
V000453,C00843,P017,2025-05-22,2,Tarjeta Débito,Online,Completada,2200.0,10
V000454,C00394,P001,2025-01-13,1,Tarjeta Débito,Online,Completada,22000.0,0
V000455,C00915,P001,2025-12-03,4,Tarjeta Crédito,Online,Cancelada,22000.0,10
V000456,C00328,P021,2025-07-11,1,Transferencia,Tienda,Cancelada,11000.0,0
V000457,C00656,P016,2025-10-05,3,Tarjeta Crédito,Online,Completada,4500.0,10
V000458,C00446,P016,2025-06-27,5,Tarjeta Crédito,Tienda,Completada,4500.0,5
V000459,C01074,P013,2025-03-28,3,Tarjeta Débito,Marketplace,Devuelta,2200.0,0
V000460,C00410,P008,2025-05-20,2,Efectivo,Tienda,Completada,700.0,0
V000461,C00653,P020,2025-10-28,3,Transferencia,Tienda,Completada,1500.0,0
V000462,C00616,P017,2025-09-21,2,Tarjeta Crédito,Tienda,Devuelta,2200.0,10
V000463,C00344,P021,2025-11-23,1,Transferencia,Online,Devuelta,11000.0,0
V000464,C00201,P010,2025-10-15,3,Tarjeta Débito,Marketplace,Devuelta,4500.0,10
V000465,C00333,P027,2025-08-26,1,Tarjeta Débito,Online,Completada,6000.0,0
V000466,C01096,P029,2025-12-01,3,Tarjeta Débito,Online,Cancelada,350.0,0
V000467,C00126,P017,2025-09-22,1,Transferencia,Tienda,Completada,2200.0,10
V000468,C00555,P022,2025-01-10,1,Transferencia,Tienda,Completada,1200.0,5
V000469,C00495,P006,2025-03-30,2,Tarjeta Crédito,Marketplace,Devuelta,1800.0,15
V000470,C01152,P015,2025-05-20,5,Transferencia,Tienda,Devuelta,2600.0,0
V000471,C00150,P029,2025-03-24,4,Efectivo,Online,Cancelada,350.0,5
V000472,C00252,P008,2025-05-24,3,Tarjeta Crédito,Tienda,Completada,700.0,5
V000473,C00674,P011,2025-05-25,2,Tarjeta Débito,Online,Cancelada,1800.0,10
V000474,C00598,P008,2025-01-16,4,Tarjeta Débito,Marketplace,Completada,700.0,15
V000475,C01195,P012,2025-01-27,2,Tarjeta Débito,Tienda,Completada,1700.0,0
V000476,C01005,P023,2025-03-08,4,Tarjeta Débito,Online,Completada,8500.0,0
V000477,C01002,P024,2025-08-12,4,Tarjeta Crédito,Online,Completada,14500.0,10
V000478,C01089,P018,2025-04-09,3,Tarjeta Débito,Tienda,Cancelada,900.0,5
V000479,C00411,P026,2025-06-02,1,Tarjeta Crédito,Tienda,Completada,800.0,15
V000480,C00652,P010,2025-07-25,2,Tarjeta Crédito,Online,Completada,4500.0,10
V000481,C00181,P020,2025-04-02,4,Tarjeta Crédito,Online,Devuelta,1500.0,20
V000482,C00189,P014,2025-01-01,1,Tarjeta Crédito,Marketplace,Cancelada,5500.0,15
V000483,C00651,P001,2025-09-27,3,Efectivo,Tienda,Completada,22000.0,5
V000484,C00681,P020,2025-06-03,5,Tarjeta Crédito,Tienda,Completada,1500.0,10
V000485,C00725,P027,2025-06-07,5,Transferencia,Marketplace,Completada,6000.0,5
V000486,C00626,P008,2025-07-11,5,Tarjeta Débito,Online,Cancelada,700.0,20
V000487,C00640,P017,2025-09-16,3,Efectivo,Marketplace,Completada,2200.0,0
V000488,C00649,P023,2025-08-07,5,Transferencia,Online,Completada,8500.0,0
V000489,C01036,P028,2025-12-12,3,Transferencia,Tienda,Devuelta,250.0,0
V000490,C00492,P028,2025-07-20,4,Transferencia,Marketplace,Completada,250.0,5
V000491,C00251,P003,2025-06-15,2,Efectivo,Tienda,Completada,6500.0,15
V000492,C00999,P003,2025-08-23,3,Transferencia,Marketplace,Cancelada,6500.0,0
V000493,C01175,P026,2025-10-28,2,Tarjeta Crédito,Tienda,Completada,800.0,10
V000494,C00764,P028,2025-12-25,1,Transferencia,Online,Completada,250.0,5
V000495,C00686,P020,2025-02-22,4,Tarjeta Débito,Online,Completada,1500.0,15
V000496,C00113,P020,2025-07-23,1,Tarjeta Crédito,Online,Devuelta,1500.0,5
V000497,C01052,P020,2025-05-14,3,Tarjeta Crédito,Online,Cancelada,1500.0,0
V000498,C01099,P017,2025-12-25,2,Tarjeta Débito,Online,Cancelada,2200.0,5
V000499,C00608,P004,2025-10-15,1,Tarjeta Crédito,Tienda,Completada,9000.0,5
V000500,C01002,P027,2025-09-19,5,Tarjeta Débito,Online,Completada,6000.0,0
V000501,C00794,P012,2025-03-19,3,Tarjeta Débito,Online,Completada,1700.0,10
V000502,C00180,P019,2025-11-07,2,Tarjeta Crédito,Online,Completada,1800.0,0
V000503,C00357,P016,2025-09-26,3,Tarjeta Crédito,Marketplace,Devuelta,4500.0,20
V000504,C00391,P017,2025-08-22,1,Efectivo,Tienda,Completada,2200.0,5
V000505,C00903,P010,2025-05-03,3,Tarjeta Crédito,Marketplace,Completada,4500.0,0
V000506,C00887,P026,2025-03-11,4,Tarjeta Débito,Online,Completada,800.0,0
V000507,C00412,P001,2025-10-01,3,Efectivo,Tienda,Completada,22000.0,10
V000508,C00161,P009,2025-04-25,3,Tarjeta Débito,Marketplace,Cancelada,1300.0,0
V000509,C00119,P024,2025-10-19,1,Tarjeta Débito,Tienda,Completada,14500.0,20
V000510,C00341,P016,2025-12-03,3,Transferencia,Marketplace,Completada,4500.0,5
V000511,C00332,P012,2025-01-16,5,Tarjeta Débito,Online,Completada,1700.0,15
V000512,C00657,P002,2025-08-04,1,Tarjeta Crédito,Tienda,Completada,14000.0,5
V000513,C00741,P025,2025-10-13,4,Transferencia,Tienda,Completada,4200.0,0
V000514,C00455,P007,2025-01-06,3,Tarjeta Débito,Tienda,Completada,1400.0,10
V000515,C01111,P016,2025-10-27,3,Tarjeta Débito,Online,Completada,4500.0,5
V000516,C01197,P008,2025-04-09,4,Transferencia,Tienda,Completada,700.0,20
V000517,C00544,P014,2025-11-09,3,Tarjeta Crédito,Marketplace,Completada,5500.0,5
V000518,C00670,P017,2025-03-23,4,Efectivo,Tienda,Completada,2200.0,0
V000519,C00335,P016,2025-01-08,1,Tarjeta Crédito,Tienda,Cancelada,4050.0,0
V000520,C01137,P006,2025-04-25,2,Tarjeta Débito,Marketplace,Cancelada,1800.0,10
V000521,C00957,P030,2025-05-26,2,Tarjeta Débito,Tienda,Completada,3200.0,15
V000522,C00689,P004,2025-03-18,2,Tarjeta Débito,Online,Completada,9000.0,5
V000523,C00316,P008,2025-09-23,2,Efectivo,Marketplace,Devuelta,700.0,10
V000524,C00852,P010,2025-04-28,5,Tarjeta Débito,Tienda,Completada,4500.0,0
V000525,C00987,P002,2025-06-15,5,Tarjeta Crédito,Online,Cancelada,14000.0,0
V000526,C00542,P011,2025-12-11,5,Tarjeta Crédito,Tienda,Completada,1800.0,0
V000527,C00826,P023,2025-02-06,4,Tarjeta Crédito,Tienda,Devuelta,8500.0,20
V000528,C00118,P023,2025-10-14,5,Tarjeta Crédito,Tienda,Cancelada,8500.0,15
V000529,C00958,P010,2025-06-26,2,Transferencia,Online,Completada,4500.0,10
V000530,C00004,P008,2025-12-14,3,Tarjeta Débito,Marketplace,Completada,700.0,0
V000531,C00780,P014,2025-03-15,2,Tarjeta Crédito,Marketplace,Cancelada,5500.0,5
V000532,C00121,P001,2025-09-28,5,Tarjeta Crédito,Tienda,Completada,22000.0,5
V000533,C00126,P014,2025-02-26,1,Tarjeta Crédito,Tienda,Devuelta,5500.0,5
V000534,C00315,P030,2025-10-26,5,Tarjeta Crédito,Tienda,Completada,3200.0,10
V000535,C01038,P027,2025-12-22,1,Transferencia,Tienda,Cancelada,6000.0,10
V000536,C00305,P023,2025-04-27,5,Efectivo,Marketplace,Completada,8500.0,10
V000537,C00302,P007,2025-03-26,5,Tarjeta Crédito,Marketplace,Completada,1400.0,0
V000538,C00069,P027,2025-03-26,4,Tarjeta Débito,Online,Completada,6000.0,0
V000539,C00905,P003,2025-09-14,5,Tarjeta Débito,Online,Devuelta,6500.0,10
V000540,C01030,P011,2025-09-16,4,Tarjeta Débito,Online,Completada,1800.0,5
V000541,C00761,P003,2025-06-21,4,Tarjeta Débito,Tienda,Devuelta,6500.0,5
V000542,C01121,P006,2025-01-14,1,Tarjeta Crédito,Online,Devuelta,1800.0,0
V000543,C00087,P007,2025-06-14,5,Tarjeta Crédito,Tienda,Completada,1400.0,0
V000544,C01156,P007,2025-02-09,2,Tarjeta Débito,Online,Devuelta,1400.0,0
V000545,C01041,P001,2025-02-12,3,Tarjeta Débito,Online,Completada,22000.0,0
V000546,C00003,P003,2025-09-14,1,Transferencia,Online,Cancelada,6500.0,0
V000547,C01091,P019,2025-08-08,2,Tarjeta Débito,Marketplace,Completada,1800.0,0
V000548,C00433,P026,2025-02-01,4,Tarjeta Crédito,Online,Completada,800.0,0
V000549,C00618,P008,2025-07-08,3,Tarjeta Débito,Online,Completada,700.0,0
V000550,C00740,P001,2025-05-21,5,Efectivo,Marketplace,Cancelada,22000.0,10
V000551,C00212,P021,2025-01-20,1,Efectivo,Online,Completada,11000.0,10
V000552,C01194,P028,2025-08-24,3,Tarjeta Débito,Online,Completada,250.0,5
V000553,C00293,P018,2025-08-21,4,Tarjeta Débito,Online,Cancelada,900.0,5
V000554,C00724,P030,2025-09-05,2,Transferencia,Tienda,Completada,3200.0,15
V000555,C01021,P006,2025-03-19,5,Transferencia,Marketplace,Completada,1800.0,15
V000556,C00883,P027,2025-05-22,5,Efectivo,Tienda,Completada,6000.0,0
V000557,C00474,P025,2025-10-28,3,Tarjeta Débito,Online,Devuelta,4200.0,10
V000558,C00796,P014,2025-03-14,1,Tarjeta Débito,Online,Completada,5500.0,5
V000559,C00799,P013,2025-06-24,5,Tarjeta Crédito,Tienda,Completada,2200.0,0
V000560,C00649,P001,2025-02-01,4,Tarjeta Débito,Online,Devuelta,26400.0,0
V000561,C00108,P017,2025-10-22,1,Efectivo,Tienda,Completada,2200.0,10
V000562,C01043,P011,2025-02-08,2,Tarjeta Débito,Tienda,Completada,1800.0,5
V000563,C01101,P008,2025-04-02,3,Transferencia,Tienda,Devuelta,700.0,20
V000564,C01141,P020,2025-10-12,3,Tarjeta Débito,Online,Devuelta,1500.0,0
V000565,C00209,P021,2025-09-08,4,Transferencia,Online,Devuelta,13200.0,0
V000566,C01058,P021,2025-02-08,3,Tarjeta Crédito,Tienda,Cancelada,11000.0,0
V000567,C00495,P004,2025-07-07,1,Tarjeta Débito,Marketplace,Completada,9000.0,0
V000568,C00916,P006,2025-11-30,1,Transferencia,Online,Completada,1800.0,0
V000569,C00799,P016,2025-06-08,5,Transferencia,Online,Completada,4500.0,0
V000570,C00356,P022,2025-05-16,5,Transferencia,Tienda,Completada,1200.0,0
V000571,C00805,P010,2025-09-18,4,Efectivo,Tienda,Devuelta,4500.0,0
V000572,C00994,P018,2025-10-04,4,Tarjeta Débito,Marketplace,Completada,900.0,5
V000573,C00599,P025,2025-12-21,3,Tarjeta Débito,Tienda,Completada,4200.0,5
V000574,C00416,P012,2025-01-05,5,Tarjeta Crédito,Tienda,Cancelada,1700.0,0
V000575,C00409,P008,2025-02-01,5,Tarjeta Débito,Online,Completada,700.0,10
V000576,C00495,P021,2025-03-06,1,Tarjeta Crédito,Online,Completada,11000.0,5
V000577,C00178,P013,2025-11-17,2,Tarjeta Crédito,Tienda,Cancelada,2200.0,10
V000578,C00503,P011,2025-06-07,3,Tarjeta Crédito,Tienda,Cancelada,1800.0,0
V000579,C00072,P019,2025-05-06,4,Tarjeta Débito,Online,Devuelta,1800.0,0
V000580,C00414,P003,2025-12-24,2,Tarjeta Débito,Online,Cancelada,6500.0,5
V000581,C00994,P022,2025-02-10,5,Tarjeta Crédito,Tienda,Completada,1200.0,5
V000582,C00280,P011,2025-10-27,4,Tarjeta Crédito,Tienda,Cancelada,1800.0,10
V000583,C01076,P009,2025-07-12,4,Tarjeta Débito,Marketplace,Completada,1300.0,0
V000584,C00973,P008,2025-01-05,3,Tarjeta Débito,Online,Completada,700.0,0
V000585,C00130,P030,2025-11-25,2,Tarjeta Crédito,Marketplace,Cancelada,3200.0,5
V000586,C00130,P013,2025-05-23,4,Efectivo,Tienda,Completada,2200.0,10
V000587,C00697,P019,2025-08-23,3,Tarjeta Crédito,Tienda,Devuelta,1800.0,10
V000588,C00897,P013,2025-12-29,4,Tarjeta Crédito,Online,Devuelta,2200.0,15
V000589,C00456,P017,2025-12-07,3,Transferencia,Tienda,Devuelta,2200.0,15
V000590,C00546,P018,2025-03-14,3,Tarjeta Débito,Online,Completada,900.0,15
V000591,C00362,P012,2025-07-14,2,Tarjeta Crédito,Tienda,Devuelta,1700.0,0
V000592,C01123,P002,2025-04-11,1,Tarjeta Crédito,Marketplace,Cancelada,14000.0,0
V000593,C00688,P021,2025-05-12,2,Transferencia,Tienda,Devuelta,11000.0,10
V000594,C00295,P016,2025-11-01,4,Tarjeta Crédito,Online,Devuelta,4500.0,0
V000595,C00932,P006,2025-02-03,3,Tarjeta Crédito,Online,Completada,1800.0,20
V000596,C00004,P026,2025-12-26,4,Tarjeta Crédito,Tienda,Completada,800.0,10
V000597,C00779,P012,2025-05-08,1,Transferencia,Online,Completada,1700.0,5
V000598,C00619,P023,2025-05-07,3,Tarjeta Débito,Online,Cancelada,8500.0,10
V000599,C00938,P009,2025-05-27,3,Tarjeta Crédito,Online,Completada,1300.0,0
V000600,C00589,P013,2025-07-28,3,Transferencia,Marketplace,Completada,2200.0,5
V000601,C00909,P023,2025-11-04,1,Efectivo,Online,Devuelta,8500.0,0
V000602,C00686,P029,2025-12-08,2,Tarjeta Débito,Online,Completada,350.0,10
V000603,C00867,P008,2025-02-17,4,Tarjeta Crédito,Online,Cancelada,700.0,5
V000604,C00859,P024,2025-08-28,5,Tarjeta Crédito,Online,Cancelada,14500.0,5
V000605,C00688,P010,2025-03-29,1,Tarjeta Débito,Online,Devuelta,4500.0,10
V000606,C01090,P024,2025-11-27,1,Efectivo,Marketplace,Devuelta,14500.0,10
V000607,C00865,P012,2025-12-29,2,Transferencia,Marketplace,Completada,1700.0,0
V000608,C00299,P020,2025-08-20,3,Tarjeta Débito,Online,Devuelta,1500.0,10
V000609,C01041,P002,2025-10-22,1,Efectivo,Marketplace,Completada,14000.0,0
V000610,C00320,P021,2025-05-28,1,Tarjeta Crédito,Tienda,Completada,11000.0,20
V000611,C00442,P012,2025-10-28,1,Tarjeta Débito,Marketplace,Completada,1530.0,15
V000612,C00724,P011,2025-05-01,2,Tarjeta Crédito,Tienda,Completada,1800.0,5
V000613,C00737,P004,2025-08-06,4,Transferencia,Marketplace,Cancelada,9000.0,5
V000614,C00991,P028,2025-01-09,2,Tarjeta Crédito,Online,Completada,250.0,5
V000615,C00063,P012,2025-11-21,1,Efectivo,Online,Devuelta,1700.0,10
V000616,C00950,P028,2025-04-17,4,Tarjeta Crédito,Online,Devuelta,250.0,10
V000617,C00113,P022,2025-11-07,5,Tarjeta Débito,Online,Completada,1200.0,5
V000618,C01197,P017,2025-01-13,2,Tarjeta Crédito,Marketplace,Devuelta,2200.0,10
V000619,C00527,P009,2025-06-17,4,Tarjeta Crédito,Online,Devuelta,1300.0,15
V000620,C00596,P003,2025-04-21,4,Transferencia,Marketplace,Completada,6500.0,20
V000621,C00835,P014,2025-10-07,4,Tarjeta Débito,Marketplace,Cancelada,5500.0,0
V000622,C00779,P012,2025-05-20,4,Tarjeta Débito,Marketplace,Devuelta,1700.0,10
V000623,C01078,P010,2025-05-31,3,Tarjeta Crédito,Tienda,Completada,4500.0,5
V000624,C00942,P004,2025-04-10,4,Transferencia,Tienda,Cancelada,9000.0,5
V000625,C00136,P019,2025-10-05,2,Efectivo,Online,Devuelta,1800.0,5
V000626,C00781,P026,2025-02-07,3,Tarjeta Débito,Online,Completada,800.0,20
V000627,C00841,P027,2025-10-23,3,Tarjeta Crédito,Tienda,Devuelta,6000.0,0
V000628,C00367,P027,2025-07-02,3,Tarjeta Débito,Online,Completada,6000.0,5
V000629,C00836,P013,2025-12-09,2,Tarjeta Crédito,Online,Devuelta,2200.0,5
V000630,C01076,P002,2025-03-15,2,Tarjeta Crédito,Online,Completada,14000.0,15
V000631,C01077,P016,2025-08-23,5,Tarjeta Crédito,Online,Completada,4500.0,0
V000632,C00774,P023,2025-11-17,5,Transferencia,Tienda,Completada,8500.0,0
V000633,C00711,P027,2025-12-27,2,Tarjeta Crédito,Online,Completada,6000.0,15
V000634,C00902,P021,2025-08-30,5,Transferencia,Tienda,Completada,11000.0,10
V000635,C00792,P021,2025-07-24,5,Tarjeta Crédito,Online,Completada,11000.0,0
V000636,C00399,P028,2025-10-29,3,Tarjeta Crédito,Online,Completada,250.0,5
V000637,C00047,P014,2025-02-04,2,Tarjeta Crédito,Online,Devuelta,5500.0,0
V000638,C00224,P005,2025-02-08,3,Tarjeta Crédito,Online,Cancelada,12000.0,10
V000639,C00363,P019,2025-03-11,5,Transferencia,Online,Cancelada,1800.0,0
V000640,C00188,P026,2025-09-06,5,Tarjeta Crédito,Online,Devuelta,800.0,5
V000641,C00819,P015,2025-01-17,1,Tarjeta Débito,Tienda,Completada,2600.0,5
V000642,C00434,P011,2025-09-21,4,Efectivo,Online,Completada,1800.0,0
V000643,C00825,P015,2025-12-21,2,Tarjeta Débito,Tienda,Cancelada,2600.0,0
V000644,C00891,P022,2025-06-10,3,Transferencia,Online,Completada,1200.0,15
V000645,C00439,P010,2025-08-27,2,Transferencia,Online,Devuelta,4500.0,0
V000646,C00633,P007,2025-06-14,1,Tarjeta Débito,Online,Cancelada,1400.0,0
V000647,C00477,P006,2025-11-28,3,Transferencia,Online,Completada,1800.0,5
V000648,C00122,P013,2025-09-29,2,Tarjeta Débito,Online,Cancelada,2200.0,20
V000649,C00422,P010,2025-03-09,3,Efectivo,Online,Completada,4500.0,0
V000650,C00885,P020,2025-05-29,1,Tarjeta Crédito,Online,Completada,1500.0,5
V000651,C00754,P025,2025-03-28,3,Transferencia,Tienda,Cancelada,4200.0,5
V000652,C00641,P003,2025-09-06,1,Tarjeta Crédito,Tienda,Devuelta,6500.0,0
V000653,C01135,P006,2025-04-03,5,Transferencia,Tienda,Cancelada,1800.0,0
V000654,C00824,P006,2025-10-01,2,Tarjeta Crédito,Tienda,Completada,1800.0,0
V000655,C00900,P030,2025-12-02,2,Tarjeta Crédito,Tienda,Devuelta,3200.0,0
V000656,C00290,P006,2025-07-08,2,Efectivo,Tienda,Cancelada,1800.0,0
V000657,C00460,P023,2025-01-12,2,Tarjeta Crédito,Online,Completada,8500.0,0
V000658,C00835,P023,2025-08-29,4,Tarjeta Crédito,Marketplace,Devuelta,8500.0,0
V000659,C00709,P008,2025-09-14,1,Tarjeta Crédito,Online,Devuelta,700.0,15
V000660,C00141,P025,2025-12-20,4,Tarjeta Débito,Marketplace,Cancelada,4200.0,5
V000661,C00549,P010,2025-09-08,4,Tarjeta Crédito,Online,Cancelada,4500.0,0
V000662,C00315,P008,2025-10-05,1,Tarjeta Crédito,Online,Completada,700.0,10
V000663,C01177,P002,2025-01-26,4,Tarjeta Crédito,Online,Completada,14000.0,0
V000664,C01123,P009,2025-07-25,5,Transferencia,Tienda,Devuelta,1300.0,0
V000665,C00923,P028,2025-12-31,3,Transferencia,Online,Devuelta,250.0,5
V000666,C00828,P020,2025-03-18,3,Transferencia,Tienda,Completada,1500.0,5
V000667,C00101,P027,2025-12-15,1,Transferencia,Marketplace,Completada,6000.0,0
V000668,C00708,P008,2025-11-24,2,Transferencia,Online,Completada,700.0,0
V000669,C00775,P012,2025-12-26,2,Transferencia,Marketplace,Devuelta,1700.0,0
V000670,C01062,P007,2025-03-08,1,Tarjeta Crédito,Online,Devuelta,1400.0,0
V000671,C00965,P019,2025-03-23,1,Tarjeta Débito,Online,Devuelta,1620.0,15
V000672,C00945,P015,2025-10-16,3,Tarjeta Débito,Marketplace,Completada,2600.0,10
V000673,C00747,P024,2025-09-06,1,Tarjeta Crédito,Tienda,Completada,14500.0,5
V000674,C00461,P029,2025-05-16,5,Tarjeta Débito,Online,Completada,350.0,0
V000675,C00965,P008,2025-10-11,1,Tarjeta Crédito,Online,Devuelta,700.0,15
V000676,C00775,P008,2025-12-02,4,Transferencia,Tienda,Completada,700.0,0
V000677,C01186,P003,2025-01-28,1,Efectivo,Marketplace,Cancelada,6500.0,5
V000678,C00387,P009,2025-03-23,2,Tarjeta Crédito,Online,Devuelta,1300.0,15
V000679,C00918,P008,2025-01-31,1,Tarjeta Crédito,Tienda,Devuelta,700.0,20
V000680,C00431,P014,2025-03-12,5,Tarjeta Débito,Online,Cancelada,5500.0,20
V000681,C00509,P020,2025-02-26,3,Tarjeta Débito,Tienda,Completada,1800.0,5
V000682,C00929,P023,2025-04-29,4,Tarjeta Crédito,Online,Cancelada,8500.0,0
V000683,C01033,P019,2025-06-29,3,Tarjeta Débito,Tienda,Cancelada,1800.0,0
V000684,C00718,P018,2025-06-27,2,Efectivo,Tienda,Completada,900.0,5
V000685,C00880,P005,2025-09-09,5,Tarjeta Crédito,Marketplace,Completada,12000.0,0
V000686,C00399,P001,2025-09-28,1,Tarjeta Débito,Marketplace,Completada,22000.0,0
V000687,C01174,P015,2025-03-22,2,Efectivo,Tienda,Cancelada,2600.0,15
V000688,C00478,P015,2025-08-29,2,Transferencia,Online,Completada,2600.0,5
V000689,C00876,P008,2025-04-09,5,Tarjeta Débito,Online,Cancelada,700.0,10
V000690,C00776,P029,2025-08-15,1,Tarjeta Débito,Online,Completada,350.0,0
V000691,C00542,P025,2025-07-17,1,Tarjeta Crédito,Online,Cancelada,4200.0,15
V000692,C00912,P004,2025-12-10,3,Tarjeta Crédito,Online,Cancelada,9000.0,0
V000693,C00349,P003,2025-08-05,2,Transferencia,Online,Completada,6500.0,10
V000694,C00335,P023,2025-01-26,1,Tarjeta Crédito,Tienda,Completada,8500.0,0
V000695,C00368,P012,2025-10-31,4,Tarjeta Crédito,Marketplace,Devuelta,1700.0,0
V000696,C01011,P026,2025-03-07,4,Tarjeta Crédito,Online,Devuelta,800.0,10
V000697,C01020,P028,2025-07-09,5,Tarjeta Débito,Online,Devuelta,250.0,0
V000698,C00392,P009,2025-12-18,3,Tarjeta Crédito,Online,Devuelta,1300.0,10
V000699,C00423,P021,2025-04-25,2,Tarjeta Crédito,Online,Completada,11000.0,0
V000700,C00319,P026,2025-11-28,4,Tarjeta Débito,Marketplace,Completada,800.0,0
V000701,C01026,P028,2025-07-31,5,Tarjeta Débito,Tienda,Completada,250.0,0
V000702,C00193,P003,2025-04-14,5,Tarjeta Crédito,Online,Cancelada,6500.0,0
V000703,C00221,P022,2025-02-13,2,Tarjeta Débito,Online,Devuelta,1200.0,5
V000704,C00948,P001,2025-11-11,4,Tarjeta Crédito,Marketplace,Cancelada,22000.0,5
V000705,C00156,P030,2025-04-12,5,Tarjeta Crédito,Online,Completada,3200.0,0
V000706,C00489,P005,2025-06-14,2,Transferencia,Tienda,Devuelta,12000.0,5
V000707,C00402,P002,2025-10-15,3,Efectivo,Marketplace,Devuelta,14000.0,5
V000708,C00757,P022,2025-12-29,5,Tarjeta Débito,Marketplace,Cancelada,1200.0,20
V000709,C01171,P014,2025-05-22,5,Transferencia,Online,Completada,5500.0,5
V000710,C00763,P023,2025-08-23,3,Tarjeta Crédito,Tienda,Completada,8500.0,10
V000711,C00328,P007,2025-02-05,1,Tarjeta Crédito,Marketplace,Cancelada,1400.0,10
V000712,C00451,P029,2025-04-25,3,Transferencia,Tienda,Completada,350.0,15
V000713,C00986,P024,2025-08-20,1,Transferencia,Tienda,Completada,14500.0,15
V000714,C00891,P011,2025-11-08,3,Transferencia,Online,Completada,1800.0,0
V000715,C00431,P013,2025-11-03,5,Transferencia,Online,Cancelada,2200.0,0
V000716,C00462,P026,2025-12-18,5,Tarjeta Débito,Tienda,Devuelta,800.0,5
V000717,C00005,P016,2025-04-16,1,Tarjeta Crédito,Online,Completada,4500.0,10
V000718,C00043,P027,2025-01-17,5,Tarjeta Crédito,Online,Completada,6000.0,0
V000719,C00952,P026,2025-10-08,1,Tarjeta Crédito,Online,Completada,800.0,5
V000720,C00123,P023,2025-03-04,3,Tarjeta Crédito,Marketplace,Completada,8500.0,0
V000721,C00874,P002,2025-09-13,1,Tarjeta Débito,Online,Completada,14000.0,15
V000722,C00778,P025,2025-09-03,1,Transferencia,Marketplace,Completada,4200.0,5
V000723,C00391,P030,2025-06-13,1,Tarjeta Crédito,Marketplace,Completada,3200.0,10
V000724,C00978,P004,2025-02-12,5,Tarjeta Débito,Tienda,Devuelta,9000.0,10
V000725,C01114,P019,2025-09-11,1,Efectivo,Tienda,Completada,1800.0,0
V000726,C00400,P028,2025-05-04,5,Tarjeta Crédito,Online,Completada,250.0,5
V000727,C00726,P004,2025-05-11,5,Tarjeta Crédito,Online,Completada,9000.0,5
V000728,C00555,P019,2025-03-25,4,Tarjeta Crédito,Online,Cancelada,1800.0,5
V000729,C00385,P004,2025-06-20,4,Tarjeta Crédito,Marketplace,Cancelada,9000.0,0
V000730,C00959,P028,2025-03-26,3,Tarjeta Crédito,Tienda,Cancelada,250.0,0
V000731,C00690,P003,2025-07-15,4,Tarjeta Débito,Marketplace,Completada,6500.0,5
V000732,C00424,P012,2025-12-04,5,Tarjeta Débito,Online,Completada,1700.0,0
V000733,C00250,P013,2025-09-16,4,Tarjeta Débito,Online,Completada,2200.0,0
V000734,C00323,P027,2025-05-17,1,Tarjeta Crédito,Online,Devuelta,6000.0,0
V000735,C01037,P010,2025-02-18,5,Tarjeta Débito,Online,Completada,4500.0,15
V000736,C00055,P003,2025-02-25,5,Efectivo,Marketplace,Completada,6500.0,10
V000737,C00263,P010,2025-11-07,1,Tarjeta Débito,Marketplace,Cancelada,4500.0,15
V000738,C00941,P019,2025-06-08,1,Tarjeta Crédito,Online,Completada,1800.0,0
V000739,C01178,P004,2025-03-29,1,Tarjeta Débito,Online,Devuelta,9000.0,0
V000740,C00973,P029,2025-01-14,4,Tarjeta Crédito,Tienda,Completada,350.0,5
V000741,C00827,P028,2025-10-22,2,Tarjeta Débito,Marketplace,Completada,250.0,5
V000742,C00735,P003,2025-04-24,4,Tarjeta Crédito,Online,Devuelta,6500.0,5
V000743,C00957,P026,2025-06-17,1,Tarjeta Crédito,Tienda,Cancelada,800.0,0
V000744,C00627,P001,2025-03-09,5,Transferencia,Online,Completada,22000.0,5
V000745,C00448,P008,2025-03-27,4,Transferencia,Online,Completada,700.0,0
V000746,C01172,P007,2025-08-16,1,Tarjeta Crédito,Tienda,Cancelada,1400.0,15
V000747,C00318,P028,2025-02-25,5,Tarjeta Crédito,Online,Completada,250.0,0
V000748,C00131,P008,2025-04-09,5,Tarjeta Débito,Online,Cancelada,700.0,0
V000749,C00702,P010,2025-11-27,4,Tarjeta Débito,Marketplace,Devuelta,4500.0,5
V000750,C00769,P017,2025-10-07,4,Tarjeta Débito,Tienda,Completada,2200.0,5
V000751,C00699,P006,2025-09-05,1,Efectivo,Tienda,Cancelada,1800.0,5
V000752,C00081,P008,2025-02-06,5,Transferencia,Marketplace,Completada,700.0,0
V000753,C00703,P005,2025-06-07,5,Tarjeta Crédito,Online,Completada,12000.0,0
V000754,C00237,P006,2025-04-29,3,Tarjeta Débito,Online,Completada,1800.0,0
V000755,C00918,P001,2025-10-13,2,Tarjeta Débito,Marketplace,Completada,22000.0,0
V000756,C01198,P016,2025-01-08,3,Tarjeta Crédito,Online,Cancelada,4500.0,0
V000757,C00009,P021,2025-04-30,3,Tarjeta Débito,Marketplace,Completada,11000.0,20
V000758,C00772,P021,2025-07-23,1,Tarjeta Crédito,Online,Completada,11000.0,0
V000759,C00770,P014,2025-03-02,2,Tarjeta Crédito,Tienda,Completada,5500.0,5
V000760,C00272,P022,2025-11-08,3,Tarjeta Crédito,Tienda,Completada,1200.0,0
V000761,C00500,P021,2025-02-03,2,Tarjeta Débito,Online,Devuelta,11000.0,10
V000762,C00578,P026,2025-02-27,1,Tarjeta Crédito,Tienda,Devuelta,800.0,5
V000763,C00106,P002,2025-06-06,2,Transferencia,Online,Devuelta,14000.0,0
V000764,C00514,P026,2025-12-21,5,Tarjeta Débito,Tienda,Devuelta,800.0,15
V000765,C00180,P022,2025-09-07,1,Tarjeta Débito,Online,Completada,1200.0,5
V000766,C00761,P014,2025-11-25,5,Tarjeta Débito,Marketplace,Completada,5500.0,10
V000767,C00282,P022,2025-10-29,1,Transferencia,Online,Completada,1200.0,5
V000768,C00616,P009,2025-05-24,3,Efectivo,Online,Completada,1300.0,0
V000769,C00876,P009,2025-12-18,5,Tarjeta Débito,Tienda,Completada,1300.0,0
V000770,C01114,P008,2025-06-23,1,Tarjeta Débito,Online,Completada,700.0,10
V000771,C00851,P011,2025-10-25,1,Tarjeta Crédito,Online,Devuelta,1800.0,0
V000772,C01117,P009,2025-04-19,5,Tarjeta Crédito,Marketplace,Completada,1300.0,0
V000773,C00139,P023,2025-03-04,1,Tarjeta Crédito,Online,Cancelada,8500.0,15
V000774,C00253,P026,2025-10-07,3,Tarjeta Crédito,Marketplace,Devuelta,800.0,5
V000775,C00418,P013,2025-11-25,3,Transferencia,Online,Completada,2200.0,0
V000776,C00362,P026,2025-12-03,2,Tarjeta Crédito,Marketplace,Devuelta,800.0,5
V000777,C00291,P012,2025-10-05,4,Tarjeta Crédito,Online,Cancelada,1700.0,0
V000778,C00662,P009,2025-01-04,2,Tarjeta Crédito,Marketplace,Completada,1300.0,0
V000779,C00758,P005,2025-06-03,3,Efectivo,Marketplace,Devuelta,12000.0,5
V000780,C01034,P008,2025-12-26,2,Tarjeta Crédito,Online,Completada,700.0,15
V000781,C00079,P007,2025-10-14,1,Tarjeta Débito,Online,Cancelada,1400.0,10
V000782,C01139,P029,2025-01-16,4,Tarjeta Débito,Tienda,Completada,350.0,0
V000783,C00004,P011,2025-05-04,3,Tarjeta Crédito,Online,Completada,1800.0,5
V000784,C01009,P024,2025-06-03,1,Efectivo,Online,Completada,14500.0,10
V000785,C00639,P004,2025-12-20,3,Tarjeta Crédito,Tienda,Completada,9000.0,10
V000786,C00743,P017,2025-07-05,1,Tarjeta Crédito,Tienda,Completada,2200.0,0
V000787,C00487,P029,2025-02-01,2,Tarjeta Crédito,Marketplace,Devuelta,350.0,15
V000788,C00306,P027,2025-06-01,3,Tarjeta Crédito,Marketplace,Completada,6000.0,10
V000789,C01033,P028,2025-07-20,5,Tarjeta Crédito,Online,Cancelada,250.0,10
V000790,C00025,P006,2025-06-27,1,Tarjeta Débito,Marketplace,Completada,1800.0,15
V000791,C00739,P024,2025-11-08,3,Tarjeta Débito,Online,Completada,14500.0,10
V000792,C00703,P015,2025-03-03,1,Tarjeta Débito,Tienda,Completada,2600.0,10
V000793,C01078,P012,2025-07-28,1,Transferencia,Marketplace,Cancelada,1700.0,0
V000794,C00477,P005,2025-08-18,3,Tarjeta Débito,Online,Devuelta,12000.0,20
V000795,C00975,P020,2025-06-03,3,Transferencia,Tienda,Cancelada,1500.0,0
V000796,C00447,P010,2025-02-16,2,Efectivo,Tienda,Completada,4500.0,0
V000797,C00924,P028,2025-11-10,3,Tarjeta Crédito,Tienda,Devuelta,250.0,0
V000798,C00253,P016,2025-05-10,4,Tarjeta Crédito,Online,Devuelta,4500.0,15
V000799,C00156,P005,2025-09-27,5,Tarjeta Crédito,Online,Completada,12000.0,0
V000800,C00901,P030,2025-07-29,3,Tarjeta Débito,Marketplace,Devuelta,3200.0,5
V000801,C01165,P018,2025-02-23,4,Tarjeta Crédito,Tienda,Cancelada,900.0,10
V000802,C00848,P010,2025-11-30,5,Tarjeta Crédito,Online,Cancelada,4500.0,5
V000803,C00839,P005,2025-03-17,4,Tarjeta Crédito,Tienda,Cancelada,12000.0,10
V000804,C00652,P021,2025-01-19,3,Tarjeta Crédito,Tienda,Completada,11000.0,10
V000805,C00085,P023,2025-08-28,5,Transferencia,Tienda,Completada,8500.0,15
V000806,C00568,P019,2025-07-04,5,Transferencia,Online,Completada,1800.0,10
V000807,C00761,P017,2025-04-22,4,Tarjeta Débito,Online,Completada,2200.0,10
V000808,C00003,P018,2025-10-01,3,Tarjeta Débito,Marketplace,Completada,900.0,10
V000809,C00860,P003,2025-11-07,1,Tarjeta Crédito,Tienda,Cancelada,6500.0,5
V000810,C01096,P009,2025-01-18,4,Tarjeta Crédito,Marketplace,Completada,1300.0,5
V000811,C00955,P022,2025-08-02,4,Tarjeta Crédito,Online,Completada,1200.0,10
V000812,C00404,P015,2025-10-01,4,Transferencia,Online,Completada,2600.0,0
V000813,C01056,P010,2025-06-19,1,Tarjeta Crédito,Online,Completada,4500.0,15
V000814,C00001,P008,2025-07-13,4,Tarjeta Crédito,Online,Completada,700.0,10
V000815,C00405,P019,2025-01-14,4,Tarjeta Débito,Online,Completada,1800.0,0
V000816,C00584,P030,2025-02-13,4,Efectivo,Online,Completada,3200.0,0
V000817,C00507,P025,2025-02-28,3,Tarjeta Crédito,Marketplace,Completada,4200.0,20
V000818,C00905,P017,2025-05-21,5,Transferencia,Tienda,Devuelta,2200.0,10
V000819,C00824,P010,2025-03-26,2,Tarjeta Débito,Marketplace,Cancelada,4500.0,5
V000820,C01053,P004,2025-07-23,2,Tarjeta Débito,Online,Devuelta,9000.0,10
V000821,C00193,P027,2025-12-31,2,Tarjeta Crédito,Online,Completada,6000.0,0
V000822,C01048,P003,2025-09-17,3,Transferencia,Marketplace,Devuelta,6500.0,10
V000823,C00477,P010,2025-04-03,5,Tarjeta Crédito,Tienda,Completada,4500.0,5
V000824,C00150,P014,2025-08-18,5,Tarjeta Débito,Online,Completada,5500.0,5
V000825,C00673,P018,2025-02-18,3,Tarjeta Débito,Tienda,Completada,900.0,5
V000826,C00478,P011,2025-01-06,1,Tarjeta Crédito,Tienda,Completada,1800.0,10
V000827,C00367,P010,2025-08-22,5,Tarjeta Débito,Online,Completada,4500.0,15
V000828,C00913,P023,2025-04-10,4,Tarjeta Crédito,Online,Completada,8500.0,10
V000829,C00436,P022,2025-10-29,2,Tarjeta Débito,Online,Cancelada,1200.0,10
V000830,C00787,P016,2025-01-05,1,Transferencia,Tienda,Devuelta,4500.0,15
V000831,C00254,P030,2025-05-18,2,Efectivo,Marketplace,Completada,3200.0,15
V000832,C00745,P023,2025-07-17,4,Tarjeta Crédito,Tienda,Completada,8500.0,10
V000833,C01147,P028,2025-03-06,3,Tarjeta Crédito,Online,Completada,250.0,5
V000834,C00062,P007,2025-06-25,2,Transferencia,Marketplace,Completada,1400.0,0
V000835,C01141,P011,2025-12-06,5,Tarjeta Crédito,Marketplace,Devuelta,1800.0,0
V000836,C01070,P007,2025-02-09,3,Efectivo,Tienda,Completada,1400.0,10
V000837,C00900,P001,2025-01-04,3,Tarjeta Crédito,Marketplace,Completada,22000.0,5
V000838,C00107,P028,2025-04-29,5,Efectivo,Online,Completada,250.0,0
V000839,C00801,P029,2025-02-28,5,Transferencia,Marketplace,Completada,350.0,5
V000840,C00840,P016,2025-10-12,4,Tarjeta Crédito,Online,Completada,4500.0,0
V000841,C00719,P017,2025-04-06,3,Tarjeta Crédito,Tienda,Completada,2200.0,0
V000842,C01077,P029,2025-11-13,4,Transferencia,Tienda,Completada,350.0,0
V000843,C00975,P004,2025-03-14,5,Transferencia,Marketplace,Completada,9000.0,5
V000844,C00441,P015,2025-02-18,3,Tarjeta Crédito,Online,Devuelta,2600.0,0
V000845,C00037,P026,2025-11-26,2,Tarjeta Débito,Online,Devuelta,800.0,15
V000846,C00539,P009,2025-01-17,4,Tarjeta Crédito,Tienda,Completada,1300.0,5
V000847,C00121,P022,2025-04-25,4,Tarjeta Crédito,Tienda,Completada,1200.0,0
V000848,C00104,P019,2025-12-02,4,Efectivo,Online,Devuelta,1800.0,0
V000849,C00219,P001,2025-12-30,1,Tarjeta Crédito,Marketplace,Devuelta,22000.0,0
V000850,C01171,P001,2025-06-11,1,Tarjeta Débito,Online,Devuelta,22000.0,0
V000851,C00478,P017,2025-05-01,1,Tarjeta Débito,Online,Completada,2200.0,0
V000852,C00360,P030,2025-10-31,1,Tarjeta Crédito,Online,Completada,3200.0,0
V000853,C00759,P003,2025-03-02,3,Tarjeta Débito,Tienda,Devuelta,6500.0,10
V000854,C00098,P030,2025-06-03,4,Tarjeta Débito,Online,Devuelta,3200.0,5
V000855,C00039,P023,2025-01-07,3,Transferencia,Tienda,Devuelta,8500.0,5
V000856,C00647,P014,2025-10-30,3,Tarjeta Débito,Marketplace,Completada,5500.0,10
V000857,C00404,P010,2025-09-23,5,Transferencia,Online,Completada,4500.0,20
V000858,C00163,P021,2025-05-24,1,Efectivo,Tienda,Devuelta,11000.0,0
V000859,C00835,P026,2025-11-24,1,Transferencia,Online,Cancelada,800.0,0
V000860,C00024,P004,2025-08-08,5,Tarjeta Crédito,Tienda,Completada,9000.0,0
V000861,C00357,P016,2025-02-08,1,Tarjeta Crédito,Tienda,Completada,4500.0,10
V000862,C00165,P028,2025-05-07,1,Tarjeta Débito,Marketplace,Cancelada,250.0,0
V000863,C01104,P025,2025-03-24,5,Efectivo,Online,Cancelada,4200.0,0
V000864,C01058,P025,2025-05-25,1,Transferencia,Online,Completada,4200.0,10
V000865,C00274,P022,2025-01-20,2,Tarjeta Crédito,Online,Completada,1200.0,0
V000866,C00001,P009,2025-05-31,3,Transferencia,Tienda,Cancelada,1300.0,0
V000867,C00604,P020,2025-06-11,4,Tarjeta Débito,Tienda,Completada,1500.0,5
V000868,C00944,P016,2025-08-02,2,Tarjeta Débito,Online,Devuelta,4500.0,5
V000869,C00757,P025,2025-09-12,1,Tarjeta Crédito,Online,Devuelta,4200.0,5
V000870,C00997,P005,2025-10-01,3,Tarjeta Crédito,Marketplace,Completada,12000.0,0
V000871,C00718,P008,2025-12-07,3,Transferencia,Marketplace,Devuelta,700.0,5
V000872,C00693,P008,2025-04-11,2,Efectivo,Tienda,Completada,700.0,10
V000873,C00362,P009,2025-02-23,5,Tarjeta Débito,Online,Completada,1300.0,10
V000874,C01029,P011,2025-09-18,2,Tarjeta Crédito,Marketplace,Completada,1800.0,0
V000875,C00861,P002,2025-02-20,5,Transferencia,Online,Completada,14000.0,0
V000876,C00160,P030,2025-12-28,4,Tarjeta Débito,Tienda,Completada,3200.0,0
V000877,C00176,P021,2025-06-17,4,Tarjeta Débito,Marketplace,Completada,11000.0,0
V000878,C00815,P018,2025-10-18,2,Tarjeta Crédito,Tienda,Devuelta,900.0,0
V000879,C01089,P012,2025-03-19,1,Tarjeta Crédito,Online,Completada,1700.0,10
V000880,C00004,P007,2025-01-27,4,Transferencia,Online,Cancelada,1680.0,15
V000881,C01080,P020,2025-11-17,2,Transferencia,Online,Completada,1500.0,0
V000882,C00307,P017,2025-06-18,3,Tarjeta Débito,Online,Cancelada,2200.0,5
V000883,C00364,P019,2025-04-08,3,Tarjeta Crédito,Tienda,Completada,1800.0,10
V000884,C00176,P008,2025-02-15,4,Tarjeta Crédito,Tienda,Devuelta,700.0,10
V000885,C00666,P005,2025-04-24,3,Tarjeta Crédito,Online,Devuelta,12000.0,0
V000886,C00410,P019,2025-07-19,4,Tarjeta Crédito,Tienda,Cancelada,1800.0,0
V000887,C00005,P013,2025-09-12,5,Tarjeta Débito,Tienda,Devuelta,2200.0,5
V000888,C00588,P023,2025-06-20,2,Tarjeta Débito,Marketplace,Cancelada,8500.0,5
V000889,C01063,P008,2025-12-25,4,Tarjeta Débito,Marketplace,Completada,700.0,0
V000890,C00965,P008,2025-09-03,5,Tarjeta Crédito,Marketplace,Completada,700.0,0
V000891,C00408,P007,2025-08-25,2,Transferencia,Online,Completada,1400.0,5
V000892,C00636,P022,2025-07-31,5,Tarjeta Débito,Online,Devuelta,1200.0,5
V000893,C00071,P024,2025-07-18,5,Transferencia,Marketplace,Completada,14500.0,0
V000894,C00694,P030,2025-12-12,1,Transferencia,Online,Devuelta,3200.0,0
V000895,C00698,P027,2025-02-16,2,Tarjeta Crédito,Online,Cancelada,6000.0,5
V000896,C01073,P016,2025-01-04,1,Tarjeta Débito,Online,Completada,4500.0,10
V000897,C00542,P018,2025-04-18,4,Tarjeta Crédito,Tienda,Cancelada,900.0,0
V000898,C00192,P013,2025-02-27,3,Tarjeta Débito,Tienda,Completada,2200.0,15
V000899,C00335,P010,2025-06-21,3,Tarjeta Débito,Online,Completada,4500.0,5
V000900,C00671,P015,2025-06-26,2,Tarjeta Crédito,Online,Devuelta,2600.0,15
V000901,C01105,P005,2025-07-13,3,Tarjeta Débito,Tienda,Completada,12000.0,20
V000902,C01142,P006,2025-01-15,1,Tarjeta Débito,Tienda,Completada,1800.0,10
V000903,C00029,P020,2025-03-08,3,Tarjeta Crédito,Online,Devuelta,1500.0,5
V000904,C00790,P023,2025-08-18,3,Transferencia,Marketplace,Cancelada,8500.0,5
V000905,C00717,P023,2025-07-23,4,Tarjeta Crédito,Marketplace,Completada,8500.0,20
V000906,C00771,P006,2025-12-24,2,Efectivo,Marketplace,Completada,1800.0,0
V000907,C01013,P011,2025-09-06,5,Tarjeta Débito,Online,Devuelta,1800.0,0
V000908,C00071,P029,2025-07-07,3,Tarjeta Crédito,Tienda,Cancelada,350.0,10
V000909,C00713,P016,2025-09-25,3,Efectivo,Marketplace,Completada,4500.0,20
V000910,C00295,P007,2025-03-12,2,Tarjeta Débito,Marketplace,Completada,1400.0,20
V000911,C01194,P006,2025-09-06,3,Tarjeta Crédito,Tienda,Cancelada,1800.0,5
V000912,C00197,P006,2025-06-13,5,Tarjeta Débito,Online,Devuelta,1800.0,5
V000913,C00341,P020,2025-07-09,3,Tarjeta Débito,Tienda,Completada,1500.0,10
V000914,C01058,P005,2025-03-29,5,Transferencia,Online,Devuelta,12000.0,5
V000915,C00042,P004,2025-12-18,3,Tarjeta Crédito,Online,Completada,9000.0,10
V000916,C00335,P023,2025-05-07,1,Transferencia,Marketplace,Completada,8500.0,5
V000917,C01023,P021,2025-06-16,5,Tarjeta Débito,Tienda,Completada,11000.0,0
V000918,C00708,P016,2025-09-29,1,Tarjeta Crédito,Online,Completada,4500.0,10
V000919,C00994,P019,2025-08-01,4,Tarjeta Débito,Marketplace,Cancelada,1800.0,0
V000920,C00099,P012,2025-04-20,4,Tarjeta Débito,Online,Completada,1700.0,0
V000921,C00360,P026,2025-07-01,5,Transferencia,Tienda,Devuelta,800.0,0
V000922,C00450,P001,2025-02-01,4,Tarjeta Débito,Online,Completada,22000.0,10
V000923,C00880,P023,2025-06-26,5,Transferencia,Online,Completada,8500.0,0
V000924,C00270,P014,2025-07-08,4,Tarjeta Crédito,Marketplace,Completada,5500.0,5
V000925,C00355,P030,2025-10-25,3,Tarjeta Débito,Online,Cancelada,3200.0,5
V000926,C00302,P029,2025-02-09,3,Efectivo,Marketplace,Cancelada,350.0,10
V000927,C00151,P014,2025-04-07,2,Tarjeta Débito,Marketplace,Completada,5500.0,5
V000928,C00054,P006,2025-08-14,1,Transferencia,Marketplace,Completada,1800.0,5
V000929,C00524,P021,2025-12-15,4,Tarjeta Crédito,Online,Cancelada,11000.0,5
V000930,C00371,P003,2025-12-05,1,Tarjeta Débito,Tienda,Completada,6500.0,0
V000931,C01082,P004,2025-02-22,5,Tarjeta Débito,Online,Completada,9000.0,5
V000932,C00514,P030,2025-07-06,5,Tarjeta Crédito,Online,Completada,3200.0,10
V000933,C01169,P023,2025-07-14,2,Transferencia,Online,Completada,8500.0,5
V000934,C01058,P009,2025-09-19,1,Transferencia,Online,Completada,1300.0,15
V000935,C00954,P030,2025-01-17,3,Transferencia,Marketplace,Cancelada,3200.0,0
V000936,C01090,P030,2025-01-19,4,Tarjeta Débito,Online,Completada,3200.0,20
V000937,C00963,P030,2025-03-13,4,Tarjeta Crédito,Marketplace,Completada,3200.0,15
V000938,C00062,P030,2025-01-03,1,Tarjeta Crédito,Tienda,Completada,3200.0,0
V000939,C00955,P029,2025-10-01,4,Transferencia,Online,Completada,350.0,10
V000940,C00234,P004,2025-06-02,2,Tarjeta Débito,Online,Completada,9000.0,0
V000941,C00667,P018,2025-08-01,3,Tarjeta Crédito,Online,Cancelada,900.0,5
V000942,C00680,P017,2025-11-30,5,Tarjeta Débito,Online,Completada,2640.0,0
V000943,C00921,P024,2025-03-01,1,Transferencia,Online,Completada,14500.0,0
V000944,C01046,P001,2025-11-25,5,Tarjeta Crédito,Marketplace,Devuelta,22000.0,5
V000945,C00773,P009,2025-01-05,3,Tarjeta Crédito,Online,Completada,1300.0,5
V000946,C00435,P030,2025-11-15,4,Tarjeta Débito,Online,Cancelada,3200.0,10
V000947,C00370,P017,2025-10-18,5,Efectivo,Marketplace,Completada,2200.0,10
V000948,C00370,P013,2025-09-01,4,Tarjeta Crédito,Online,Completada,2200.0,10
V000949,C00147,P014,2025-10-10,5,Tarjeta Crédito,Online,Completada,5500.0,5
V000950,C00282,P016,2025-06-08,1,Transferencia,Tienda,Completada,4500.0,0
V000951,C00665,P020,2025-04-12,2,Tarjeta Débito,Online,Completada,1500.0,0
V000952,C00276,P004,2025-06-12,3,Tarjeta Débito,Marketplace,Completada,9000.0,0
V000953,C00429,P027,2025-08-17,3,Tarjeta Crédito,Online,Cancelada,6000.0,5
V000954,C00990,P029,2025-05-07,4,Tarjeta Débito,Online,Completada,350.0,0
V000955,C00913,P023,2025-08-12,1,Efectivo,Online,Completada,8500.0,0
V000956,C01174,P018,2025-12-14,1,Tarjeta Crédito,Online,Devuelta,900.0,10
V000957,C00152,P020,2025-04-28,4,Tarjeta Débito,Online,Completada,1500.0,0
V000958,C00981,P006,2025-06-26,2,Tarjeta Débito,Marketplace,Completada,1800.0,0
V000959,C00947,P006,2025-10-19,5,Tarjeta Débito,Online,Cancelada,1800.0,5
V000960,C01138,P021,2025-10-05,5,Tarjeta Crédito,Online,Completada,11000.0,0
V000961,C00545,P017,2025-02-10,2,Tarjeta Débito,Online,Completada,2200.0,5
V000962,C00240,P010,2025-06-17,1,Tarjeta Débito,Tienda,Completada,4500.0,10
V000963,C01140,P002,2025-02-18,1,Tarjeta Débito,Tienda,Cancelada,14000.0,0
V000964,C01156,P029,2025-09-22,1,Tarjeta Débito,Online,Completada,350.0,10
V000965,C00478,P020,2025-09-17,3,Tarjeta Crédito,Online,Completada,1500.0,5
V000966,C00691,P015,2025-12-20,3,Tarjeta Débito,Tienda,Completada,2600.0,5
V000967,C00185,P008,2025-11-30,1,Efectivo,Online,Completada,770.0000000000001,10
V000968,C00290,P030,2025-03-16,3,Efectivo,Online,Cancelada,3200.0,0
V000969,C01047,P020,2025-10-26,1,Efectivo,Online,Completada,1500.0,5
V000970,C01142,P003,2025-01-07,1,Tarjeta Débito,Marketplace,Completada,6500.0,5
V000971,C01096,P019,2025-04-10,1,Tarjeta Débito,Tienda,Devuelta,1800.0,0
V000972,C00543,P008,2025-01-28,3,Tarjeta Débito,Tienda,Completada,700.0,5
V000973,C01089,P024,2025-09-22,5,Tarjeta Débito,Online,Completada,14500.0,15
V000974,C00426,P014,2025-05-08,5,Tarjeta Crédito,Tienda,Devuelta,5500.0,15
V000975,C01178,P013,2025-05-09,2,Tarjeta Débito,Tienda,Completada,2200.0,5
V000976,C00507,P007,2025-08-20,2,Tarjeta Crédito,Online,Devuelta,1400.0,0
V000977,C00840,P008,2025-05-16,3,Tarjeta Crédito,Online,Completada,700.0,0
V000978,C00242,P014,2025-05-22,2,Tarjeta Débito,Online,Completada,5500.0,5
V000979,C00075,P027,2025-12-27,1,Tarjeta Débito,Tienda,Completada,6000.0,0
V000980,C00684,P021,2025-02-03,5,Tarjeta Débito,Tienda,Completada,11000.0,0
V000981,C00551,P019,2025-11-29,3,Tarjeta Crédito,Marketplace,Completada,1800.0,0
V000982,C00754,P027,2025-05-25,1,Tarjeta Crédito,Online,Cancelada,6000.0,15
V000983,C00226,P020,2025-01-31,1,Tarjeta Débito,Marketplace,Completada,1500.0,10
V000984,C00101,P021,2025-08-09,1,Tarjeta Crédito,Tienda,Completada,11000.0,0
V000985,C00472,P003,2025-04-27,4,Tarjeta Crédito,Online,Completada,6500.0,0
V000986,C01069,P001,2025-06-18,4,Efectivo,Tienda,Cancelada,22000.0,0
V000987,C00406,P021,2025-12-22,1,Tarjeta Débito,Online,Cancelada,11000.0,15
V000988,C01159,P010,2025-07-19,1,Tarjeta Crédito,Marketplace,Cancelada,4500.0,0
V000989,C00179,P004,2025-03-17,1,Tarjeta Crédito,Online,Devuelta,8100.0,10
V000990,C00865,P021,2025-12-14,2,Efectivo,Online,Completada,11000.0,10
V000991,C00160,P027,2025-01-01,1,Tarjeta Crédito,Marketplace,Completada,6000.0,10
V000992,C00414,P024,2025-11-04,5,Tarjeta Crédito,Online,Completada,14500.0,5
V000993,C01157,P024,2025-02-07,1,Tarjeta Débito,Online,Completada,14500.0,15
V000994,C00577,P015,2025-12-11,3,Tarjeta Débito,Marketplace,Cancelada,2600.0,0
V000995,C01125,P016,2025-10-01,4,Tarjeta Débito,Online,Completada,4500.0,0
V000996,C00895,P010,2025-05-15,1,Transferencia,Tienda,Devuelta,4500.0,20
V000997,C00301,P016,2025-11-26,5,Tarjeta Débito,Tienda,Devuelta,4500.0,5
V000998,C00221,P019,2025-03-13,1,Tarjeta Débito,Online,Completada,1800.0,0
V000999,C00004,P029,2025-07-08,5,Tarjeta Crédito,Online,Cancelada,350.0,0
V001000,C00130,P019,2025-12-06,3,Tarjeta Crédito,Online,Devuelta,1800.0,5
V001001,C00913,P013,2025-08-17,4,Tarjeta Crédito,Online,Completada,2200.0,0
V001002,C00758,P020,2025-05-25,2,Efectivo,Online,Completada,1500.0,15
V001003,C00521,P011,2025-11-23,4,Tarjeta Débito,Online,Cancelada,1800.0,0
V001004,C00726,P014,2025-09-28,1,Tarjeta Crédito,Marketplace,Cancelada,5500.0,0
V001005,C00807,P013,2025-03-24,3,Tarjeta Crédito,Online,Completada,2640.0,0
V001006,C00544,P022,2025-09-29,5,Tarjeta Débito,Tienda,Devuelta,1200.0,0
V001007,C00375,P008,2025-03-04,1,Tarjeta Crédito,Tienda,Completada,700.0,0
V001008,C00184,P027,2025-03-15,2,Tarjeta Crédito,Online,Completada,6000.0,0
V001009,C01021,P024,2025-06-03,3,Tarjeta Débito,Tienda,Devuelta,14500.0,5
V001010,C00594,P019,2025-03-18,1,Tarjeta Débito,Online,Devuelta,1800.0,5
V001011,C00440,P005,2025-03-29,3,Tarjeta Débito,Tienda,Cancelada,12000.0,5
V001012,C00570,P014,2025-06-26,3,Tarjeta Crédito,Online,Completada,5500.0,15
V001013,C00047,P027,2025-01-05,5,Tarjeta Crédito,Online,Completada,6000.0,10
V001014,C01101,P008,2025-05-11,5,Tarjeta Crédito,Tienda,Devuelta,700.0,5
V001015,C00420,P015,2025-02-25,2,Tarjeta Crédito,Online,Completada,2600.0,10
V001016,C00811,P024,2025-03-05,4,Tarjeta Crédito,Tienda,Completada,14500.0,5
V001017,C01082,P020,2025-02-03,3,Tarjeta Crédito,Online,Completada,1500.0,0
V001018,C00792,P005,2025-05-24,1,Tarjeta Crédito,Online,Devuelta,12000.0,10
V001019,C00016,P006,2025-12-04,1,Tarjeta Crédito,Online,Cancelada,1800.0,0
V001020,C00948,P015,2025-08-13,4,Transferencia,Online,Cancelada,2600.0,0
V001021,C00323,P026,2025-12-18,5,Tarjeta Crédito,Online,Completada,800.0,5
V001022,C01131,P029,2025-10-20,4,Tarjeta Débito,Online,Completada,350.0,0
V001023,C01159,P027,2025-11-02,4,Tarjeta Crédito,Online,Cancelada,6000.0,5
V001024,C01078,P021,2025-02-20,5,Tarjeta Crédito,Online,Completada,11000.0,15
V001025,C00861,P011,2025-03-21,5,Tarjeta Débito,Online,Devuelta,1800.0,0
V001026,C00073,P002,2025-04-10,4,Tarjeta Crédito,Online,Completada,14000.0,10
V001027,C00642,P015,2025-02-22,5,Tarjeta Crédito,Marketplace,Cancelada,2600.0,0
V001028,C00087,P019,2025-11-30,5,Tarjeta Débito,Online,Completada,1800.0,5
V001029,C01180,P015,2025-04-14,3,Efectivo,Marketplace,Devuelta,2600.0,0
V001030,C00877,P006,2025-10-09,2,Tarjeta Débito,Online,Devuelta,1800.0,15
V001031,C01178,P015,2025-05-31,4,Tarjeta Débito,Online,Devuelta,2600.0,0
V001032,C00120,P002,2025-04-05,1,Tarjeta Débito,Online,Devuelta,14000.0,5
V001033,C00527,P029,2025-08-24,2,Tarjeta Crédito,Online,Completada,350.0,0
V001034,C00339,P023,2025-10-06,3,Tarjeta Crédito,Online,Completada,8500.0,5
V001035,C00985,P025,2025-06-18,4,Tarjeta Débito,Online,Devuelta,4200.0,0
V001036,C00542,P029,2025-11-07,2,Tarjeta Crédito,Marketplace,Completada,350.0,0
V001037,C00686,P030,2025-03-15,3,Tarjeta Débito,Online,Completada,3200.0,5
V001038,C01039,P013,2025-03-01,5,Tarjeta Crédito,Tienda,Completada,2200.0,0
V001039,C00640,P025,2025-04-16,4,Tarjeta Débito,Marketplace,Completada,4200.0,0
V001040,C00443,P030,2025-02-18,3,Efectivo,Online,Completada,3200.0,5
V001041,C00073,P014,2025-01-24,1,Tarjeta Débito,Online,Completada,5500.0,15
V001042,C00551,P016,2025-05-07,3,Efectivo,Online,Cancelada,4500.0,10
V001043,C00642,P010,2025-11-16,5,Tarjeta Débito,Online,Devuelta,4500.0,0
V001044,C00615,P017,2025-03-18,2,Tarjeta Crédito,Tienda,Completada,2200.0,0
V001045,C00878,P021,2025-06-29,4,Tarjeta Crédito,Online,Completada,11000.0,5
V001046,C00397,P027,2025-08-05,4,Tarjeta Crédito,Tienda,Cancelada,6000.0,0
V001047,C00221,P022,2025-11-05,4,Tarjeta Débito,Online,Devuelta,1200.0,5
V001048,C00764,P025,2025-08-03,4,Tarjeta Crédito,Tienda,Completada,4200.0,15
V001049,C00969,P009,2025-02-28,5,Tarjeta Crédito,Tienda,Cancelada,1300.0,0
V001050,C00022,P020,2025-08-24,1,Transferencia,Marketplace,Completada,1500.0,10
V001051,C00556,P014,2025-09-29,5,Tarjeta Crédito,Tienda,Devuelta,5500.0,10
V001052,C00485,P007,2025-02-24,2,Tarjeta Débito,Online,Completada,1400.0,0
V001053,C00595,P005,2025-06-13,5,Efectivo,Online,Completada,12000.0,0
V001054,C00101,P024,2025-05-04,2,Efectivo,Online,Devuelta,14500.0,20
V001055,C00857,P027,2025-06-04,3,Tarjeta Débito,Marketplace,Cancelada,6000.0,15
V001056,C00091,P003,2025-05-03,5,Tarjeta Crédito,Tienda,Completada,6500.0,0
V001057,C00782,P013,2025-09-08,1,Efectivo,Online,Devuelta,2200.0,0
V001058,C00660,P007,2025-09-13,1,Tarjeta Crédito,Online,Devuelta,1400.0,10
V001059,C01076,P025,2025-10-24,2,Transferencia,Marketplace,Devuelta,4200.0,5
V001060,C00094,P029,2025-02-04,5,Tarjeta Crédito,Tienda,Cancelada,350.0,20
V001061,C00711,P028,2025-08-26,3,Tarjeta Crédito,Marketplace,Devuelta,250.0,10
V001062,C00867,P026,2025-02-23,1,Tarjeta Crédito,Tienda,Cancelada,800.0,0
V001063,C00266,P001,2025-07-25,5,Transferencia,Online,Devuelta,19800.0,15
V001064,C00938,P017,2025-12-23,3,Tarjeta Crédito,Tienda,Completada,2200.0,5
V001065,C00426,P020,2025-07-06,5,Tarjeta Crédito,Tienda,Devuelta,1500.0,5
V001066,C00251,P001,2025-12-25,4,Tarjeta Débito,Tienda,Devuelta,22000.0,15
V001067,C01112,P007,2025-01-09,3,Transferencia,Marketplace,Completada,1400.0,10
V001068,C00222,P007,2025-11-26,4,Tarjeta Crédito,Online,Completada,1400.0,15
V001069,C00776,P016,2025-09-19,1,Tarjeta Crédito,Online,Completada,4500.0,0
V001070,C00939,P018,2025-09-29,1,Transferencia,Tienda,Cancelada,900.0,5
V001071,C00846,P014,2025-12-28,3,Tarjeta Débito,Online,Completada,5500.0,10
V001072,C01123,P010,2025-06-26,4,Transferencia,Marketplace,Cancelada,4500.0,20
V001073,C00431,P026,2025-09-03,5,Tarjeta Crédito,Online,Completada,800.0,0
V001074,C00419,P024,2025-08-06,3,Efectivo,Marketplace,Completada,14500.0,0
V001075,C00075,P011,2025-10-01,5,Transferencia,Online,Cancelada,1800.0,5
V001076,C01135,P013,2025-04-06,1,Transferencia,Marketplace,Completada,2200.0,5
V001077,C01118,P022,2025-06-06,5,Tarjeta Débito,Tienda,Completada,1200.0,5
V001078,C00384,P029,2025-10-28,3,Tarjeta Crédito,Online,Cancelada,350.0,15
V001079,C00741,P030,2025-10-07,5,Tarjeta Débito,Tienda,Completada,3200.0,15
V001080,C00422,P005,2025-05-21,3,Tarjeta Crédito,Tienda,Completada,12000.0,5
V001081,C00845,P022,2025-12-03,1,Tarjeta Crédito,Tienda,Devuelta,1200.0,10
V001082,C01058,P014,2025-05-15,2,Tarjeta Débito,Online,Completada,5500.0,5
V001083,C01169,P017,2025-02-01,3,Tarjeta Crédito,Tienda,Cancelada,2200.0,10
V001084,C00047,P020,2025-12-14,4,Tarjeta Crédito,Marketplace,Completada,1500.0,10
V001085,C00799,P030,2025-08-04,3,Tarjeta Crédito,Online,Devuelta,3200.0,15
V001086,C00101,P011,2025-11-14,1,Transferencia,Online,Completada,1800.0,0
V001087,C00512,P005,2025-06-03,3,Transferencia,Online,Completada,12000.0,5
V001088,C00641,P027,2025-07-08,5,Tarjeta Crédito,Online,Completada,6000.0,0
V001089,C00582,P008,2025-04-05,5,Tarjeta Crédito,Online,Completada,700.0,5
V001090,C00012,P017,2025-04-07,3,Tarjeta Débito,Online,Completada,2200.0,0
V001091,C00091,P011,2025-12-26,3,Tarjeta Débito,Online,Completada,1800.0,5
V001092,C00049,P006,2025-04-05,1,Tarjeta Crédito,Online,Completada,1800.0,5
V001093,C00129,P005,2025-06-26,1,Tarjeta Crédito,Marketplace,Devuelta,12000.0,0
V001094,C01038,P016,2025-11-21,3,Tarjeta Crédito,Online,Completada,4500.0,5
V001095,C00529,P005,2025-10-09,2,Tarjeta Débito,Tienda,Devuelta,12000.0,5
V001096,C00697,P012,2025-04-21,3,Efectivo,Online,Cancelada,1700.0,5
V001097,C00327,P008,2025-04-18,3,Tarjeta Crédito,Tienda,Devuelta,700.0,15
V001098,C01107,P002,2025-02-21,2,Tarjeta Crédito,Marketplace,Cancelada,14000.0,0
V001099,C00379,P008,2025-09-11,3,Tarjeta Crédito,Online,Cancelada,700.0,5
V001100,C00636,P013,2025-07-19,2,Tarjeta Débito,Online,Completada,2200.0,5
V001101,C00325,P005,2025-09-06,4,Transferencia,Marketplace,Completada,12000.0,5
V001102,C00953,P007,2025-09-30,2,Tarjeta Crédito,Online,Devuelta,1400.0,10
V001103,C00372,P003,2025-10-30,5,Tarjeta Débito,Online,Completada,6500.0,10
V001104,C00833,P015,2025-02-09,2,Tarjeta Crédito,Online,Cancelada,2600.0,0
V001105,C00515,P021,2025-10-24,2,Transferencia,Tienda,Completada,11000.0,5
V001106,C00387,P024,2025-09-17,5,Transferencia,Tienda,Completada,14500.0,5
V001107,C01113,P022,2025-03-18,3,Tarjeta Débito,Online,Cancelada,1200.0,0
V001108,C00742,P026,2025-04-05,3,Tarjeta Débito,Online,Devuelta,800.0,20
V001109,C00327,P018,2025-06-23,1,Tarjeta Débito,Online,Devuelta,900.0,20
V001110,C00904,P030,2025-08-24,5,Tarjeta Crédito,Online,Devuelta,3200.0,10
V001111,C00640,P027,2025-09-20,5,Tarjeta Débito,Online,Cancelada,6000.0,0
V001112,C00896,P011,2025-03-18,4,Tarjeta Crédito,Online,Completada,1800.0,5
V001113,C00551,P014,2025-08-12,3,Tarjeta Crédito,Marketplace,Devuelta,5500.0,15
V001114,C00040,P003,2025-03-10,2,Tarjeta Débito,Online,Cancelada,6500.0,5
V001115,C00444,P004,2025-03-28,5,Tarjeta Débito,Tienda,Devuelta,9000.0,0
V001116,C01121,P029,2025-04-22,3,Tarjeta Crédito,Tienda,Completada,350.0,5
V001117,C01032,P009,2025-11-10,2,Tarjeta Crédito,Online,Cancelada,1300.0,5
V001118,C00556,P009,2025-05-02,1,Tarjeta Crédito,Online,Cancelada,1300.0,0
V001119,C00103,P005,2025-03-21,5,Tarjeta Crédito,Online,Completada,12000.0,0
V001120,C00467,P014,2025-08-12,2,Tarjeta Crédito,Online,Completada,5500.0,15
V001121,C00129,P005,2025-09-23,5,Tarjeta Débito,Tienda,Cancelada,12000.0,0
V001122,C00296,P012,2025-03-20,4,Efectivo,Online,Devuelta,1700.0,10
V001123,C00837,P023,2025-05-18,4,Efectivo,Online,Completada,8500.0,0
V001124,C00393,P028,2025-07-04,5,Tarjeta Débito,Online,Cancelada,250.0,5
V001125,C00654,P004,2025-06-06,5,Transferencia,Online,Devuelta,9000.0,20
V001126,C00077,P006,2025-06-10,2,Efectivo,Online,Devuelta,1800.0,0
V001127,C00004,P011,2025-03-07,1,Tarjeta Crédito,Marketplace,Completada,1800.0,0
V001128,C01178,P002,2025-06-19,1,Transferencia,Tienda,Completada,14000.0,10
V001129,C00312,P005,2025-12-27,4,Tarjeta Débito,Online,Cancelada,12000.0,0
V001130,C00424,P014,2025-04-04,4,Tarjeta Débito,Tienda,Completada,5500.0,20
V001131,C01014,P021,2025-03-06,3,Transferencia,Online,Cancelada,11000.0,0
V001132,C00110,P028,2025-06-16,3,Tarjeta Crédito,Online,Completada,250.0,0
V001133,C00005,P006,2025-08-15,2,Efectivo,Tienda,Cancelada,1800.0,5
V001134,C01128,P016,2025-12-27,2,Tarjeta Débito,Tienda,Completada,4500.0,5
V001135,C00148,P024,2025-07-23,5,Tarjeta Crédito,Marketplace,Cancelada,14500.0,15
V001136,C00297,P015,2025-07-27,1,Tarjeta Crédito,Online,Completada,2600.0,5
V001137,C00846,P017,2025-10-23,4,Tarjeta Débito,Tienda,Completada,2200.0,15
V001138,C00747,P006,2025-04-20,2,Tarjeta Crédito,Marketplace,Completada,1800.0,0
V001139,C00390,P026,2025-02-14,4,Efectivo,Tienda,Completada,800.0,0
V001140,C00855,P022,2025-11-21,4,Tarjeta Crédito,Online,Completada,1200.0,10
V001141,C00451,P026,2025-03-23,5,Tarjeta Débito,Online,Completada,800.0,0
V001142,C01189,P017,2025-02-14,1,Transferencia,Online,Completada,2200.0,15
V001143,C00031,P001,2025-06-30,1,Tarjeta Crédito,Online,Completada,22000.0,5
V001144,C00616,P023,2025-03-05,1,Transferencia,Marketplace,Devuelta,8500.0,5
V001145,C00495,P015,2025-07-15,2,Transferencia,Marketplace,Completada,2600.0,5
V001146,C01146,P006,2025-08-08,5,Tarjeta Débito,Online,Cancelada,1800.0,5
V001147,C00791,P025,2025-06-22,2,Tarjeta Crédito,Online,Devuelta,4200.0,15
V001148,C00572,P019,2025-05-11,1,Tarjeta Débito,Tienda,Completada,1800.0,0
V001149,C01035,P020,2025-11-16,2,Tarjeta Crédito,Marketplace,Cancelada,1500.0,5
V001150,C00531,P016,2025-01-06,4,Tarjeta Débito,Tienda,Devuelta,4500.0,0
V001151,C00193,P026,2025-11-17,1,Efectivo,Marketplace,Completada,800.0,10
V001152,C00020,P024,2025-03-18,3,Tarjeta Crédito,Tienda,Completada,14500.0,20
V001153,C00033,P025,2025-03-31,3,Tarjeta Crédito,Online,Completada,4200.0,0
V001154,C00991,P008,2025-10-19,1,Tarjeta Débito,Online,Completada,700.0,5
V001155,C00495,P003,2025-04-07,2,Tarjeta Crédito,Tienda,Completada,6500.0,0
V001156,C00116,P009,2025-08-13,1,Tarjeta Débito,Online,Cancelada,1300.0,0
V001157,C01123,P016,2025-10-07,2,Tarjeta Débito,Online,Completada,4500.0,5
V001158,C00725,P010,2025-06-04,4,Tarjeta Débito,Tienda,Completada,4500.0,5
V001159,C00612,P002,2025-11-04,3,Tarjeta Crédito,Online,Completada,14000.0,0
V001160,C01002,P019,2025-12-04,2,Tarjeta Débito,Online,Completada,1800.0,5
V001161,C00774,P027,2025-12-05,2,Tarjeta Crédito,Marketplace,Completada,6000.0,10
V001162,C00596,P001,2025-10-03,2,Tarjeta Débito,Online,Completada,22000.0,0
V001163,C00105,P013,2025-01-14,4,Tarjeta Crédito,Online,Completada,2200.0,5
V001164,C00095,P015,2025-04-09,2,Transferencia,Marketplace,Cancelada,2600.0,15
V001165,C00124,P013,2025-01-24,3,Tarjeta Débito,Tienda,Completada,2200.0,5
V001166,C00117,P019,2025-05-15,1,Tarjeta Crédito,Online,Completada,1800.0,0
V001167,C00852,P007,2025-08-16,2,Tarjeta Crédito,Tienda,Completada,1400.0,0
V001168,C00582,P023,2025-11-27,5,Tarjeta Crédito,Online,Cancelada,8500.0,0
V001169,C01022,P030,2025-09-15,2,Tarjeta Crédito,Tienda,Devuelta,3200.0,0
V001170,C01178,P019,2025-01-17,2,Transferencia,Tienda,Cancelada,1800.0,0
V001171,C00992,P010,2025-11-20,1,Efectivo,Tienda,Cancelada,4500.0,10
V001172,C01068,P018,2025-12-02,2,Tarjeta Débito,Marketplace,Devuelta,900.0,0
V001173,C00119,P030,2025-04-21,4,Transferencia,Online,Devuelta,3200.0,15
V001174,C00386,P003,2025-07-06,5,Tarjeta Débito,Online,Completada,6500.0,15
V001175,C00634,P003,2025-03-16,3,Tarjeta Débito,Online,Completada,6500.0,0
V001176,C00393,P021,2025-02-14,2,Tarjeta Crédito,Online,Completada,11000.0,0
V001177,C01086,P006,2025-10-26,1,Tarjeta Crédito,Online,Completada,1800.0,5
V001178,C00839,P017,2025-05-09,2,Tarjeta Crédito,Tienda,Cancelada,2200.0,15
V001179,C00707,P001,2025-09-30,5,Transferencia,Online,Devuelta,22000.0,10
V001180,C00858,P027,2025-10-23,1,Transferencia,Online,Completada,6000.0,5
V001181,C00776,P003,2025-11-02,5,Transferencia,Tienda,Completada,6500.0,5
V001182,C00890,P017,2025-11-07,3,Transferencia,Online,Devuelta,2200.0,10
V001183,C00576,P014,2025-02-01,2,Tarjeta Crédito,Tienda,Completada,5500.0,0
V001184,C00051,P024,2025-07-21,1,Efectivo,Tienda,Completada,14500.0,10
V001185,C00990,P001,2025-09-04,3,Transferencia,Online,Completada,22000.0,0
V001186,C01180,P019,2025-07-01,3,Efectivo,Marketplace,Devuelta,1800.0,0
V001187,C00106,P005,2025-11-01,3,Transferencia,Online,Completada,12000.0,5
V001188,C00991,P020,2025-07-21,1,Tarjeta Crédito,Marketplace,Completada,1500.0,10
V001189,C00215,P009,2025-06-13,5,Tarjeta Crédito,Online,Completada,1300.0,20
V001190,C00263,P005,2025-10-21,1,Tarjeta Crédito,Tienda,Devuelta,12000.0,20
V001191,C00573,P028,2025-07-21,2,Tarjeta Crédito,Online,Completada,250.0,0
V001192,C00351,P025,2025-02-27,2,Tarjeta Crédito,Tienda,Completada,4200.0,15
V001193,C00483,P029,2025-04-06,4,Tarjeta Débito,Online,Cancelada,350.0,0
V001194,C00581,P029,2025-07-09,5,Tarjeta Crédito,Online,Completada,350.0,10
V001195,C00181,P013,2025-08-15,2,Tarjeta Débito,Tienda,Cancelada,2200.0,0
V001196,C00997,P025,2025-01-31,5,Tarjeta Crédito,Online,Completada,4200.0,20
V001197,C00773,P011,2025-12-26,3,Tarjeta Débito,Marketplace,Completada,1800.0,10
V001198,C00158,P015,2025-08-12,5,Efectivo,Online,Completada,2600.0,0
V001199,C00357,P013,2025-10-28,2,Tarjeta Crédito,Tienda,Completada,2200.0,0
V001200,C00675,P022,2025-05-18,3,Tarjeta Débito,Online,Devuelta,1200.0,10
V001201,C00082,P002,2025-10-24,4,Efectivo,Tienda,Completada,14000.0,5
V001202,C00394,P016,2025-10-08,1,Transferencia,Tienda,Completada,4500.0,5
V001203,C00724,P002,2025-12-18,5,Tarjeta Débito,Marketplace,Devuelta,14000.0,10
V001204,C00116,P004,2025-07-07,1,Transferencia,Online,Devuelta,9000.0,15
V001205,C00704,P012,2025-03-21,1,Tarjeta Débito,Online,Devuelta,1700.0,5
V001206,C00236,P002,2025-05-23,1,Tarjeta Crédito,Marketplace,Cancelada,14000.0,0
V001207,C00994,P013,2025-12-23,3,Efectivo,Online,Cancelada,2200.0,5
V001208,C00920,P017,2025-07-28,2,Transferencia,Online,Cancelada,2200.0,0
V001209,C00477,P009,2025-08-15,3,Tarjeta Débito,Tienda,Completada,1300.0,0
V001210,C00450,P018,2025-11-10,1,Transferencia,Tienda,Devuelta,900.0,10
V001211,C00227,P018,2025-03-22,1,Efectivo,Marketplace,Completada,900.0,0
V001212,C00827,P023,2025-03-08,2,Tarjeta Débito,Online,Completada,8500.0,0
V001213,C00489,P005,2025-04-01,2,Tarjeta Crédito,Online,Devuelta,12000.0,20
V001214,C00780,P006,2025-09-24,2,Transferencia,Marketplace,Devuelta,1800.0,5
V001215,C00397,P010,2025-04-12,2,Efectivo,Tienda,Completada,4500.0,5
V001216,C00744,P018,2025-09-02,5,Tarjeta Crédito,Marketplace,Completada,900.0,10
V001217,C00698,P008,2025-07-20,5,Transferencia,Online,Cancelada,700.0,10
V001218,C00216,P026,2025-09-07,3,Tarjeta Débito,Online,Completada,800.0,5
V001219,C00250,P023,2025-11-03,5,Tarjeta Débito,Online,Devuelta,8500.0,5
V001220,C00527,P027,2025-02-07,4,Tarjeta Débito,Tienda,Completada,6000.0,10
V001221,C00285,P024,2025-08-02,2,Tarjeta Débito,Online,Completada,14500.0,0
V001222,C00602,P002,2025-03-16,5,Transferencia,Online,Completada,14000.0,20
V001223,C01093,P018,2025-05-29,1,Tarjeta Crédito,Online,Devuelta,900.0,10
V001224,C00036,P007,2025-07-15,1,Tarjeta Crédito,Online,Completada,1400.0,0
V001225,C01001,P017,2025-08-13,4,Tarjeta Crédito,Online,Cancelada,2200.0,0
V001226,C00179,P002,2025-06-23,1,Efectivo,Online,Completada,11200.0,20
V001227,C00306,P009,2025-05-18,3,Tarjeta Crédito,Tienda,Completada,1300.0,15
V001228,C00326,P001,2025-09-28,2,Efectivo,Online,Completada,22000.0,0
V001229,C00002,P022,2025-02-02,3,Tarjeta Crédito,Tienda,Cancelada,1200.0,0
V001230,C01140,P022,2025-02-20,5,Tarjeta Crédito,Online,Completada,1200.0,5
V001231,C00568,P021,2025-02-06,2,Tarjeta Crédito,Marketplace,Devuelta,11000.0,0
V001232,C00608,P006,2025-09-22,5,Transferencia,Online,Cancelada,1800.0,0
V001233,C01000,P015,2025-03-04,1,Tarjeta Débito,Online,Devuelta,2600.0,15
V001234,C00667,P014,2025-07-17,2,Tarjeta Débito,Online,Devuelta,5500.0,10
V001235,C00706,P006,2025-08-25,5,Tarjeta Crédito,Online,Devuelta,2160.0,10
V001236,C00014,P028,2025-12-26,4,Tarjeta Crédito,Online,Cancelada,250.0,15
V001237,C00700,P011,2025-03-05,5,Efectivo,Online,Completada,1800.0,0
V001238,C00704,P020,2025-02-14,4,Tarjeta Crédito,Online,Completada,1500.0,5
V001239,C00393,P030,2025-04-02,4,Tarjeta Crédito,Tienda,Cancelada,3200.0,0
V001240,C00925,P009,2025-05-15,2,Transferencia,Tienda,Completada,1300.0,0
V001241,C00680,P015,2025-07-05,4,Tarjeta Crédito,Online,Cancelada,2600.0,0
V001242,C00320,P025,2025-07-09,2,Tarjeta Crédito,Tienda,Completada,4200.0,15
V001243,C00507,P027,2025-01-31,5,Tarjeta Débito,Online,Completada,6000.0,5
V001244,C00981,P001,2025-03-02,4,Tarjeta Crédito,Tienda,Cancelada,22000.0,10
V001245,C00442,P015,2025-09-24,4,Tarjeta Débito,Online,Cancelada,2600.0,10
V001246,C01042,P017,2025-03-20,4,Efectivo,Tienda,Completada,2200.0,0
V001247,C01108,P025,2025-06-23,5,Tarjeta Crédito,Tienda,Completada,4200.0,5
V001248,C00557,P027,2025-12-19,2,Tarjeta Débito,Marketplace,Completada,6000.0,20
V001249,C00576,P008,2025-04-12,1,Transferencia,Online,Cancelada,700.0,10
V001250,C00726,P029,2025-12-08,1,Tarjeta Crédito,Online,Completada,350.0,15
V001251,C00922,P016,2025-10-20,1,Tarjeta Crédito,Tienda,Completada,4500.0,10
V001252,C01163,P014,2025-06-21,3,Tarjeta Débito,Online,Cancelada,5500.0,0
V001253,C00321,P019,2025-11-02,1,Tarjeta Débito,Tienda,Completada,1800.0,10
V001254,C00333,P002,2025-08-11,2,Efectivo,Marketplace,Completada,14000.0,15
V001255,C00603,P014,2025-02-13,4,Tarjeta Débito,Online,Cancelada,5500.0,10
V001256,C01095,P008,2025-05-06,5,Tarjeta Crédito,Tienda,Completada,700.0,15
V001257,C00365,P009,2025-12-01,5,Transferencia,Online,Cancelada,1300.0,15
V001258,C00900,P017,2025-07-01,4,Tarjeta Débito,Tienda,Completada,2200.0,10
V001259,C00393,P026,2025-05-31,5,Transferencia,Marketplace,Completada,800.0,0
V001260,C00632,P001,2025-07-17,2,Tarjeta Crédito,Tienda,Completada,22000.0,10
V001261,C00204,P012,2025-10-10,3,Tarjeta Crédito,Tienda,Completada,1700.0,0
V001262,C01019,P003,2025-01-14,4,Tarjeta Crédito,Online,Completada,6500.0,0
V001263,C01014,P004,2025-11-01,5,Tarjeta Débito,Online,Cancelada,9000.0,5
V001264,C01078,P022,2025-05-13,2,Tarjeta Débito,Marketplace,Devuelta,1200.0,20
V001265,C00415,P017,2025-05-17,4,Tarjeta Débito,Online,Completada,2200.0,0
V001266,C00077,P009,2025-02-02,3,Tarjeta Crédito,Online,Completada,1300.0,0
V001267,C00034,P027,2025-12-27,1,Tarjeta Crédito,Marketplace,Cancelada,6000.0,5
V001268,C01016,P011,2025-10-27,2,Tarjeta Crédito,Online,Completada,1800.0,0
V001269,C00105,P029,2025-04-30,4,Tarjeta Débito,Tienda,Cancelada,350.0,5
V001270,C00405,P024,2025-12-27,2,Efectivo,Marketplace,Cancelada,14500.0,0
V001271,C00679,P017,2025-06-05,3,Efectivo,Online,Devuelta,2200.0,10
V001272,C00753,P016,2025-02-25,3,Tarjeta Crédito,Online,Devuelta,4500.0,10
V001273,C00204,P001,2025-04-07,4,Tarjeta Débito,Online,Cancelada,22000.0,15
V001274,C00872,P011,2025-08-05,2,Tarjeta Crédito,Online,Completada,1800.0,0
V001275,C01103,P008,2025-03-04,1,Tarjeta Crédito,Online,Completada,700.0,10
V001276,C01137,P012,2025-12-14,4,Tarjeta Crédito,Tienda,Devuelta,1700.0,10
V001277,C00995,P004,2025-07-09,1,Tarjeta Crédito,Online,Devuelta,9000.0,5
V001278,C01127,P018,2025-05-21,5,Tarjeta Crédito,Tienda,Completada,900.0,0
V001279,C01057,P016,2025-01-30,2,Tarjeta Débito,Tienda,Cancelada,4500.0,0
V001280,C00160,P017,2025-10-24,5,Transferencia,Online,Cancelada,2200.0,0
V001281,C00589,P025,2025-07-17,3,Tarjeta Débito,Tienda,Completada,4200.0,10
V001282,C00144,P009,2025-01-20,1,Tarjeta Débito,Tienda,Cancelada,1300.0,5
V001283,C00330,P016,2025-09-08,2,Tarjeta Crédito,Online,Cancelada,4500.0,0
V001284,C00637,P016,2025-09-04,2,Tarjeta Crédito,Online,Completada,4500.0,5
V001285,C00269,P012,2025-04-11,2,Tarjeta Débito,Online,Completada,1700.0,0
V001286,C00901,P013,2025-07-01,4,Tarjeta Crédito,Tienda,Cancelada,2200.0,0
V001287,C00734,P025,2025-08-03,4,Tarjeta Débito,Tienda,Completada,4200.0,5
V001288,C00542,P006,2025-01-05,3,Tarjeta Crédito,Tienda,Completada,1800.0,0
V001289,C00970,P010,2025-11-09,1,Tarjeta Crédito,Marketplace,Completada,4500.0,15
V001290,C00413,P021,2025-06-10,2,Tarjeta Crédito,Tienda,Completada,11000.0,5
V001291,C00055,P019,2025-11-09,2,Tarjeta Crédito,Online,Completada,1800.0,5
V001292,C00306,P018,2025-11-03,2,Efectivo,Online,Cancelada,900.0,0
V001293,C00500,P028,2025-09-08,1,Tarjeta Débito,Tienda,Completada,250.0,10
V001294,C00474,P001,2025-08-27,4,Tarjeta Crédito,Tienda,Devuelta,22000.0,15
V001295,C00735,P026,2025-01-27,5,Tarjeta Débito,Online,Cancelada,800.0,5
V001296,C00486,P013,2025-02-14,2,Transferencia,Online,Cancelada,2200.0,5
V001297,C01127,P010,2025-05-31,1,Tarjeta Crédito,Online,Completada,4500.0,10
V001298,C01128,P007,2025-07-25,4,Tarjeta Crédito,Tienda,Devuelta,1400.0,5
V001299,C00500,P009,2025-12-17,2,Tarjeta Crédito,Marketplace,Completada,1300.0,5
V001300,C01131,P003,2025-09-23,5,Transferencia,Online,Devuelta,6500.0,5
V001301,C00663,P017,2025-08-15,5,Tarjeta Débito,Marketplace,Devuelta,2200.0,10
V001302,C00347,P010,2025-09-20,5,Tarjeta Crédito,Tienda,Completada,4500.0,0
V001303,C01043,P019,2025-10-14,1,Tarjeta Crédito,Tienda,Completada,1800.0,5
V001304,C00412,P022,2025-01-05,4,Efectivo,Tienda,Completada,1200.0,0
V001305,C00431,P014,2025-11-15,2,Tarjeta Débito,Online,Completada,5500.0,20
V001306,C00844,P015,2025-01-11,1,Tarjeta Débito,Tienda,Completada,2600.0,10
V001307,C01144,P003,2025-09-21,2,Transferencia,Online,Completada,6500.0,15
V001308,C00867,P016,2025-06-13,3,Tarjeta Débito,Online,Completada,4500.0,5
V001309,C00777,P020,2025-09-30,4,Efectivo,Marketplace,Cancelada,1500.0,15
V001310,C00608,P022,2025-12-07,4,Tarjeta Débito,Online,Completada,1200.0,10
V001311,C00264,P004,2025-08-14,1,Tarjeta Crédito,Online,Completada,9000.0,0
V001312,C00150,P010,2025-08-05,3,Tarjeta Crédito,Tienda,Completada,4500.0,5
V001313,C00676,P021,2025-08-23,5,Tarjeta Crédito,Online,Completada,11000.0,0
V001314,C00224,P009,2025-08-25,5,Tarjeta Crédito,Tienda,Devuelta,1300.0,5
V001315,C00529,P013,2025-11-10,1,Tarjeta Crédito,Online,Completada,2200.0,10
V001316,C01055,P022,2025-11-12,5,Tarjeta Crédito,Tienda,Devuelta,1200.0,0
V001317,C00151,P010,2025-07-15,5,Tarjeta Débito,Online,Completada,4500.0,10
V001318,C01045,P012,2025-03-02,4,Tarjeta Crédito,Online,Completada,1700.0,5
V001319,C00149,P014,2025-06-30,4,Transferencia,Tienda,Completada,5500.0,5
V001320,C00734,P016,2025-08-16,1,Transferencia,Marketplace,Completada,4500.0,10
V001321,C00532,P027,2025-07-10,2,Tarjeta Crédito,Tienda,Completada,6000.0,15
V001322,C00230,P009,2025-02-05,4,Tarjeta Débito,Online,Devuelta,1300.0,5
V001323,C00210,P002,2025-11-05,5,Tarjeta Débito,Tienda,Completada,14000.0,0
V001324,C00053,P002,2025-01-03,3,Transferencia,Online,Completada,14000.0,0
V001325,C00398,P008,2025-03-18,5,Tarjeta Débito,Marketplace,Completada,700.0,10
V001326,C00091,P020,2025-10-18,4,Tarjeta Débito,Tienda,Completada,1500.0,0
V001327,C00704,P027,2025-02-04,2,Tarjeta Débito,Tienda,Completada,6000.0,0
V001328,C00509,P030,2025-05-19,4,Tarjeta Débito,Online,Completada,3200.0,0
V001329,C00936,P027,2025-03-25,4,Tarjeta Débito,Tienda,Completada,6000.0,5
V001330,C00306,P022,2025-02-09,2,Tarjeta Crédito,Online,Completada,1200.0,15
V001331,C00543,P008,2025-05-30,2,Tarjeta Crédito,Online,Cancelada,700.0,10
V001332,C00648,P016,2025-08-13,3,Transferencia,Tienda,Completada,3600.0,10
V001333,C00683,P030,2025-09-12,2,Tarjeta Crédito,Online,Devuelta,3200.0,0
V001334,C00767,P029,2025-03-28,1,Tarjeta Crédito,Online,Cancelada,350.0,5
V001335,C00073,P006,2025-03-14,2,Tarjeta Débito,Tienda,Completada,1800.0,5
V001336,C00310,P018,2025-12-03,4,Tarjeta Débito,Online,Completada,900.0,10
V001337,C00008,P021,2025-08-11,3,Tarjeta Débito,Marketplace,Completada,11000.0,0
V001338,C00121,P013,2025-06-07,5,Efectivo,Tienda,Completada,2200.0,10
V001339,C00506,P011,2025-09-27,2,Tarjeta Crédito,Marketplace,Completada,1800.0,0
V001340,C00975,P022,2025-10-04,3,Transferencia,Online,Completada,1200.0,10
V001341,C00958,P020,2025-10-28,4,Tarjeta Crédito,Online,Completada,1500.0,20
V001342,C00870,P010,2025-02-18,5,Tarjeta Crédito,Online,Cancelada,4500.0,20
V001343,C00750,P025,2025-10-08,1,Tarjeta Crédito,Online,Completada,4200.0,10
V001344,C00862,P016,2025-10-01,5,Tarjeta Crédito,Tienda,Completada,4500.0,10
V001345,C00864,P027,2025-03-18,5,Tarjeta Crédito,Tienda,Completada,6000.0,0
V001346,C00170,P017,2025-07-18,3,Efectivo,Online,Completada,2200.0,5
V001347,C00963,P001,2025-10-26,5,Transferencia,Tienda,Completada,22000.0,5
V001348,C00847,P019,2025-12-04,1,Tarjeta Débito,Tienda,Cancelada,1800.0,0
V001349,C00082,P018,2025-06-26,5,Tarjeta Crédito,Tienda,Devuelta,900.0,0
V001350,C00771,P010,2025-04-20,2,Tarjeta Débito,Tienda,Cancelada,4500.0,10
V001351,C00053,P024,2025-05-04,3,Tarjeta Crédito,Online,Completada,14500.0,10
V001352,C00970,P021,2025-08-16,4,Transferencia,Tienda,Completada,11000.0,15
V001353,C01114,P021,2025-02-15,3,Tarjeta Débito,Online,Completada,11000.0,0
V001354,C01170,P025,2025-01-24,3,Tarjeta Débito,Online,Cancelada,4200.0,0
V001355,C00642,P020,2025-07-05,5,Tarjeta Crédito,Tienda,Completada,1500.0,5
V001356,C01174,P018,2025-12-31,5,Tarjeta Crédito,Tienda,Completada,900.0,0
V001357,C00517,P002,2025-12-11,1,Tarjeta Débito,Online,Completada,14000.0,5
V001358,C01005,P003,2025-05-26,4,Tarjeta Débito,Online,Completada,6500.0,15
V001359,C00175,P002,2025-02-24,2,Tarjeta Débito,Marketplace,Devuelta,14000.0,0
V001360,C00332,P022,2025-08-12,2,Tarjeta Crédito,Tienda,Completada,1200.0,0
V001361,C00545,P008,2025-02-18,4,Tarjeta Crédito,Tienda,Cancelada,700.0,0
V001362,C01004,P021,2025-06-11,5,Tarjeta Débito,Marketplace,Completada,11000.0,20
V001363,C00356,P030,2025-12-02,3,Tarjeta Crédito,Online,Completada,3200.0,0
V001364,C00129,P015,2025-09-07,3,Tarjeta Débito,Marketplace,Completada,2600.0,0
V001365,C00302,P017,2025-10-05,1,Transferencia,Tienda,Completada,2200.0,0
V001366,C00988,P021,2025-11-01,3,Tarjeta Crédito,Online,Completada,11000.0,0
V001367,C00900,P018,2025-04-12,3,Tarjeta Débito,Marketplace,Devuelta,900.0,10
V001368,C00606,P005,2025-01-16,4,Tarjeta Débito,Tienda,Devuelta,12000.0,10
V001369,C00039,P019,2025-09-17,1,Tarjeta Débito,Tienda,Completada,1800.0,0
V001370,C00261,P007,2025-09-08,5,Tarjeta Crédito,Online,Devuelta,1400.0,15
V001371,C00584,P011,2025-02-18,1,Tarjeta Crédito,Online,Completada,1800.0,5
V001372,C00918,P028,2025-11-15,5,Tarjeta Crédito,Online,Completada,250.0,10
V001373,C00620,P026,2025-06-04,3,Tarjeta Débito,Online,Devuelta,800.0,5
V001374,C00634,P022,2025-08-24,2,Tarjeta Crédito,Online,Completada,1200.0,15
V001375,C00653,P021,2025-07-21,5,Tarjeta Crédito,Tienda,Completada,11000.0,0
V001376,C00159,P022,2025-12-31,3,Tarjeta Débito,Marketplace,Completada,1200.0,10
V001377,C00917,P023,2025-08-07,2,Tarjeta Débito,Online,Completada,8500.0,0
V001378,C00280,P005,2025-05-09,3,Tarjeta Crédito,Online,Completada,12000.0,0
V001379,C00652,P003,2025-09-27,4,Efectivo,Tienda,Completada,6500.0,0
V001380,C00236,P030,2025-05-06,2,Tarjeta Débito,Online,Cancelada,3200.0,0
V001381,C00765,P028,2025-12-03,2,Tarjeta Débito,Tienda,Completada,250.0,20
V001382,C01196,P029,2025-07-28,3,Efectivo,Tienda,Completada,350.0,0
V001383,C01033,P010,2025-04-19,5,Tarjeta Débito,Tienda,Cancelada,4500.0,0
V001384,C00793,P022,2025-04-09,4,Tarjeta Débito,Tienda,Completada,1200.0,0
V001385,C00538,P003,2025-02-12,1,Transferencia,Online,Completada,6500.0,5
V001386,C00368,P005,2025-06-18,3,Transferencia,Online,Devuelta,12000.0,0
V001387,C00886,P029,2025-04-09,4,Transferencia,Online,Completada,350.0,5
V001388,C00872,P007,2025-11-05,2,Transferencia,Marketplace,Completada,1400.0,0
V001389,C00939,P005,2025-11-29,1,Tarjeta Crédito,Online,Completada,12000.0,15
V001390,C00592,P020,2025-11-26,4,Tarjeta Crédito,Tienda,Devuelta,1500.0,10
V001391,C00190,P015,2025-06-03,2,Transferencia,Tienda,Completada,2600.0,10
V001392,C00091,P002,2025-10-15,2,Efectivo,Online,Completada,14000.0,10
V001393,C00573,P008,2025-10-12,3,Tarjeta Crédito,Tienda,Completada,700.0,15
V001394,C00480,P006,2025-12-22,3,Tarjeta Débito,Tienda,Completada,1800.0,0
V001395,C01033,P028,2025-02-02,4,Transferencia,Online,Completada,250.0,0
V001396,C00788,P006,2025-10-14,3,Tarjeta Débito,Tienda,Completada,1800.0,0
V001397,C00623,P001,2025-06-05,5,Efectivo,Online,Completada,22000.0,0
V001398,C00025,P010,2025-03-08,3,Tarjeta Crédito,Marketplace,Cancelada,4500.0,10
V001399,C00818,P009,2025-03-18,1,Tarjeta Débito,Online,Completada,1300.0,0
V001400,C00244,P022,2025-10-01,3,Efectivo,Tienda,Completada,1200.0,15
V001401,C01100,P003,2025-05-02,4,Tarjeta Débito,Online,Completada,6500.0,15
V001402,C00288,P005,2025-12-06,2,Tarjeta Crédito,Marketplace,Completada,12000.0,0
V001403,C00367,P028,2025-02-16,2,Tarjeta Débito,Online,Completada,250.0,0
V001404,C00679,P004,2025-02-09,5,Tarjeta Crédito,Online,Cancelada,9000.0,0
V001405,C01122,P024,2025-12-09,3,Tarjeta Crédito,Online,Completada,14500.0,10
V001406,C01198,P027,2025-05-27,2,Transferencia,Tienda,Cancelada,6000.0,0
V001407,C01065,P024,2025-01-24,1,Tarjeta Crédito,Online,Devuelta,14500.0,0
V001408,C00970,P010,2025-03-01,2,Transferencia,Online,Completada,4500.0,0
V001409,C00859,P009,2025-12-04,5,Tarjeta Crédito,Online,Cancelada,1300.0,5
V001410,C00844,P025,2025-07-28,5,Tarjeta Crédito,Tienda,Devuelta,4200.0,5
V001411,C00553,P029,2025-02-12,3,Efectivo,Tienda,Completada,350.0,0
V001412,C01194,P022,2025-03-27,2,Efectivo,Online,Completada,1200.0,0
V001413,C00756,P007,2025-11-14,4,Tarjeta Débito,Online,Completada,1400.0,0
V001414,C00079,P003,2025-06-14,1,Tarjeta Crédito,Online,Completada,6500.0,10
V001415,C00301,P013,2025-01-22,3,Tarjeta Débito,Online,Cancelada,2200.0,20
V001416,C00656,P006,2025-05-08,1,Tarjeta Débito,Online,Completada,1800.0,10
V001417,C00026,P021,2025-05-13,3,Tarjeta Crédito,Marketplace,Completada,11000.0,0
V001418,C00041,P012,2025-11-09,5,Tarjeta Débito,Online,Completada,1700.0,10
V001419,C00941,P005,2025-10-25,4,Tarjeta Crédito,Online,Completada,12000.0,0
V001420,C00456,P001,2025-07-07,3,Transferencia,Tienda,Devuelta,22000.0,5
V001421,C00857,P021,2025-01-01,2,Tarjeta Crédito,Tienda,Completada,11000.0,15
V001422,C00751,P026,2025-07-19,5,Tarjeta Crédito,Tienda,Completada,800.0,10
V001423,C00699,P030,2025-01-20,1,Tarjeta Débito,Online,Completada,3200.0,5
V001424,C00712,P025,2025-04-14,5,Tarjeta Crédito,Tienda,Completada,4200.0,5
V001425,C00568,P007,2025-03-07,1,Tarjeta Débito,Online,Completada,1400.0,0
V001426,C00147,P014,2025-08-01,1,Tarjeta Débito,Online,Completada,5500.0,0
V001427,C00293,P027,2025-03-17,2,Tarjeta Crédito,Marketplace,Completada,6000.0,10
V001428,C00201,P029,2025-07-06,2,Transferencia,Marketplace,Cancelada,350.0,10
V001429,C00089,P013,2025-05-20,5,Transferencia,Marketplace,Completada,2200.0,0
V001430,C00576,P020,2025-02-25,5,Tarjeta Débito,Online,Devuelta,1500.0,10
V001431,C01069,P024,2025-07-07,5,Tarjeta Débito,Marketplace,Completada,14500.0,0
V001432,C00003,P018,2025-10-30,5,Tarjeta Crédito,Online,Devuelta,900.0,10
V001433,C00356,P010,2025-04-24,2,Tarjeta Crédito,Tienda,Cancelada,4500.0,0
V001434,C00236,P027,2025-02-13,1,Efectivo,Online,Completada,6000.0,15
V001435,C00109,P005,2025-03-11,2,Tarjeta Débito,Online,Cancelada,12000.0,0
V001436,C01043,P018,2025-12-27,4,Tarjeta Crédito,Online,Completada,900.0,0
V001437,C00939,P017,2025-07-30,1,Tarjeta Crédito,Online,Completada,2200.0,0
V001438,C00819,P015,2025-06-05,2,Tarjeta Crédito,Tienda,Completada,2600.0,0
V001439,C00066,P012,2025-08-21,5,Tarjeta Crédito,Marketplace,Completada,1700.0,5
V001440,C00223,P024,2025-07-21,5,Tarjeta Crédito,Online,Completada,14500.0,0
V001441,C00270,P013,2025-04-16,1,Transferencia,Online,Devuelta,2200.0,10
V001442,C00810,P021,2025-01-27,4,Tarjeta Crédito,Tienda,Cancelada,11000.0,5
V001443,C00289,P029,2025-08-18,3,Tarjeta Crédito,Online,Completada,350.0,0
V001444,C01084,P016,2025-11-18,2,Tarjeta Débito,Tienda,Completada,4500.0,0
V001445,C00545,P010,2025-03-30,1,Tarjeta Débito,Tienda,Cancelada,4500.0,10
V001446,C00264,P004,2025-10-20,3,Efectivo,Online,Completada,9000.0,5
V001447,C00228,P004,2025-05-31,5,Transferencia,Online,Completada,9000.0,0
V001448,C00233,P029,2025-12-22,4,Tarjeta Crédito,Online,Completada,350.0,0
V001449,C00513,P022,2025-09-21,1,Tarjeta Crédito,Online,Completada,1200.0,5
V001450,C00267,P026,2025-09-02,1,Tarjeta Débito,Online,Cancelada,800.0,10
V001451,C01199,P017,2025-12-13,4,Tarjeta Débito,Tienda,Completada,2200.0,0
V001452,C00130,P012,2025-06-05,4,Tarjeta Débito,Tienda,Completada,1700.0,10
V001453,C00643,P025,2025-08-28,1,Tarjeta Crédito,Online,Completada,4200.0,20
V001454,C00767,P028,2025-07-29,2,Efectivo,Marketplace,Devuelta,250.0,5
V001455,C00857,P003,2025-04-17,4,Efectivo,Tienda,Completada,6500.0,5
V001456,C01000,P011,2025-03-20,2,Tarjeta Crédito,Online,Completada,1800.0,10
V001457,C00235,P006,2025-07-06,5,Tarjeta Débito,Online,Completada,1800.0,0
V001458,C00255,P003,2025-05-21,5,Tarjeta Débito,Online,Completada,6500.0,0
V001459,C00684,P013,2025-09-16,4,Tarjeta Débito,Tienda,Completada,2200.0,0
V001460,C00432,P009,2025-02-28,5,Tarjeta Crédito,Tienda,Devuelta,1300.0,5
V001461,C00792,P001,2025-10-07,1,Tarjeta Débito,Tienda,Completada,22000.0,15
V001462,C00849,P024,2025-03-17,2,Tarjeta Crédito,Online,Completada,14500.0,10
V001463,C00176,P015,2025-11-18,5,Tarjeta Crédito,Online,Completada,2600.0,10
V001464,C00228,P006,2025-02-20,3,Tarjeta Crédito,Online,Completada,1800.0,5
V001465,C00726,P025,2025-11-30,4,Tarjeta Crédito,Online,Completada,4200.0,0
V001466,C00784,P001,2025-04-12,5,Tarjeta Débito,Tienda,Completada,22000.0,10
V001467,C00570,P021,2025-02-07,2,Efectivo,Online,Completada,11000.0,15
V001468,C01084,P023,2025-09-05,2,Efectivo,Marketplace,Completada,8500.0,5
V001469,C00129,P004,2025-05-11,1,Tarjeta Crédito,Online,Completada,9000.0,15
V001470,C00611,P008,2025-05-01,5,Tarjeta Crédito,Online,Completada,700.0,15
V001471,C01050,P010,2025-02-24,4,Tarjeta Crédito,Tienda,Completada,4500.0,5
V001472,C00444,P005,2025-08-01,5,Tarjeta Crédito,Marketplace,Completada,12000.0,5
V001473,C01100,P008,2025-10-22,2,Tarjeta Crédito,Tienda,Devuelta,700.0,0
V001474,C00792,P021,2025-03-09,1,Transferencia,Online,Completada,11000.0,0
V001475,C00757,P009,2025-07-07,4,Tarjeta Crédito,Online,Cancelada,1300.0,5
V001476,C00849,P026,2025-03-15,2,Tarjeta Crédito,Online,Cancelada,800.0,0
V001477,C00352,P013,2025-01-03,4,Tarjeta Crédito,Marketplace,Completada,2200.0,10
V001478,C00319,P014,2025-06-24,5,Tarjeta Crédito,Online,Cancelada,5500.0,0
V001479,C00825,P013,2025-12-24,1,Tarjeta Crédito,Online,Completada,2200.0,5
V001480,C00449,P013,2025-08-01,5,Tarjeta Débito,Marketplace,Completada,2200.0,15
V001481,C00371,P010,2025-11-21,3,Tarjeta Débito,Online,Cancelada,4500.0,0
V001482,C00569,P027,2025-04-06,4,Tarjeta Débito,Online,Devuelta,6000.0,0
V001483,C00765,P013,2025-04-20,2,Tarjeta Crédito,Online,Completada,2200.0,20
V001484,C00689,P028,2025-07-25,2,Tarjeta Crédito,Online,Completada,250.0,15
V001485,C00723,P012,2025-07-14,4,Tarjeta Débito,Online,Completada,1700.0,5
V001486,C01185,P026,2025-06-24,1,Tarjeta Crédito,Tienda,Devuelta,960.0,10
V001487,C00262,P007,2025-12-14,1,Tarjeta Crédito,Marketplace,Completada,1400.0,15
V001488,C00175,P023,2025-04-11,1,Tarjeta Crédito,Marketplace,Completada,7650.0,0
V001489,C00196,P004,2025-11-07,3,Tarjeta Crédito,Online,Cancelada,9000.0,0
V001490,C00620,P016,2025-05-02,1,Tarjeta Crédito,Online,Cancelada,4500.0,5
V001491,C00869,P014,2025-10-28,4,Transferencia,Tienda,Completada,5500.0,5
V001492,C00638,P007,2025-04-19,1,Transferencia,Marketplace,Completada,1400.0,5
V001493,C01175,P010,2025-10-12,2,Transferencia,Online,Completada,4500.0,0
V001494,C00687,P007,2025-02-02,5,Tarjeta Crédito,Online,Completada,1400.0,0
V001495,C01066,P003,2025-03-20,2,Tarjeta Débito,Tienda,Completada,7150.000000000001,10
V001496,C00644,P001,2025-12-16,4,Tarjeta Crédito,Marketplace,Completada,22000.0,0
V001497,C00168,P006,2025-09-05,1,Tarjeta Crédito,Online,Completada,1800.0,0
V001498,C01001,P027,2025-11-03,3,Transferencia,Online,Devuelta,6000.0,0
V001499,C00433,P014,2025-08-10,1,Tarjeta Crédito,Online,Completada,5500.0,20
V001500,C00339,P028,2025-05-20,2,Transferencia,Online,Completada,250.0,15
V001501,C00345,P006,2025-07-20,5,Transferencia,Online,Devuelta,1800.0,0
V001502,C00744,P016,2025-08-17,1,Tarjeta Crédito,Online,Completada,4500.0,10
V001503,C00724,P021,2025-03-22,2,Tarjeta Crédito,Online,Completada,11000.0,5
V001504,C01099,P022,2025-05-05,2,Tarjeta Crédito,Tienda,Cancelada,1200.0,5
V001505,C00333,P021,2025-11-05,1,Tarjeta Crédito,Marketplace,Cancelada,11000.0,15
V001506,C00446,P003,2025-04-22,3,Tarjeta Débito,Tienda,Completada,6500.0,10
V001507,C00708,P029,2025-12-23,2,Tarjeta Débito,Marketplace,Completada,350.0,0
V001508,C00410,P008,2025-10-03,4,Transferencia,Online,Completada,700.0,0
V001509,C00700,P003,2025-12-03,1,Transferencia,Online,Cancelada,6500.0,10
V001510,C00026,P001,2025-04-01,4,Tarjeta Débito,Tienda,Cancelada,19800.0,15
V001511,C00622,P012,2025-12-22,3,Efectivo,Online,Completada,1700.0,0
V001512,C00212,P014,2025-05-24,2,Transferencia,Online,Completada,5500.0,5
V001513,C00971,P010,2025-06-13,5,Efectivo,Online,Completada,4500.0,0
V001514,C00194,P026,2025-02-07,2,Tarjeta Débito,Online,Completada,800.0,5
V001515,C00688,P007,2025-03-06,5,Transferencia,Tienda,Completada,1400.0,0
V001516,C00662,P005,2025-05-27,5,Tarjeta Crédito,Marketplace,Cancelada,12000.0,0
V001517,C01175,P019,2025-08-14,4,Tarjeta Crédito,Online,Devuelta,1800.0,10
V001518,C00377,P017,2025-01-30,2,Tarjeta Crédito,Online,Completada,2200.0,5
V001519,C00809,P018,2025-07-30,3,Tarjeta Débito,Tienda,Completada,900.0,5
V001520,C00960,P006,2025-07-07,1,Tarjeta Crédito,Tienda,Completada,1800.0,0
V001521,C00998,P005,2025-12-06,3,Efectivo,Marketplace,Completada,12000.0,0
V001522,C00996,P020,2025-07-22,4,Tarjeta Crédito,Online,Completada,1500.0,5
V001523,C00559,P022,2025-12-08,4,Transferencia,Tienda,Devuelta,1200.0,10
V001524,C00880,P003,2025-03-21,2,Tarjeta Débito,Tienda,Completada,6500.0,10
V001525,C00092,P014,2025-10-03,2,Transferencia,Marketplace,Completada,5500.0,0
V001526,C00613,P013,2025-10-20,1,Tarjeta Débito,Marketplace,Devuelta,2200.0,5
V001527,C00666,P018,2025-12-21,3,Efectivo,Marketplace,Completada,900.0,20
V001528,C00988,P008,2025-01-17,3,Tarjeta Débito,Online,Cancelada,700.0,20
V001529,C00842,P005,2025-01-29,1,Tarjeta Débito,Online,Cancelada,12000.0,10
V001530,C00510,P012,2025-11-10,3,Efectivo,Online,Completada,1360.0,20
V001531,C00194,P020,2025-11-18,3,Tarjeta Crédito,Tienda,Completada,1500.0,5
V001532,C00262,P007,2025-08-23,4,Tarjeta Débito,Tienda,Completada,1400.0,10
V001533,C00090,P022,2025-09-08,3,Tarjeta Débito,Online,Completada,1200.0,20
V001534,C00798,P030,2025-03-02,3,Tarjeta Crédito,Online,Cancelada,3200.0,10
V001535,C00818,P020,2025-05-15,4,Tarjeta Crédito,Online,Completada,1500.0,0
V001536,C00150,P024,2025-05-26,3,Tarjeta Crédito,Tienda,Completada,14500.0,0
V001537,C00699,P010,2025-10-29,5,Tarjeta Débito,Online,Devuelta,4500.0,20
V001538,C01005,P011,2025-12-18,1,Tarjeta Crédito,Online,Completada,1800.0,10
V001539,C00453,P023,2025-11-16,2,Tarjeta Crédito,Marketplace,Completada,8500.0,5
V001540,C00807,P022,2025-06-23,4,Transferencia,Tienda,Completada,1200.0,5
V001541,C00069,P027,2025-06-17,2,Tarjeta Débito,Online,Completada,6000.0,0
V001542,C00837,P021,2025-05-30,3,Tarjeta Débito,Tienda,Completada,11000.0,5
V001543,C01045,P013,2025-11-18,1,Tarjeta Débito,Tienda,Completada,2200.0,0
V001544,C00021,P027,2025-06-21,4,Transferencia,Online,Completada,6000.0,10
V001545,C01113,P014,2025-08-18,1,Transferencia,Online,Completada,5500.0,5
V001546,C00448,P011,2025-10-17,3,Tarjeta Crédito,Marketplace,Devuelta,1800.0,20
V001547,C00375,P015,2025-09-28,4,Efectivo,Tienda,Completada,2600.0,5
V001548,C00900,P004,2025-11-02,4,Tarjeta Crédito,Marketplace,Completada,9000.0,15
V001549,C00197,P023,2025-08-23,2,Tarjeta Crédito,Online,Devuelta,8500.0,5
V001550,C00328,P020,2025-07-20,5,Transferencia,Online,Cancelada,1500.0,10
V001551,C00996,P006,2025-10-31,4,Tarjeta Débito,Online,Completada,1800.0,0
V001552,C00853,P019,2025-12-24,1,Tarjeta Débito,Marketplace,Completada,1800.0,20
V001553,C00013,P027,2025-07-02,5,Transferencia,Online,Devuelta,6000.0,10
V001554,C00617,P020,2025-08-15,3,Tarjeta Crédito,Marketplace,Completada,1500.0,0
V001555,C00695,P005,2025-03-01,4,Tarjeta Crédito,Tienda,Completada,12000.0,10
V001556,C00843,P007,2025-03-26,4,Transferencia,Online,Cancelada,1400.0,0
V001557,C00366,P023,2025-02-24,5,Tarjeta Crédito,Marketplace,Devuelta,8500.0,0
V001558,C00708,P029,2025-09-21,4,Tarjeta Débito,Marketplace,Completada,350.0,10
V001559,C00416,P022,2025-09-22,5,Efectivo,Marketplace,Completada,1200.0,0
V001560,C00392,P010,2025-04-29,3,Tarjeta Crédito,Tienda,Completada,4500.0,0
V001561,C00017,P010,2025-02-07,1,Tarjeta Crédito,Tienda,Completada,4500.0,15
V001562,C00329,P017,2025-05-12,2,Tarjeta Débito,Online,Completada,2200.0,0
V001563,C00708,P029,2025-09-20,3,Tarjeta Débito,Tienda,Completada,350.0,15
V001564,C00917,P012,2025-09-06,1,Tarjeta Débito,Online,Completada,1700.0,15
V001565,C00147,P025,2025-01-03,5,Transferencia,Online,Completada,4200.0,0
V001566,C00432,P004,2025-06-05,2,Tarjeta Débito,Tienda,Completada,9000.0,15
V001567,C00401,P029,2025-03-10,4,Tarjeta Crédito,Online,Devuelta,420.0,0
V001568,C00290,P008,2025-06-02,5,Tarjeta Crédito,Online,Cancelada,700.0,0
V001569,C00108,P028,2025-10-07,4,Tarjeta Crédito,Marketplace,Cancelada,250.0,0
V001570,C01162,P008,2025-12-10,2,Tarjeta Crédito,Online,Completada,700.0,0
V001571,C00500,P011,2025-12-19,1,Tarjeta Débito,Online,Completada,1800.0,15
V001572,C01198,P015,2025-09-27,1,Transferencia,Online,Completada,2600.0,5
V001573,C00751,P013,2025-12-01,3,Tarjeta Crédito,Online,Completada,2200.0,0
V001574,C00310,P022,2025-06-11,1,Tarjeta Débito,Tienda,Completada,1200.0,5
V001575,C00352,P001,2025-08-13,5,Transferencia,Tienda,Devuelta,22000.0,5
V001576,C00498,P017,2025-08-29,1,Tarjeta Débito,Online,Completada,2200.0,0
V001577,C00241,P006,2025-04-25,3,Efectivo,Marketplace,Completada,1800.0,0
V001578,C00472,P030,2025-05-27,1,Tarjeta Crédito,Online,Completada,3200.0,10
V001579,C00314,P020,2025-02-10,1,Tarjeta Crédito,Tienda,Completada,1500.0,10
V001580,C00018,P002,2025-05-25,4,Tarjeta Crédito,Tienda,Devuelta,14000.0,0
V001581,C00796,P028,2025-09-30,5,Tarjeta Débito,Online,Cancelada,250.0,15
V001582,C00887,P011,2025-06-16,2,Tarjeta Crédito,Online,Completada,1800.0,15
V001583,C00740,P021,2025-12-17,5,Tarjeta Débito,Tienda,Completada,11000.0,10
V001584,C00164,P026,2025-05-09,4,Tarjeta Crédito,Online,Cancelada,800.0,10
V001585,C00588,P020,2025-10-25,4,Tarjeta Crédito,Tienda,Completada,1500.0,20
V001586,C01068,P021,2025-03-26,4,Efectivo,Tienda,Completada,11000.0,10
V001587,C00645,P018,2025-06-29,3,Tarjeta Débito,Tienda,Completada,900.0,0
V001588,C00019,P007,2025-08-14,5,Tarjeta Crédito,Marketplace,Completada,1400.0,0
V001589,C00369,P001,2025-11-07,5,Tarjeta Crédito,Tienda,Completada,22000.0,0
V001590,C00741,P024,2025-03-17,1,Tarjeta Crédito,Online,Completada,14500.0,5
V001591,C00278,P010,2025-04-14,2,Tarjeta Crédito,Online,Completada,4500.0,5
V001592,C00009,P018,2025-07-17,1,Tarjeta Crédito,Tienda,Completada,900.0,10
V001593,C00479,P006,2025-03-22,5,Tarjeta Crédito,Online,Completada,1980.0000000000002,0
V001594,C00338,P013,2025-09-27,1,Tarjeta Crédito,Online,Completada,2200.0,0
V001595,C00258,P010,2025-04-21,3,Tarjeta Crédito,Marketplace,Completada,4500.0,10
V001596,C00312,P028,2025-01-17,2,Tarjeta Débito,Online,Devuelta,250.0,0
V001597,C00556,P017,2025-09-01,3,Tarjeta Crédito,Tienda,Completada,2200.0,10
V001598,C01019,P004,2025-03-01,4,Tarjeta Débito,Online,Completada,9000.0,5
V001599,C00564,P020,2025-02-27,5,Tarjeta Crédito,Online,Devuelta,1500.0,0
V001600,C00092,P011,2025-11-14,1,Tarjeta Débito,Tienda,Completada,1800.0,10
V001601,C00088,P017,2025-11-17,1,Tarjeta Crédito,Marketplace,Completada,2200.0,5
V001602,C00919,P029,2025-07-25,2,Tarjeta Crédito,Marketplace,Devuelta,350.0,5
V001603,C01184,P007,2025-03-28,3,Transferencia,Marketplace,Completada,1400.0,10
V001604,C00405,P025,2025-09-17,4,Tarjeta Crédito,Online,Completada,4200.0,0
V001605,C00003,P011,2025-07-25,2,Efectivo,Online,Cancelada,1800.0,0
V001606,C00675,P020,2025-11-06,3,Tarjeta Crédito,Online,Completada,1500.0,10
V001607,C00983,P016,2025-01-20,4,Tarjeta Débito,Marketplace,Completada,4500.0,5
V001608,C00873,P013,2025-08-29,4,Tarjeta Débito,Tienda,Completada,2200.0,5
V001609,C00605,P015,2025-06-01,2,Tarjeta Crédito,Online,Completada,2600.0,5
V001610,C01172,P004,2025-04-12,4,Tarjeta Crédito,Online,Cancelada,9000.0,0
V001611,C00454,P017,2025-05-16,2,Tarjeta Crédito,Online,Completada,2200.0,0
V001612,C01021,P012,2025-11-02,2,Tarjeta Crédito,Tienda,Cancelada,1700.0,0
V001613,C00896,P022,2025-04-03,3,Tarjeta Débito,Online,Completada,1200.0,10
V001614,C00125,P027,2025-05-21,5,Tarjeta Crédito,Online,Cancelada,6000.0,15
V001615,C00579,P029,2025-12-06,2,Tarjeta Crédito,Online,Completada,350.0,0
V001616,C00629,P015,2025-01-14,1,Tarjeta Débito,Online,Cancelada,2600.0,5
V001617,C00307,P022,2025-06-30,5,Transferencia,Online,Completada,1200.0,20
V001618,C00764,P008,2025-01-16,1,Tarjeta Crédito,Online,Devuelta,700.0,5
V001619,C01012,P012,2025-10-12,1,Tarjeta Débito,Online,Completada,1700.0,0
V001620,C00437,P007,2025-07-02,2,Tarjeta Débito,Marketplace,Completada,1400.0,5
V001621,C00361,P017,2025-10-06,4,Tarjeta Débito,Marketplace,Completada,2200.0,5
V001622,C01162,P026,2025-11-08,2,Tarjeta Crédito,Online,Completada,800.0,15
V001623,C00042,P024,2025-09-01,1,Tarjeta Crédito,Tienda,Devuelta,14500.0,10
V001624,C00861,P026,2025-06-19,3,Efectivo,Marketplace,Completada,800.0,10
V001625,C00794,P017,2025-12-12,2,Transferencia,Online,Completada,2200.0,0
V001626,C00110,P021,2025-06-07,4,Tarjeta Crédito,Tienda,Completada,11000.0,5
V001627,C00927,P012,2025-07-16,4,Transferencia,Marketplace,Completada,1700.0,0
V001628,C00501,P012,2025-07-09,3,Tarjeta Crédito,Online,Devuelta,1700.0,10
V001629,C00849,P001,2025-09-30,1,Tarjeta Débito,Marketplace,Completada,22000.0,5
V001630,C01065,P022,2025-05-21,3,Efectivo,Marketplace,Devuelta,1200.0,10
V001631,C00285,P013,2025-04-19,1,Efectivo,Marketplace,Completada,2200.0,0
V001632,C00447,P011,2025-12-12,3,Tarjeta Crédito,Marketplace,Completada,1800.0,15
V001633,C00593,P013,2025-06-21,5,Tarjeta Crédito,Online,Devuelta,2200.0,10
V001634,C00286,P013,2025-04-11,4,Tarjeta Crédito,Online,Completada,2200.0,10
V001635,C00702,P028,2025-03-04,4,Tarjeta Crédito,Marketplace,Completada,250.0,5
V001636,C00507,P022,2025-03-08,1,Transferencia,Online,Cancelada,1200.0,10
V001637,C00568,P021,2025-01-11,2,Tarjeta Débito,Online,Completada,11000.0,10
V001638,C00871,P004,2025-04-29,5,Tarjeta Débito,Tienda,Completada,9000.0,0
V001639,C00884,P021,2025-10-21,3,Tarjeta Débito,Online,Completada,11000.0,0
V001640,C00039,P003,2025-06-19,2,Tarjeta Débito,Online,Completada,6500.0,0
V001641,C00019,P028,2025-07-01,3,Tarjeta Débito,Online,Devuelta,250.0,10
V001642,C01052,P012,2025-04-25,5,Tarjeta Crédito,Online,Completada,1700.0,15
V001643,C00304,P030,2025-06-24,1,Tarjeta Crédito,Online,Devuelta,3200.0,5
V001644,C00198,P025,2025-09-21,4,Tarjeta Débito,Marketplace,Completada,4200.0,10
V001645,C01155,P027,2025-08-17,1,Tarjeta Crédito,Marketplace,Devuelta,6000.0,5
V001646,C00464,P030,2025-07-12,5,Tarjeta Débito,Online,Completada,3200.0,0
V001647,C00050,P007,2025-12-31,2,Tarjeta Débito,Tienda,Completada,1400.0,0
V001648,C00775,P021,2025-08-13,2,Tarjeta Crédito,Online,Completada,11000.0,0
V001649,C00454,P002,2025-06-29,1,Tarjeta Crédito,Marketplace,Completada,14000.0,10
V001650,C00672,P015,2025-02-11,3,Transferencia,Online,Completada,2600.0,10
V001651,C00189,P006,2025-02-10,1,Efectivo,Online,Devuelta,1800.0,20
V001652,C00071,P024,2025-08-20,4,Tarjeta Crédito,Marketplace,Completada,14500.0,0
V001653,C00833,P003,2025-10-13,5,Tarjeta Débito,Marketplace,Completada,5850.0,10
V001654,C00557,P021,2025-01-10,4,Tarjeta Crédito,Tienda,Devuelta,11000.0,20
V001655,C00939,P027,2025-04-25,4,Tarjeta Crédito,Marketplace,Completada,6000.0,0
V001656,C01007,P003,2025-05-27,1,Tarjeta Crédito,Online,Completada,6500.0,0
V001657,C00283,P016,2025-10-28,5,Tarjeta Crédito,Online,Devuelta,4500.0,0
V001658,C01022,P017,2025-02-26,1,Tarjeta Crédito,Tienda,Cancelada,2200.0,5
V001659,C00877,P029,2025-12-09,5,Efectivo,Online,Completada,350.0,20
V001660,C01069,P027,2025-08-12,3,Tarjeta Crédito,Tienda,Devuelta,6000.0,5
V001661,C00109,P020,2025-04-05,4,Tarjeta Crédito,Marketplace,Cancelada,1500.0,10
V001662,C00885,P003,2025-08-31,1,Tarjeta Débito,Tienda,Completada,6500.0,5
V001663,C00006,P011,2025-01-30,3,Tarjeta Crédito,Online,Completada,1800.0,20
V001664,C00502,P022,2025-02-16,5,Efectivo,Online,Completada,1200.0,5
V001665,C00241,P011,2025-03-21,2,Transferencia,Online,Completada,1800.0,20
V001666,C00502,P026,2025-06-27,1,Transferencia,Online,Completada,800.0,20
V001667,C00550,P003,2025-03-17,2,Tarjeta Débito,Tienda,Completada,6500.0,0
V001668,C01085,P009,2025-03-05,3,Transferencia,Tienda,Completada,1300.0,0
V001669,C00794,P008,2025-08-07,3,Tarjeta Crédito,Online,Completada,700.0,5
V001670,C01101,P030,2025-02-22,2,Tarjeta Crédito,Tienda,Completada,3200.0,10
V001671,C00528,P011,2025-04-19,3,Tarjeta Débito,Marketplace,Completada,1800.0,5
V001672,C00271,P011,2025-02-09,3,Transferencia,Online,Devuelta,1800.0,0
V001673,C00159,P016,2025-10-04,3,Tarjeta Crédito,Tienda,Cancelada,4500.0,5
V001674,C00925,P011,2025-08-15,2,Transferencia,Online,Cancelada,1800.0,10
V001675,C00034,P022,2025-02-17,4,Tarjeta Débito,Online,Completada,1200.0,5
V001676,C00170,P013,2025-12-04,2,Tarjeta Débito,Online,Cancelada,2200.0,20
V001677,C00835,P016,2025-10-06,2,Transferencia,Online,Cancelada,4500.0,15
V001678,C00457,P030,2025-11-13,5,Tarjeta Crédito,Online,Cancelada,3200.0,5
V001679,C00433,P010,2025-08-27,2,Transferencia,Marketplace,Devuelta,4500.0,0
V001680,C00399,P025,2025-02-02,3,Tarjeta Débito,Online,Completada,4200.0,0
V001681,C00505,P006,2025-08-07,2,Tarjeta Crédito,Online,Devuelta,1800.0,0
V001682,C01072,P002,2025-02-18,4,Transferencia,Online,Completada,14000.0,5
V001683,C00300,P022,2025-12-23,1,Transferencia,Tienda,Completada,1200.0,0
V001684,C00538,P029,2025-08-20,2,Tarjeta Crédito,Online,Completada,350.0,0
V001685,C00760,P023,2025-12-02,2,Tarjeta Débito,Marketplace,Completada,8500.0,15
V001686,C01003,P004,2025-02-25,4,Transferencia,Online,Completada,9000.0,10
V001687,C00255,P003,2025-12-12,3,Tarjeta Débito,Online,Cancelada,6500.0,0
V001688,C01159,P008,2025-10-27,1,Transferencia,Online,Devuelta,700.0,10
V001689,C00653,P030,2025-05-09,1,Efectivo,Online,Completada,3200.0,0
V001690,C01190,P003,2025-11-02,5,Transferencia,Tienda,Completada,6500.0,0
V001691,C00853,P006,2025-09-10,3,Tarjeta Débito,Marketplace,Completada,1800.0,0
V001692,C00640,P008,2025-11-26,5,Efectivo,Online,Cancelada,700.0,15
V001693,C00275,P007,2025-06-25,1,Transferencia,Tienda,Completada,1400.0,5
V001694,C00046,P019,2025-07-10,3,Tarjeta Débito,Marketplace,Cancelada,1800.0,5
V001695,C00631,P012,2025-03-04,2,Transferencia,Online,Completada,1700.0,0
V001696,C00151,P017,2025-08-09,2,Efectivo,Online,Completada,2200.0,0
V001697,C00790,P027,2025-02-15,5,Efectivo,Tienda,Completada,6000.0,5
V001698,C00452,P003,2025-01-26,2,Tarjeta Crédito,Online,Cancelada,6500.0,5
V001699,C00962,P011,2025-08-01,1,Transferencia,Tienda,Completada,1800.0,15
V001700,C00362,P006,2025-02-21,5,Tarjeta Crédito,Online,Completada,1800.0,0
V001701,C01090,P006,2025-04-11,2,Transferencia,Online,Completada,1800.0,0
V001702,C00326,P004,2025-07-01,2,Tarjeta Crédito,Tienda,Completada,9000.0,5
V001703,C00711,P029,2025-03-27,3,Tarjeta Crédito,Online,Completada,350.0,5
V001704,C00403,P012,2025-03-09,4,Tarjeta Débito,Marketplace,Completada,1700.0,0
V001705,C00675,P008,2025-05-17,3,Tarjeta Crédito,Online,Completada,700.0,0
V001706,C00442,P010,2025-12-30,4,Efectivo,Online,Completada,4500.0,10
V001707,C00943,P011,2025-09-25,3,Transferencia,Tienda,Completada,1800.0,5
V001708,C00269,P007,2025-12-25,5,Tarjeta Débito,Online,Cancelada,1400.0,5
V001709,C00278,P003,2025-04-28,2,Transferencia,Online,Devuelta,6500.0,5
V001710,C00284,P018,2025-11-17,2,Transferencia,Marketplace,Completada,900.0,0
V001711,C00560,P027,2025-06-29,1,Efectivo,Tienda,Cancelada,6000.0,0
V001712,C00638,P023,2025-01-20,3,Transferencia,Tienda,Devuelta,8500.0,0
V001713,C00328,P001,2025-08-04,4,Transferencia,Marketplace,Completada,22000.0,20
V001714,C00087,P020,2025-06-25,5,Tarjeta Crédito,Tienda,Completada,1500.0,0
V001715,C00277,P020,2025-02-13,1,Tarjeta Crédito,Tienda,Completada,1500.0,15
V001716,C00873,P015,2025-06-08,4,Tarjeta Débito,Marketplace,Devuelta,2600.0,0
V001717,C00890,P024,2025-09-30,2,Transferencia,Tienda,Devuelta,14500.0,5
V001718,C01050,P024,2025-09-25,1,Tarjeta Crédito,Tienda,Devuelta,14500.0,10
V001719,C00033,P016,2025-12-30,2,Tarjeta Débito,Online,Devuelta,4500.0,0
V001720,C00562,P021,2025-10-19,3,Tarjeta Débito,Marketplace,Devuelta,11000.0,10
V001721,C00561,P018,2025-05-27,4,Tarjeta Débito,Tienda,Completada,900.0,10
V001722,C00939,P015,2025-10-28,2,Tarjeta Débito,Online,Devuelta,2600.0,10
V001723,C00692,P005,2025-12-14,4,Tarjeta Crédito,Online,Completada,12000.0,5
V001724,C00909,P016,2025-02-07,2,Efectivo,Online,Completada,4500.0,0
V001725,C00772,P025,2025-05-20,1,Tarjeta Crédito,Online,Cancelada,4200.0,10
V001726,C00033,P029,2025-09-09,2,Tarjeta Débito,Tienda,Devuelta,350.0,0
V001727,C01000,P010,2025-05-11,4,Tarjeta Crédito,Online,Completada,4500.0,0
V001728,C00068,P001,2025-12-06,4,Transferencia,Tienda,Completada,22000.0,5
V001729,C00958,P005,2025-09-27,1,Tarjeta Débito,Tienda,Completada,12000.0,5
V001730,C00263,P012,2025-05-15,5,Tarjeta Crédito,Tienda,Devuelta,1700.0,20
V001731,C00220,P001,2025-06-08,2,Tarjeta Crédito,Tienda,Devuelta,22000.0,20
V001732,C00083,P008,2025-06-11,1,Tarjeta Débito,Online,Devuelta,700.0,5
V001733,C00335,P024,2025-12-09,4,Tarjeta Crédito,Marketplace,Completada,14500.0,0
V001734,C00420,P002,2025-01-25,5,Tarjeta Débito,Marketplace,Cancelada,14000.0,0
V001735,C00934,P005,2025-01-20,3,Tarjeta Crédito,Online,Completada,12000.0,5
V001736,C00554,P027,2025-07-30,4,Tarjeta Crédito,Online,Completada,4800.0,5
V001737,C01192,P023,2025-10-18,1,Tarjeta Crédito,Tienda,Devuelta,8500.0,15
V001738,C00134,P002,2025-07-30,3,Tarjeta Débito,Marketplace,Devuelta,14000.0,0
V001739,C00243,P005,2025-08-11,5,Tarjeta Crédito,Tienda,Cancelada,12000.0,5
V001740,C00285,P020,2025-06-11,2,Tarjeta Débito,Online,Devuelta,1500.0,0
V001741,C01182,P025,2025-02-10,2,Tarjeta Crédito,Tienda,Completada,4200.0,0
V001742,C00203,P019,2025-03-03,4,Tarjeta Débito,Online,Completada,1800.0,20
V001743,C00203,P011,2025-02-04,2,Tarjeta Crédito,Online,Completada,1800.0,5
V001744,C00644,P002,2025-03-26,5,Tarjeta Crédito,Online,Completada,14000.0,15
V001745,C00613,P018,2025-07-14,1,Tarjeta Crédito,Online,Completada,900.0,10
V001746,C00441,P028,2025-02-24,1,Tarjeta Crédito,Tienda,Completada,250.0,10
V001747,C00147,P017,2025-05-16,3,Efectivo,Tienda,Cancelada,2200.0,10
V001748,C00888,P008,2025-05-17,4,Tarjeta Crédito,Online,Completada,700.0,0
V001749,C00907,P018,2025-10-24,1,Tarjeta Crédito,Tienda,Cancelada,900.0,20
V001750,C00391,P019,2025-01-22,3,Tarjeta Crédito,Marketplace,Completada,1800.0,0
V001751,C00244,P011,2025-09-12,2,Tarjeta Crédito,Tienda,Devuelta,1800.0,0
V001752,C00046,P024,2025-10-25,1,Tarjeta Crédito,Online,Completada,14500.0,0
V001753,C00466,P018,2025-01-21,5,Tarjeta Débito,Tienda,Completada,900.0,15
V001754,C00285,P028,2025-04-02,3,Tarjeta Crédito,Tienda,Completada,250.0,0
V001755,C00255,P005,2025-05-30,3,Tarjeta Crédito,Online,Completada,12000.0,20
V001756,C01019,P018,2025-07-14,1,Tarjeta Débito,Tienda,Devuelta,900.0,15
V001757,C00236,P002,2025-10-18,5,Tarjeta Crédito,Tienda,Completada,14000.0,5
V001758,C00994,P023,2025-06-14,1,Tarjeta Débito,Marketplace,Devuelta,8500.0,5
V001759,C00116,P018,2025-12-23,5,Tarjeta Crédito,Online,Cancelada,900.0,10
V001760,C00052,P009,2025-07-30,1,Efectivo,Tienda,Completada,1300.0,10
V001761,C00112,P016,2025-11-19,3,Tarjeta Crédito,Marketplace,Completada,4500.0,0
V001762,C00654,P021,2025-07-31,1,Tarjeta Crédito,Online,Completada,9900.0,10
V001763,C01169,P019,2025-12-31,2,Tarjeta Crédito,Online,Cancelada,1800.0,20
V001764,C01107,P020,2025-01-28,5,Tarjeta Crédito,Marketplace,Completada,1350.0,10
V001765,C00968,P030,2025-04-28,4,Tarjeta Crédito,Online,Completada,3200.0,5
V001766,C00336,P009,2025-02-17,1,Tarjeta Débito,Tienda,Cancelada,1300.0,10
V001767,C00788,P017,2025-01-05,4,Transferencia,Tienda,Completada,2200.0,0
V001768,C00380,P004,2025-07-03,3,Tarjeta Crédito,Online,Cancelada,9000.0,10
V001769,C00673,P024,2025-10-24,4,Tarjeta Débito,Online,Completada,14500.0,10
V001770,C01021,P008,2025-01-27,4,Tarjeta Débito,Marketplace,Completada,700.0,0
V001771,C00205,P008,2025-09-25,1,Tarjeta Débito,Tienda,Completada,700.0,0
V001772,C00265,P010,2025-04-08,3,Tarjeta Débito,Online,Devuelta,4500.0,10
V001773,C00167,P007,2025-10-19,5,Tarjeta Crédito,Online,Completada,1400.0,0
V001774,C00983,P026,2025-06-13,3,Efectivo,Online,Devuelta,800.0,5
V001775,C01024,P003,2025-06-21,1,Tarjeta Débito,Marketplace,Cancelada,6500.0,10
V001776,C01134,P008,2025-03-08,4,Transferencia,Tienda,Completada,700.0,5
V001777,C01012,P013,2025-11-06,1,Tarjeta Débito,Tienda,Cancelada,2200.0,10
V001778,C00157,P019,2025-07-01,5,Tarjeta Crédito,Tienda,Cancelada,1800.0,5
V001779,C00326,P027,2025-11-15,2,Tarjeta Crédito,Tienda,Devuelta,6000.0,5
V001780,C00489,P002,2025-06-17,3,Tarjeta Débito,Online,Completada,14000.0,5
V001781,C00378,P002,2025-01-29,5,Tarjeta Crédito,Marketplace,Completada,14000.0,10
V001782,C01025,P023,2025-12-10,5,Efectivo,Online,Completada,8500.0,0
V001783,C00128,P021,2025-07-25,3,Tarjeta Débito,Online,Devuelta,11000.0,5
V001784,C01196,P021,2025-04-14,4,Tarjeta Débito,Online,Devuelta,11000.0,5
V001785,C00188,P007,2025-10-17,5,Transferencia,Marketplace,Devuelta,1400.0,0
V001786,C00586,P027,2025-08-14,4,Transferencia,Marketplace,Completada,6000.0,5
V001787,C00691,P016,2025-07-02,1,Tarjeta Débito,Online,Completada,4500.0,15
V001788,C00161,P029,2025-11-04,4,Tarjeta Débito,Marketplace,Completada,350.0,10
V001789,C00237,P009,2025-06-11,1,Tarjeta Crédito,Tienda,Completada,1300.0,0
V001790,C01056,P014,2025-04-09,3,Efectivo,Tienda,Devuelta,5500.0,10
V001791,C00201,P024,2025-04-28,4,Tarjeta Crédito,Tienda,Devuelta,14500.0,5
V001792,C00560,P012,2025-03-30,1,Tarjeta Débito,Online,Cancelada,1700.0,0
V001793,C00809,P004,2025-07-23,3,Efectivo,Marketplace,Completada,9000.0,5
V001794,C01103,P001,2025-03-26,4,Transferencia,Online,Completada,22000.0,5
V001795,C01010,P011,2025-02-28,5,Tarjeta Crédito,Online,Cancelada,1800.0,10
V001796,C00375,P023,2025-10-11,4,Tarjeta Débito,Marketplace,Devuelta,8500.0,15
V001797,C00269,P025,2025-03-11,5,Tarjeta Crédito,Tienda,Devuelta,4200.0,0
V001798,C00240,P014,2025-09-23,4,Tarjeta Débito,Online,Devuelta,5500.0,0
V001799,C00430,P002,2025-11-13,1,Tarjeta Crédito,Online,Cancelada,14000.0,10
V001800,C00306,P024,2025-04-09,4,Tarjeta Crédito,Tienda,Completada,14500.0,5
V001801,C00845,P020,2025-11-26,2,Tarjeta Débito,Online,Completada,1500.0,0
V001802,C00143,P019,2025-06-08,5,Efectivo,Tienda,Cancelada,1800.0,15
V001803,C00291,P021,2025-05-01,3,Tarjeta Débito,Online,Cancelada,11000.0,10
V001804,C00307,P005,2025-09-15,1,Tarjeta Crédito,Tienda,Cancelada,12000.0,5
V001805,C00396,P005,2025-07-10,2,Tarjeta Crédito,Online,Completada,12000.0,0
V001806,C01111,P015,2025-01-24,2,Tarjeta Débito,Marketplace,Completada,2600.0,0
V001807,C00097,P028,2025-11-04,1,Tarjeta Crédito,Marketplace,Devuelta,250.0,15
V001808,C00714,P002,2025-11-29,2,Tarjeta Crédito,Online,Completada,14000.0,20
V001809,C00654,P020,2025-02-07,5,Tarjeta Débito,Online,Completada,1500.0,0
V001810,C00068,P008,2025-10-09,5,Tarjeta Crédito,Online,Completada,700.0,10
V001811,C01141,P024,2025-05-25,2,Tarjeta Crédito,Tienda,Cancelada,14500.0,10
V001812,C00633,P012,2025-02-08,2,Tarjeta Crédito,Tienda,Completada,1700.0,0
V001813,C00540,P007,2025-08-11,4,Efectivo,Online,Devuelta,1400.0,10
V001814,C00017,P024,2025-09-22,5,Tarjeta Crédito,Online,Completada,14500.0,0
V001815,C00871,P008,2025-03-24,2,Tarjeta Crédito,Marketplace,Completada,700.0,10
V001816,C01045,P019,2025-04-14,4,Tarjeta Crédito,Online,Devuelta,1800.0,0
V001817,C00921,P010,2025-08-18,5,Tarjeta Crédito,Tienda,Cancelada,4500.0,15
V001818,C00312,P018,2025-01-22,5,Transferencia,Online,Completada,900.0,0
V001819,C00027,P014,2025-07-03,4,Efectivo,Tienda,Cancelada,5500.0,0
V001820,C00562,P028,2025-10-26,2,Tarjeta Crédito,Tienda,Completada,250.0,5
V001821,C00529,P012,2025-10-14,1,Tarjeta Crédito,Online,Completada,1700.0,5
V001822,C00044,P006,2025-03-07,2,Tarjeta Crédito,Tienda,Cancelada,1800.0,15
V001823,C00146,P006,2025-10-16,2,Efectivo,Tienda,Completada,1800.0,5
V001824,C00746,P010,2025-07-16,4,Transferencia,Tienda,Completada,3600.0,0
V001825,C00333,P017,2025-07-21,1,Tarjeta Crédito,Tienda,Completada,2200.0,15
V001826,C00150,P030,2025-06-16,2,Tarjeta Crédito,Online,Completada,3200.0,10
V001827,C01047,P019,2025-06-09,3,Transferencia,Online,Completada,1800.0,0
V001828,C00372,P004,2025-06-14,3,Transferencia,Marketplace,Devuelta,9000.0,0
V001829,C00184,P001,2025-09-16,3,Tarjeta Crédito,Online,Completada,22000.0,5
V001830,C00297,P022,2025-05-20,2,Tarjeta Crédito,Tienda,Completada,1200.0,10
V001831,C01026,P020,2025-07-22,3,Tarjeta Crédito,Marketplace,Completada,1500.0,0
V001832,C00890,P005,2025-05-10,2,Tarjeta Débito,Online,Completada,12000.0,10
V001833,C00030,P028,2025-07-07,3,Transferencia,Tienda,Completada,200.0,10
V001834,C00051,P025,2025-03-19,2,Tarjeta Crédito,Online,Completada,4200.0,0
V001835,C00532,P007,2025-10-07,2,Transferencia,Marketplace,Completada,1400.0,10
V001836,C00687,P025,2025-04-02,4,Tarjeta Crédito,Online,Completada,4200.0,0
V001837,C00621,P010,2025-11-25,1,Tarjeta Crédito,Tienda,Completada,4500.0,0
V001838,C00069,P005,2025-04-14,1,Efectivo,Tienda,Cancelada,12000.0,0
V001839,C00030,P026,2025-05-27,5,Transferencia,Marketplace,Completada,800.0,10
V001840,C00376,P010,2025-12-08,5,Tarjeta Crédito,Marketplace,Completada,4500.0,0
V001841,C01083,P012,2025-06-05,5,Tarjeta Débito,Marketplace,Cancelada,1700.0,0
V001842,C00742,P017,2025-11-22,5,Tarjeta Crédito,Tienda,Completada,2200.0,5
V001843,C00727,P005,2025-06-06,3,Tarjeta Crédito,Tienda,Completada,12000.0,5
V001844,C00136,P010,2025-07-11,2,Tarjeta Débito,Tienda,Cancelada,4500.0,0
V001845,C00617,P022,2025-12-10,1,Tarjeta Crédito,Online,Completada,1200.0,15
V001846,C00798,P025,2025-01-27,5,Tarjeta Débito,Tienda,Completada,4200.0,10
V001847,C00741,P016,2025-10-07,4,Tarjeta Débito,Tienda,Completada,4500.0,5
V001848,C00505,P021,2025-07-04,2,Efectivo,Online,Completada,11000.0,5
V001849,C00259,P022,2025-01-19,4,Tarjeta Débito,Online,Completada,1200.0,0
V001850,C00459,P025,2025-05-28,1,Efectivo,Online,Completada,4200.0,5
V001851,C00781,P023,2025-09-14,2,Tarjeta Crédito,Tienda,Cancelada,8500.0,0
V001852,C00455,P004,2025-03-28,3,Tarjeta Crédito,Online,Completada,9000.0,0
V001853,C00748,P028,2025-09-07,4,Transferencia,Tienda,Devuelta,250.0,10
V001854,C00756,P023,2025-05-17,3,Tarjeta Crédito,Online,Cancelada,8500.0,0
V001855,C00920,P015,2025-10-21,4,Tarjeta Crédito,Online,Devuelta,2600.0,15
V001856,C01098,P030,2025-10-28,3,Tarjeta Débito,Online,Completada,3200.0,5
V001857,C00926,P030,2025-05-08,1,Tarjeta Débito,Online,Completada,3200.0,0
V001858,C00228,P015,2025-05-19,5,Transferencia,Online,Devuelta,2600.0,15
V001859,C00744,P002,2025-03-22,3,Tarjeta Crédito,Online,Cancelada,14000.0,0
V001860,C00108,P021,2025-02-13,5,Transferencia,Tienda,Devuelta,11000.0,0
V001861,C00556,P012,2025-08-29,2,Tarjeta Crédito,Online,Completada,1700.0,10
V001862,C00392,P007,2025-03-29,2,Tarjeta Crédito,Marketplace,Cancelada,1400.0,0
V001863,C00187,P030,2025-07-18,1,Tarjeta Débito,Tienda,Cancelada,3200.0,5
V001864,C00828,P024,2025-08-23,1,Tarjeta Crédito,Online,Completada,14500.0,10
V001865,C00688,P029,2025-12-30,4,Tarjeta Crédito,Online,Completada,350.0,5
V001866,C00327,P017,2025-07-28,1,Tarjeta Débito,Tienda,Cancelada,2200.0,10
V001867,C00004,P001,2025-05-19,3,Tarjeta Crédito,Online,Devuelta,22000.0,10
V001868,C00944,P029,2025-04-27,4,Tarjeta Crédito,Online,Completada,350.0,5
V001869,C01063,P015,2025-03-04,4,Tarjeta Crédito,Online,Devuelta,2600.0,5
V001870,C00416,P008,2025-07-18,5,Tarjeta Crédito,Online,Cancelada,700.0,10
V001871,C00677,P027,2025-05-11,4,Tarjeta Crédito,Online,Completada,6000.0,5
V001872,C01047,P011,2025-07-31,3,Tarjeta Débito,Marketplace,Completada,1800.0,0
V001873,C00389,P018,2025-09-18,2,Tarjeta Débito,Marketplace,Devuelta,900.0,0
V001874,C00332,P025,2025-12-24,1,Transferencia,Online,Cancelada,4200.0,15
V001875,C00828,P012,2025-12-24,1,Tarjeta Débito,Tienda,Completada,1700.0,20
V001876,C00993,P001,2025-11-16,5,Tarjeta Débito,Marketplace,Completada,22000.0,15
V001877,C00428,P030,2025-11-10,4,Tarjeta Débito,Tienda,Cancelada,3200.0,10
V001878,C00316,P018,2025-08-21,1,Tarjeta Débito,Online,Cancelada,900.0,5
V001879,C00608,P008,2025-02-16,3,Tarjeta Débito,Online,Completada,700.0,0
V001880,C01121,P014,2025-04-09,5,Transferencia,Online,Completada,5500.0,10
V001881,C00418,P025,2025-05-28,3,Tarjeta Crédito,Tienda,Completada,4200.0,10
V001882,C00149,P005,2025-02-03,4,Tarjeta Crédito,Tienda,Completada,12000.0,15
V001883,C00974,P022,2025-04-09,1,Tarjeta Débito,Marketplace,Completada,1200.0,0
V001884,C01082,P016,2025-11-06,5,Transferencia,Online,Completada,4500.0,0
V001885,C00428,P007,2025-05-07,3,Tarjeta Débito,Online,Completada,1400.0,5
V001886,C00793,P016,2025-07-21,4,Tarjeta Débito,Tienda,Devuelta,4500.0,0
V001887,C00194,P023,2025-12-12,2,Transferencia,Marketplace,Devuelta,8500.0,0
V001888,C01026,P022,2025-05-18,3,Transferencia,Tienda,Completada,1200.0,10
V001889,C00149,P026,2025-04-17,1,Tarjeta Débito,Online,Completada,800.0,10
V001890,C01045,P004,2025-03-20,1,Tarjeta Crédito,Tienda,Devuelta,9000.0,10
V001891,C01039,P017,2025-03-19,5,Tarjeta Crédito,Online,Completada,2200.0,0
V001892,C00343,P001,2025-11-22,4,Transferencia,Online,Completada,22000.0,20
V001893,C01036,P010,2025-09-05,4,Transferencia,Online,Cancelada,4500.0,0
V001894,C00159,P026,2025-02-09,4,Efectivo,Online,Completada,800.0,5
V001895,C00428,P017,2025-07-18,4,Transferencia,Online,Devuelta,2200.0,0
V001896,C00723,P007,2025-03-07,4,Tarjeta Débito,Tienda,Completada,1400.0,0
V001897,C00476,P014,2025-02-15,5,Tarjeta Débito,Marketplace,Devuelta,5500.0,0
V001898,C00920,P020,2025-01-08,5,Tarjeta Débito,Online,Completada,1500.0,0
V001899,C00868,P013,2025-06-17,5,Transferencia,Online,Devuelta,2200.0,15
V001900,C00338,P001,2025-10-26,1,Tarjeta Débito,Marketplace,Cancelada,22000.0,0
V001901,C00494,P003,2025-01-24,5,Tarjeta Débito,Tienda,Devuelta,6500.0,10
V001902,C00140,P025,2025-02-20,5,Efectivo,Marketplace,Completada,4200.0,20
V001903,C00543,P014,2025-06-14,4,Tarjeta Crédito,Online,Devuelta,5500.0,0
V001904,C00535,P024,2025-08-07,1,Tarjeta Crédito,Online,Cancelada,14500.0,15
V001905,C00545,P016,2025-07-11,3,Transferencia,Online,Completada,4500.0,5
V001906,C00647,P020,2025-07-30,3,Tarjeta Crédito,Tienda,Completada,1500.0,0
V001907,C00628,P016,2025-06-23,3,Tarjeta Débito,Online,Completada,4500.0,20
V001908,C00345,P029,2025-09-04,1,Tarjeta Crédito,Online,Devuelta,350.0,0
V001909,C00440,P008,2025-10-23,5,Tarjeta Crédito,Online,Completada,700.0,5
V001910,C00776,P025,2025-08-18,1,Tarjeta Débito,Marketplace,Completada,4200.0,5
V001911,C00234,P002,2025-12-07,1,Tarjeta Crédito,Tienda,Completada,14000.0,15
V001912,C01015,P008,2025-12-08,3,Transferencia,Tienda,Completada,840.0,0
V001913,C00559,P003,2025-09-03,4,Tarjeta Crédito,Tienda,Devuelta,6500.0,0
V001914,C00191,P011,2025-01-08,4,Efectivo,Marketplace,Devuelta,1800.0,0
V001915,C01016,P013,2025-07-20,1,Tarjeta Crédito,Tienda,Cancelada,2200.0,15
V001916,C00367,P026,2025-08-08,1,Tarjeta Crédito,Online,Completada,800.0,5
V001917,C01004,P014,2025-04-21,1,Transferencia,Tienda,Completada,5500.0,0
V001918,C00631,P029,2025-06-27,5,Tarjeta Crédito,Tienda,Devuelta,350.0,5
V001919,C00324,P007,2025-07-06,1,Tarjeta Crédito,Online,Completada,1400.0,0
V001920,C01081,P006,2025-10-20,2,Transferencia,Tienda,Completada,1800.0,10
V001921,C00825,P024,2025-03-25,3,Tarjeta Crédito,Online,Completada,14500.0,15
V001922,C01056,P016,2025-10-31,2,Tarjeta Crédito,Marketplace,Completada,4500.0,5
V001923,C00244,P017,2025-07-18,2,Tarjeta Crédito,Marketplace,Completada,2200.0,5
V001924,C00763,P004,2025-11-30,4,Tarjeta Crédito,Tienda,Devuelta,9000.0,10
V001925,C00493,P007,2025-10-18,4,Tarjeta Débito,Tienda,Cancelada,1400.0,0
V001926,C00167,P013,2025-11-06,3,Tarjeta Débito,Marketplace,Completada,2200.0,15
V001927,C00890,P018,2025-11-07,2,Tarjeta Crédito,Marketplace,Cancelada,900.0,0
V001928,C00820,P021,2025-02-21,2,Tarjeta Crédito,Marketplace,Cancelada,11000.0,10
V001929,C00304,P003,2025-11-21,5,Efectivo,Tienda,Cancelada,6500.0,10
V001930,C00418,P015,2025-04-14,2,Tarjeta Crédito,Online,Completada,2600.0,0
V001931,C00874,P003,2025-10-04,5,Tarjeta Débito,Marketplace,Completada,6500.0,10
V001932,C00167,P022,2025-10-04,3,Tarjeta Crédito,Online,Completada,1200.0,0
V001933,C01011,P021,2025-07-10,4,Tarjeta Crédito,Tienda,Completada,11000.0,10
V001934,C00350,P019,2025-05-18,1,Tarjeta Débito,Marketplace,Devuelta,1800.0,10
V001935,C00520,P008,2025-01-12,5,Tarjeta Débito,Tienda,Devuelta,700.0,10
V001936,C01080,P003,2025-08-17,3,Transferencia,Tienda,Completada,6500.0,5
V001937,C00113,P003,2025-12-01,2,Efectivo,Tienda,Completada,6500.0,5
V001938,C00169,P025,2025-10-24,3,Tarjeta Crédito,Marketplace,Devuelta,4200.0,10
V001939,C01010,P025,2025-03-16,5,Transferencia,Online,Devuelta,4200.0,0
V001940,C00130,P028,2025-05-15,3,Tarjeta Crédito,Marketplace,Completada,250.0,0
V001941,C00153,P008,2025-05-21,1,Transferencia,Marketplace,Completada,700.0,10
V001942,C00622,P003,2025-01-30,2,Tarjeta Débito,Online,Completada,6500.0,10
V001943,C00777,P020,2025-01-07,5,Tarjeta Crédito,Online,Cancelada,1500.0,5
V001944,C00699,P004,2025-04-30,2,Efectivo,Online,Devuelta,9000.0,0
V001945,C00935,P001,2025-06-13,5,Tarjeta Crédito,Online,Completada,22000.0,20
V001946,C00921,P016,2025-12-21,4,Transferencia,Online,Cancelada,4500.0,20
V001947,C00909,P006,2025-05-16,2,Tarjeta Crédito,Tienda,Cancelada,1800.0,10
V001948,C00641,P021,2025-01-07,1,Tarjeta Crédito,Online,Completada,11000.0,0
V001949,C00913,P006,2025-09-08,4,Transferencia,Tienda,Devuelta,1800.0,10
V001950,C00318,P030,2025-07-07,1,Tarjeta Débito,Tienda,Cancelada,3200.0,10
V001951,C00138,P003,2025-12-02,5,Tarjeta Débito,Tienda,Completada,6500.0,0
V001952,C00684,P006,2025-07-26,5,Transferencia,Tienda,Completada,1800.0,15
V001953,C00031,P024,2025-12-12,5,Tarjeta Crédito,Marketplace,Completada,14500.0,0
V001954,C00112,P005,2025-11-28,3,Transferencia,Online,Completada,12000.0,10
V001955,C00380,P023,2025-12-13,4,Tarjeta Crédito,Marketplace,Cancelada,8500.0,10
V001956,C00516,P022,2025-10-23,4,Tarjeta Crédito,Online,Completada,1200.0,15
V001957,C00811,P006,2025-04-16,3,Tarjeta Crédito,Tienda,Devuelta,1800.0,0
V001958,C00218,P019,2025-08-18,4,Tarjeta Crédito,Tienda,Devuelta,1800.0,0
V001959,C01097,P021,2025-02-23,3,Tarjeta Crédito,Online,Completada,11000.0,0
V001960,C00828,P010,2025-05-02,1,Tarjeta Crédito,Online,Devuelta,4500.0,0
V001961,C00011,P012,2025-10-21,1,Tarjeta Crédito,Online,Completada,1700.0,5
V001962,C00918,P009,2025-02-05,1,Transferencia,Online,Devuelta,1300.0,10
V001963,C01000,P019,2025-12-07,1,Tarjeta Débito,Online,Completada,1800.0,0
V001964,C00198,P008,2025-11-23,2,Tarjeta Débito,Online,Devuelta,700.0,15
V001965,C00548,P027,2025-02-04,3,Tarjeta Crédito,Tienda,Completada,6000.0,0
V001966,C01178,P023,2025-07-10,4,Tarjeta Crédito,Online,Devuelta,8500.0,0
V001967,C00789,P025,2025-12-01,2,Tarjeta Crédito,Tienda,Devuelta,4200.0,10
V001968,C00670,P017,2025-02-22,5,Efectivo,Online,Completada,2200.0,0
V001969,C00572,P022,2025-08-04,4,Tarjeta Crédito,Online,Cancelada,1200.0,15
V001970,C00608,P026,2025-03-13,2,Transferencia,Online,Completada,800.0,0
V001971,C00241,P019,2025-03-06,2,Tarjeta Débito,Tienda,Devuelta,1620.0,5
V001972,C00586,P015,2025-06-02,1,Efectivo,Tienda,Completada,2600.0,15
V001973,C00511,P015,2025-04-30,2,Tarjeta Crédito,Online,Completada,2600.0,0
V001974,C00985,P030,2025-03-20,3,Transferencia,Tienda,Completada,3200.0,15
V001975,C00138,P029,2025-11-28,3,Tarjeta Crédito,Online,Completada,350.0,5
V001976,C00910,P025,2025-05-28,5,Tarjeta Crédito,Tienda,Cancelada,4200.0,0
V001977,C01040,P029,2025-06-20,1,Tarjeta Débito,Online,Completada,350.0,10
V001978,C01138,P015,2025-10-17,5,Efectivo,Tienda,Completada,2600.0,0
V001979,C00446,P018,2025-03-06,5,Tarjeta Crédito,Online,Completada,900.0,0
V001980,C00932,P023,2025-10-12,3,Tarjeta Crédito,Online,Completada,8500.0,0
V001981,C01132,P015,2025-09-02,5,Tarjeta Débito,Online,Completada,2600.0,5
V001982,C00580,P009,2025-12-09,2,Transferencia,Online,Completada,1300.0,5
V001983,C00382,P013,2025-11-10,1,Transferencia,Marketplace,Completada,2200.0,10
V001984,C00384,P012,2025-08-23,5,Transferencia,Online,Completada,1700.0,10
V001985,C00181,P007,2025-08-05,3,Efectivo,Tienda,Cancelada,1400.0,5
V001986,C00579,P009,2025-02-02,4,Tarjeta Crédito,Online,Completada,1300.0,0
V001987,C00809,P011,2025-04-27,1,Efectivo,Tienda,Completada,1800.0,0
V001988,C00166,P001,2025-07-11,1,Tarjeta Débito,Tienda,Completada,22000.0,0
V001989,C00713,P005,2025-09-05,4,Tarjeta Débito,Marketplace,Completada,12000.0,0
V001990,C00726,P027,2025-10-16,2,Tarjeta Crédito,Tienda,Devuelta,6000.0,5
V001991,C00604,P020,2025-08-11,5,Transferencia,Marketplace,Completada,1500.0,0
V001992,C00453,P005,2025-12-22,5,Efectivo,Online,Completada,12000.0,10
V001993,C01178,P021,2025-06-01,1,Efectivo,Marketplace,Completada,11000.0,5
V001994,C00806,P023,2025-08-28,3,Tarjeta Crédito,Tienda,Completada,8500.0,0
V001995,C00988,P006,2025-10-22,4,Tarjeta Crédito,Marketplace,Cancelada,1800.0,5
V001996,C00268,P027,2025-10-21,2,Tarjeta Crédito,Marketplace,Completada,6000.0,0
V001997,C00427,P022,2025-04-30,1,Tarjeta Débito,Online,Completada,1200.0,5
V001998,C01083,P022,2025-10-31,3,Tarjeta Crédito,Online,Completada,1200.0,15
V001999,C01184,P026,2025-05-15,3,Tarjeta Crédito,Marketplace,Cancelada,800.0,0
V002000,C00901,P004,2025-02-13,1,Transferencia,Tienda,Devuelta,9000.0,5
V002001,C00343,P001,2025-06-08,1,Tarjeta Crédito,Marketplace,Completada,22000.0,15
V002002,C00177,P016,2025-09-12,4,Tarjeta Débito,Tienda,Devuelta,4500.0,0
V002003,C01145,P018,2025-03-10,3,Tarjeta Crédito,Online,Completada,900.0,15
V002004,C00915,P013,2025-12-27,1,Tarjeta Débito,Tienda,Completada,2200.0,5
V002005,C00729,P010,2025-09-20,4,Tarjeta Débito,Online,Completada,4500.0,5
V002006,C00705,P013,2025-04-20,1,Efectivo,Online,Completada,2200.0,5
V002007,C01047,P016,2025-10-02,2,Tarjeta Débito,Online,Devuelta,4500.0,5
V002008,C00496,P011,2025-01-22,1,Transferencia,Marketplace,Devuelta,1800.0,5
V002009,C00055,P010,2025-07-02,2,Tarjeta Crédito,Online,Completada,4500.0,20
V002010,C00159,P024,2025-06-02,4,Transferencia,Online,Completada,14500.0,20
V002011,C00178,P006,2025-08-03,5,Tarjeta Débito,Online,Devuelta,1800.0,5
V002012,C01068,P017,2025-12-23,2,Tarjeta Crédito,Online,Completada,2200.0,0
V002013,C01056,P030,2025-10-15,2,Tarjeta Crédito,Online,Completada,3200.0,0
V002014,C00462,P001,2025-05-08,2,Tarjeta Crédito,Online,Completada,22000.0,0
V002015,C00462,P001,2025-07-15,1,Tarjeta Débito,Online,Cancelada,22000.0,0
V002016,C00364,P027,2025-10-02,2,Tarjeta Débito,Online,Completada,6000.0,5
V002017,C00722,P018,2025-10-22,5,Tarjeta Débito,Online,Cancelada,900.0,0
V002018,C00853,P018,2025-05-27,5,Tarjeta Débito,Online,Devuelta,900.0,0
V002019,C00907,P004,2025-09-15,2,Tarjeta Crédito,Tienda,Completada,9000.0,15
V002020,C01126,P029,2025-12-07,5,Tarjeta Crédito,Tienda,Completada,350.0,15
V002021,C00410,P028,2025-01-27,1,Efectivo,Marketplace,Completada,250.0,10
V002022,C01082,P009,2025-02-27,5,Tarjeta Crédito,Online,Completada,1300.0,5
V002023,C00547,P013,2025-11-21,2,Tarjeta Crédito,Tienda,Cancelada,2200.0,0
V002024,C00895,P003,2025-10-30,4,Transferencia,Tienda,Cancelada,6500.0,10
V002025,C00108,P006,2025-08-16,1,Tarjeta Débito,Online,Completada,1800.0,0
V002026,C00890,P009,2025-11-04,2,Transferencia,Online,Completada,1300.0,10
V002027,C00175,P017,2025-08-13,4,Tarjeta Crédito,Marketplace,Completada,2200.0,20
V002028,C00912,P017,2025-02-06,1,Tarjeta Crédito,Marketplace,Devuelta,2200.0,0
V002029,C00881,P013,2025-06-04,5,Tarjeta Crédito,Tienda,Devuelta,2200.0,5
V002030,C00241,P022,2025-12-12,1,Tarjeta Crédito,Online,Cancelada,1200.0,10
V002031,C00670,P008,2025-02-10,3,Tarjeta Débito,Tienda,Completada,700.0,10
V002032,C00161,P017,2025-04-01,5,Tarjeta Débito,Online,Completada,2200.0,15
V002033,C01091,P005,2025-12-24,5,Tarjeta Débito,Marketplace,Devuelta,12000.0,20
V002034,C00524,P020,2025-06-02,4,Tarjeta Débito,Online,Completada,1500.0,15
V002035,C00746,P008,2025-05-22,4,Tarjeta Débito,Tienda,Completada,700.0,0
V002036,C01060,P001,2025-10-26,5,Efectivo,Marketplace,Completada,22000.0,5
V002037,C00672,P022,2025-08-09,2,Efectivo,Tienda,Completada,1200.0,0
V002038,C00830,P019,2025-04-17,5,Tarjeta Crédito,Online,Completada,1800.0,10
V002039,C00411,P030,2025-09-03,4,Transferencia,Tienda,Completada,3200.0,0
V002040,C01082,P006,2025-05-06,5,Tarjeta Débito,Tienda,Completada,1800.0,0
V002041,C00889,P001,2025-01-22,1,Tarjeta Crédito,Marketplace,Devuelta,22000.0,10
V002042,C00284,P007,2025-03-21,1,Tarjeta Débito,Online,Completada,1400.0,0
V002043,C00964,P001,2025-04-30,5,Tarjeta Débito,Online,Completada,22000.0,10
V002044,C00093,P028,2025-04-13,5,Tarjeta Débito,Online,Cancelada,250.0,5
V002045,C00279,P027,2025-07-23,5,Tarjeta Crédito,Tienda,Completada,6000.0,0
V002046,C00567,P004,2025-08-25,1,Transferencia,Online,Cancelada,9000.0,5
V002047,C00224,P024,2025-04-19,2,Tarjeta Débito,Tienda,Completada,14500.0,10
V002048,C00263,P024,2025-04-21,5,Tarjeta Crédito,Tienda,Cancelada,14500.0,5
V002049,C00780,P017,2025-11-17,4,Efectivo,Marketplace,Devuelta,2200.0,10
V002050,C00245,P028,2025-09-07,3,Tarjeta Débito,Marketplace,Completada,250.0,5
V002051,C00355,P020,2025-04-02,2,Transferencia,Online,Completada,1500.0,0
V002052,C00164,P006,2025-07-26,1,Tarjeta Débito,Online,Devuelta,1800.0,5
V002053,C00537,P002,2025-10-21,4,Tarjeta Crédito,Tienda,Devuelta,14000.0,0
V002054,C00741,P027,2025-01-30,1,Tarjeta Débito,Online,Cancelada,6000.0,10
V002055,C01101,P007,2025-06-18,2,Tarjeta Crédito,Online,Completada,1400.0,5
V002056,C00675,P027,2025-03-03,5,Efectivo,Online,Completada,6000.0,5
V002057,C00293,P016,2025-05-31,2,Tarjeta Débito,Online,Completada,4500.0,0
V002058,C00924,P021,2025-09-30,1,Transferencia,Online,Completada,11000.0,20
V002059,C00388,P012,2025-03-24,5,Tarjeta Crédito,Online,Devuelta,1700.0,15
V002060,C00464,P008,2025-05-18,3,Tarjeta Crédito,Tienda,Cancelada,700.0,5
V002061,C00263,P018,2025-06-25,3,Tarjeta Crédito,Online,Cancelada,900.0,10
V002062,C00774,P022,2025-10-20,3,Tarjeta Débito,Marketplace,Devuelta,1200.0,0
V002063,C00002,P027,2025-01-17,2,Tarjeta Crédito,Online,Devuelta,6000.0,0
V002064,C00560,P001,2025-12-05,1,Tarjeta Débito,Marketplace,Completada,22000.0,20
V002065,C00737,P027,2025-01-03,3,Tarjeta Crédito,Tienda,Completada,6000.0,5
V002066,C00554,P011,2025-09-11,4,Tarjeta Crédito,Online,Devuelta,1800.0,0
V002067,C00594,P023,2025-07-31,1,Transferencia,Tienda,Completada,8500.0,15
V002068,C00967,P016,2025-08-20,5,Efectivo,Tienda,Completada,4500.0,0
V002069,C00586,P025,2025-07-25,3,Tarjeta Crédito,Online,Cancelada,4200.0,5
V002070,C00065,P019,2025-01-15,3,Transferencia,Online,Completada,1800.0,0
V002071,C00460,P019,2025-08-16,2,Efectivo,Online,Completada,1800.0,5
V002072,C00045,P005,2025-06-01,4,Tarjeta Débito,Online,Devuelta,12000.0,0
V002073,C00416,P017,2025-04-29,4,Efectivo,Marketplace,Completada,2200.0,0
V002074,C00891,P022,2025-09-11,5,Tarjeta Crédito,Online,Cancelada,1200.0,0
V002075,C00226,P006,2025-05-03,3,Transferencia,Tienda,Completada,1800.0,15
V002076,C00025,P010,2025-01-26,1,Tarjeta Débito,Tienda,Completada,4500.0,0
V002077,C00476,P010,2025-12-06,4,Transferencia,Online,Devuelta,4500.0,0
V002078,C01021,P012,2025-03-09,4,Tarjeta Débito,Tienda,Completada,1700.0,5
V002079,C00158,P014,2025-10-10,1,Transferencia,Online,Completada,5500.0,15
V002080,C00966,P013,2025-07-26,2,Tarjeta Crédito,Online,Devuelta,2200.0,0
V002081,C00860,P002,2025-05-29,5,Tarjeta Crédito,Online,Completada,14000.0,0
V002082,C00770,P030,2025-12-15,4,Tarjeta Crédito,Online,Cancelada,3200.0,0
V002083,C00411,P015,2025-09-01,3,Tarjeta Crédito,Online,Completada,2600.0,5
V002084,C00715,P027,2025-08-29,4,Tarjeta Crédito,Online,Completada,6000.0,0
V002085,C00557,P012,2025-04-10,5,Efectivo,Online,Completada,1700.0,0
V002086,C00105,P006,2025-01-05,2,Tarjeta Crédito,Online,Completada,1800.0,10
V002087,C00744,P019,2025-01-05,4,Tarjeta Débito,Tienda,Completada,1800.0,5
V002088,C00861,P023,2025-06-05,1,Tarjeta Crédito,Online,Completada,8500.0,10
V002089,C01061,P023,2025-03-21,4,Tarjeta Débito,Tienda,Completada,8500.0,20
V002090,C01033,P005,2025-07-02,4,Tarjeta Crédito,Online,Cancelada,12000.0,10
V002091,C00055,P008,2025-10-12,3,Tarjeta Crédito,Online,Cancelada,700.0,0
V002092,C00563,P026,2025-05-05,4,Efectivo,Marketplace,Completada,800.0,0
V002093,C00847,P023,2025-07-25,3,Tarjeta Débito,Online,Completada,8500.0,0
V002094,C00422,P028,2025-10-08,1,Efectivo,Tienda,Cancelada,250.0,0
V002095,C01092,P029,2025-06-04,3,Tarjeta Crédito,Online,Completada,350.0,5
V002096,C00339,P016,2025-11-26,3,Efectivo,Online,Completada,4500.0,0
V002097,C00769,P030,2025-01-30,1,Tarjeta Crédito,Online,Completada,3200.0,5
V002098,C00928,P017,2025-02-13,3,Transferencia,Marketplace,Completada,2200.0,5
V002099,C00676,P006,2025-01-08,3,Tarjeta Crédito,Online,Completada,1800.0,0
V002100,C00036,P011,2025-12-27,5,Efectivo,Marketplace,Devuelta,1800.0,20
V002101,C00785,P030,2025-03-24,2,Efectivo,Online,Completada,3200.0,0
V002102,C00276,P012,2025-12-19,5,Tarjeta Crédito,Tienda,Completada,1700.0,5
V002103,C00621,P005,2025-01-11,3,Tarjeta Crédito,Tienda,Completada,12000.0,20
V002104,C00781,P028,2025-04-20,2,Transferencia,Online,Completada,250.0,10
V002105,C00821,P025,2025-09-02,5,Tarjeta Crédito,Marketplace,Completada,4200.0,0
V002106,C00343,P030,2025-08-05,3,Transferencia,Online,Completada,3200.0,5
V002107,C00645,P004,2025-04-18,4,Tarjeta Crédito,Tienda,Completada,9000.0,0
V002108,C00771,P009,2025-03-02,2,Efectivo,Tienda,Completada,1300.0,5
V002109,C00313,P020,2025-07-02,5,Tarjeta Débito,Marketplace,Completada,1500.0,0
V002110,C00107,P001,2025-08-10,5,Tarjeta Crédito,Marketplace,Devuelta,22000.0,15
V002111,C00565,P019,2025-02-15,5,Transferencia,Marketplace,Cancelada,1800.0,0
V002112,C00616,P029,2025-01-15,5,Tarjeta Crédito,Online,Cancelada,350.0,0
V002113,C00388,P011,2025-10-16,2,Tarjeta Crédito,Online,Completada,1800.0,0
V002114,C00512,P014,2025-07-18,5,Tarjeta Débito,Tienda,Completada,5500.0,20
V002115,C01010,P030,2025-02-20,5,Tarjeta Débito,Online,Completada,3200.0,5
V002116,C00106,P019,2025-11-01,2,Tarjeta Crédito,Online,Completada,1800.0,5
V002117,C00358,P010,2025-07-30,3,Tarjeta Débito,Online,Completada,4500.0,15
V002118,C00303,P017,2025-07-14,4,Tarjeta Crédito,Online,Completada,2200.0,10
V002119,C00724,P012,2025-04-24,2,Tarjeta Débito,Online,Devuelta,1700.0,0
V002120,C00256,P021,2025-05-08,3,Tarjeta Crédito,Online,Completada,11000.0,15
V002121,C00655,P002,2025-06-05,5,Tarjeta Débito,Tienda,Completada,14000.0,0
V002122,C00220,P030,2025-07-27,5,Tarjeta Crédito,Online,Devuelta,3200.0,5
V002123,C00774,P009,2025-03-11,2,Transferencia,Online,Devuelta,1300.0,5
V002124,C00876,P017,2025-05-16,2,Efectivo,Online,Completada,2200.0,0
V002125,C00891,P008,2025-01-12,3,Tarjeta Débito,Online,Completada,700.0,0
V002126,C00597,P030,2025-01-04,5,Tarjeta Crédito,Online,Completada,3200.0,5
V002127,C00118,P003,2025-07-22,3,Tarjeta Crédito,Tienda,Completada,6500.0,0
V002128,C00681,P017,2025-12-29,1,Tarjeta Débito,Online,Devuelta,2200.0,5
V002129,C01011,P024,2025-08-27,1,Transferencia,Tienda,Completada,14500.0,20
V002130,C01192,P004,2025-03-20,4,Tarjeta Crédito,Online,Cancelada,9000.0,5
V002131,C00606,P005,2025-09-02,5,Efectivo,Online,Cancelada,12000.0,0
V002132,C00084,P009,2025-08-28,4,Tarjeta Crédito,Tienda,Cancelada,1300.0,10
V002133,C00235,P008,2025-02-10,5,Tarjeta Débito,Online,Devuelta,700.0,5
V002134,C00283,P002,2025-05-24,5,Tarjeta Crédito,Tienda,Completada,14000.0,0
V002135,C00842,P029,2025-09-05,2,Efectivo,Tienda,Completada,350.0,5
V002136,C00246,P021,2025-08-30,5,Tarjeta Débito,Marketplace,Completada,11000.0,5
V002137,C00911,P015,2025-02-15,4,Tarjeta Crédito,Tienda,Cancelada,2600.0,0
V002138,C00389,P012,2025-02-26,5,Tarjeta Crédito,Tienda,Completada,1700.0,5
V002139,C01089,P029,2025-05-31,5,Tarjeta Crédito,Online,Completada,350.0,15
V002140,C00516,P018,2025-07-28,4,Tarjeta Débito,Online,Completada,900.0,5
V002141,C00912,P003,2025-03-12,1,Tarjeta Crédito,Tienda,Completada,6500.0,0
V002142,C00692,P005,2025-01-25,2,Tarjeta Crédito,Marketplace,Completada,12000.0,5
V002143,C00509,P014,2025-08-10,4,Efectivo,Online,Completada,5500.0,10
V002144,C00305,P017,2025-03-25,1,Transferencia,Tienda,Devuelta,2200.0,15
V002145,C00445,P014,2025-05-12,5,Transferencia,Tienda,Devuelta,5500.0,0
V002146,C00393,P001,2025-04-26,5,Transferencia,Tienda,Completada,22000.0,0
V002147,C00215,P005,2025-05-29,1,Tarjeta Débito,Tienda,Completada,12000.0,20
V002148,C00767,P003,2025-10-23,5,Tarjeta Débito,Online,Completada,6500.0,15
V002149,C00384,P003,2025-10-28,3,Efectivo,Online,Devuelta,6500.0,0
V002150,C00445,P025,2025-11-28,1,Tarjeta Crédito,Marketplace,Completada,4200.0,10
V002151,C01114,P029,2025-04-16,2,Tarjeta Crédito,Online,Devuelta,350.0,0
V002152,C00818,P016,2025-09-16,3,Tarjeta Crédito,Online,Cancelada,4500.0,0
V002153,C00154,P026,2025-07-08,4,Tarjeta Débito,Online,Completada,800.0,0
V002154,C00854,P018,2025-10-15,3,Tarjeta Crédito,Marketplace,Devuelta,900.0,10
V002155,C00467,P007,2025-04-30,5,Tarjeta Crédito,Tienda,Completada,1400.0,0
V002156,C01196,P015,2025-12-04,1,Tarjeta Crédito,Tienda,Devuelta,2600.0,0
V002157,C00030,P013,2025-07-10,1,Tarjeta Crédito,Tienda,Devuelta,2200.0,5
V002158,C01146,P016,2025-09-22,2,Transferencia,Tienda,Completada,4500.0,5
V002159,C00634,P015,2025-07-13,2,Tarjeta Débito,Online,Completada,2600.0,0
V002160,C01164,P004,2025-11-03,1,Tarjeta Crédito,Tienda,Completada,9000.0,0
V002161,C00094,P016,2025-10-15,5,Tarjeta Crédito,Tienda,Completada,4500.0,10
V002162,C00918,P004,2025-10-12,4,Efectivo,Tienda,Completada,9000.0,5
V002163,C00792,P022,2025-11-04,2,Tarjeta Débito,Marketplace,Completada,1200.0,10
V002164,C00664,P012,2025-08-08,4,Tarjeta Crédito,Tienda,Completada,1700.0,0
V002165,C00724,P026,2025-02-01,5,Transferencia,Marketplace,Completada,800.0,5
V002166,C00476,P028,2025-07-04,2,Transferencia,Tienda,Completada,250.0,0
V002167,C01004,P025,2025-09-29,4,Tarjeta Crédito,Online,Completada,4200.0,0
V002168,C01127,P006,2025-05-14,5,Tarjeta Crédito,Online,Devuelta,1800.0,0
V002169,C00829,P017,2025-10-02,2,Tarjeta Débito,Online,Completada,2200.0,5
V002170,C00344,P023,2025-06-07,4,Tarjeta Crédito,Online,Completada,8500.0,10
V002171,C00112,P029,2025-07-04,5,Tarjeta Débito,Online,Cancelada,350.0,10
V002172,C00269,P003,2025-02-08,1,Tarjeta Crédito,Marketplace,Devuelta,6500.0,5
V002173,C01189,P009,2025-05-02,5,Transferencia,Marketplace,Completada,1300.0,0
V002174,C00071,P004,2025-06-01,4,Tarjeta Crédito,Marketplace,Devuelta,9000.0,10
V002175,C01153,P008,2025-02-14,4,Efectivo,Online,Cancelada,700.0,5
V002176,C00772,P001,2025-08-02,4,Transferencia,Marketplace,Cancelada,22000.0,0
V002177,C00827,P021,2025-05-10,1,Transferencia,Marketplace,Cancelada,11000.0,5
V002178,C00675,P003,2025-03-25,2,Efectivo,Tienda,Completada,6500.0,0
V002179,C01036,P018,2025-07-31,2,Tarjeta Crédito,Online,Completada,900.0,10
V002180,C00566,P028,2025-10-17,4,Tarjeta Crédito,Tienda,Completada,250.0,10
V002181,C00044,P004,2025-05-23,5,Tarjeta Débito,Online,Completada,9000.0,5
V002182,C00031,P004,2025-11-20,1,Tarjeta Crédito,Tienda,Completada,9000.0,5
V002183,C00362,P025,2025-04-18,2,Transferencia,Marketplace,Completada,4200.0,5
V002184,C00415,P009,2025-05-17,5,Tarjeta Crédito,Tienda,Devuelta,1300.0,0
V002185,C01069,P008,2025-01-19,1,Tarjeta Débito,Online,Devuelta,700.0,20
V002186,C01124,P027,2025-11-26,2,Tarjeta Crédito,Marketplace,Completada,6000.0,0
V002187,C00238,P006,2025-11-13,5,Tarjeta Crédito,Online,Devuelta,1800.0,15
V002188,C00347,P006,2025-03-13,4,Tarjeta Crédito,Marketplace,Completada,1800.0,15
V002189,C01044,P020,2025-08-08,1,Tarjeta Crédito,Marketplace,Cancelada,1500.0,0
V002190,C00322,P018,2025-05-24,2,Tarjeta Débito,Online,Completada,900.0,20
V002191,C00585,P030,2025-01-25,4,Tarjeta Crédito,Online,Cancelada,3200.0,15
V002192,C00051,P005,2025-08-20,2,Tarjeta Débito,Marketplace,Completada,12000.0,10
V002193,C00557,P005,2025-01-30,4,Efectivo,Marketplace,Cancelada,12000.0,15
V002194,C00179,P014,2025-07-25,1,Tarjeta Crédito,Tienda,Completada,5500.0,10
V002195,C00440,P019,2025-06-22,4,Tarjeta Débito,Online,Devuelta,1980.0000000000002,5
V002196,C00538,P017,2025-09-09,2,Transferencia,Online,Completada,2200.0,10
V002197,C00238,P007,2025-04-02,5,Efectivo,Marketplace,Completada,1400.0,5
V002198,C00225,P019,2025-10-30,2,Tarjeta Débito,Marketplace,Cancelada,1800.0,0
V002199,C01116,P029,2025-04-21,3,Transferencia,Marketplace,Completada,350.0,0
V002200,C00276,P025,2025-04-21,1,Tarjeta Débito,Marketplace,Completada,4200.0,0
V002201,C01131,P009,2025-06-30,3,Tarjeta Crédito,Online,Completada,1300.0,0
V002202,C00546,P013,2025-02-27,1,Tarjeta Débito,Online,Completada,2200.0,15
V002203,C00667,P020,2025-11-12,3,Tarjeta Crédito,Online,Completada,1500.0,15
V002204,C00479,P029,2025-01-16,3,Efectivo,Marketplace,Completada,350.0,0
V002205,C00456,P002,2025-07-28,1,Tarjeta Crédito,Online,Completada,14000.0,0
V002206,C00190,P007,2025-04-01,1,Tarjeta Crédito,Online,Devuelta,1400.0,10
V002207,C00986,P010,2025-05-18,5,Tarjeta Débito,Marketplace,Completada,4500.0,15
V002208,C00668,P008,2025-08-06,3,Tarjeta Débito,Online,Completada,700.0,0
V002209,C00631,P023,2025-01-29,4,Transferencia,Online,Devuelta,8500.0,5
V002210,C01011,P011,2025-05-24,2,Tarjeta Crédito,Marketplace,Devuelta,1800.0,0
V002211,C00877,P005,2025-01-24,1,Transferencia,Marketplace,Completada,12000.0,0
V002212,C01174,P012,2025-08-30,3,Transferencia,Online,Completada,1700.0,0
V002213,C00875,P013,2025-05-12,1,Tarjeta Débito,Online,Completada,2200.0,0
V002214,C01180,P023,2025-12-11,1,Tarjeta Crédito,Online,Completada,8500.0,15
V002215,C00188,P006,2025-06-08,3,Tarjeta Débito,Online,Completada,1800.0,0
V002216,C00033,P020,2025-08-16,3,Tarjeta Crédito,Marketplace,Devuelta,1500.0,10
V002217,C01021,P014,2025-08-03,1,Efectivo,Online,Completada,5500.0,5
V002218,C01165,P022,2025-05-03,1,Efectivo,Marketplace,Devuelta,1200.0,15
V002219,C00654,P028,2025-11-02,3,Tarjeta Crédito,Online,Completada,250.0,5
V002220,C00153,P007,2025-04-15,5,Tarjeta Crédito,Online,Completada,1400.0,5
V002221,C01017,P029,2025-09-30,5,Tarjeta Crédito,Tienda,Devuelta,350.0,0
V002222,C00892,P003,2025-06-01,1,Tarjeta Crédito,Online,Completada,6500.0,10
V002223,C01086,P025,2025-09-27,1,Tarjeta Débito,Marketplace,Completada,4200.0,0
V002224,C00765,P024,2025-09-06,5,Tarjeta Crédito,Online,Cancelada,14500.0,0
V002225,C00433,P007,2025-07-08,4,Tarjeta Débito,Tienda,Devuelta,1400.0,0
V002226,C00873,P009,2025-01-05,1,Efectivo,Marketplace,Completada,1300.0,15
V002227,C01066,P022,2025-07-29,4,Tarjeta Crédito,Marketplace,Completada,1200.0,15
V002228,C00014,P007,2025-03-21,5,Tarjeta Crédito,Online,Completada,1400.0,0
V002229,C00496,P002,2025-10-07,1,Efectivo,Online,Devuelta,14000.0,5
V002230,C00655,P018,2025-08-12,4,Efectivo,Online,Completada,900.0,15
V002231,C00156,P021,2025-05-09,5,Transferencia,Marketplace,Completada,11000.0,0
V002232,C00630,P018,2025-06-30,2,Tarjeta Crédito,Marketplace,Completada,900.0,15
V002233,C00350,P008,2025-05-10,1,Tarjeta Débito,Tienda,Completada,700.0,15
V002234,C00575,P016,2025-10-26,3,Tarjeta Débito,Online,Completada,4500.0,15
V002235,C00844,P025,2025-03-24,4,Tarjeta Débito,Marketplace,Cancelada,4200.0,10
V002236,C00496,P029,2025-09-25,5,Tarjeta Débito,Online,Completada,350.0,15
V002237,C00894,P023,2025-04-17,3,Tarjeta Crédito,Tienda,Completada,8500.0,5
V002238,C00659,P028,2025-08-08,3,Tarjeta Crédito,Online,Completada,250.0,0
V002239,C00396,P024,2025-04-01,2,Tarjeta Débito,Online,Completada,14500.0,0
V002240,C00553,P003,2025-04-22,3,Tarjeta Crédito,Online,Completada,6500.0,0
V002241,C01159,P002,2025-01-17,2,Tarjeta Crédito,Tienda,Completada,14000.0,0
V002242,C00842,P018,2025-12-02,4,Tarjeta Crédito,Marketplace,Cancelada,900.0,5
V002243,C00345,P009,2025-12-18,4,Tarjeta Crédito,Online,Cancelada,1300.0,15
V002244,C00388,P028,2025-08-21,4,Transferencia,Online,Completada,250.0,10
V002245,C00919,P030,2025-08-04,1,Tarjeta Débito,Online,Completada,3200.0,5
V002246,C01129,P017,2025-02-18,1,Transferencia,Tienda,Devuelta,2200.0,10
V002247,C00826,P025,2025-03-01,5,Tarjeta Débito,Tienda,Completada,4200.0,5
V002248,C01084,P006,2025-05-15,5,Tarjeta Débito,Tienda,Completada,1800.0,10
V002249,C00392,P030,2025-07-22,4,Efectivo,Marketplace,Completada,3200.0,10
V002250,C00823,P005,2025-07-14,2,Tarjeta Débito,Online,Completada,12000.0,5
V002251,C00279,P008,2025-10-03,1,Efectivo,Tienda,Completada,700.0,15
V002252,C00764,P026,2025-08-26,4,Tarjeta Débito,Tienda,Completada,800.0,10
V002253,C00933,P021,2025-01-29,5,Tarjeta Débito,Tienda,Completada,11000.0,0
V002254,C01054,P023,2025-07-12,5,Tarjeta Crédito,Online,Completada,8500.0,0
V002255,C00717,P010,2025-05-30,2,Tarjeta Crédito,Online,Completada,4500.0,15
V002256,C00304,P026,2025-11-23,1,Tarjeta Crédito,Tienda,Completada,800.0,20
V002257,C00524,P026,2025-11-02,4,Efectivo,Marketplace,Cancelada,800.0,0
V002258,C00324,P009,2025-08-13,1,Tarjeta Crédito,Online,Completada,1300.0,0
V002259,C00397,P018,2025-04-04,2,Transferencia,Online,Completada,900.0,10
V002260,C00818,P018,2025-11-11,5,Efectivo,Tienda,Completada,900.0,0
V002261,C00624,P025,2025-02-01,2,Tarjeta Débito,Tienda,Completada,4200.0,10
V002262,C00384,P019,2025-02-04,2,Tarjeta Débito,Tienda,Completada,1800.0,0
V002263,C00831,P012,2025-07-22,4,Tarjeta Débito,Marketplace,Completada,1700.0,20
V002264,C00553,P022,2025-04-08,1,Tarjeta Crédito,Marketplace,Completada,1200.0,0
V002265,C00675,P012,2025-11-30,2,Tarjeta Crédito,Marketplace,Completada,1700.0,15
V002266,C00831,P017,2025-11-27,4,Transferencia,Tienda,Cancelada,2200.0,15
V002267,C00865,P027,2025-10-07,3,Tarjeta Débito,Tienda,Cancelada,6000.0,0
V002268,C00629,P010,2025-12-09,4,Tarjeta Débito,Online,Completada,4500.0,15
V002269,C01070,P027,2025-08-07,1,Tarjeta Débito,Marketplace,Cancelada,6000.0,10
V002270,C00551,P029,2025-10-31,3,Transferencia,Tienda,Devuelta,350.0,0
V002271,C00433,P013,2025-04-30,2,Tarjeta Débito,Marketplace,Cancelada,2200.0,15
V002272,C00142,P018,2025-04-01,3,Transferencia,Marketplace,Completada,900.0,5
V002273,C00008,P028,2025-01-04,4,Tarjeta Crédito,Tienda,Completada,250.0,0
V002274,C00187,P028,2025-06-09,3,Tarjeta Débito,Online,Completada,250.0,20
V002275,C00910,P008,2025-08-04,3,Transferencia,Marketplace,Completada,700.0,0
V002276,C00904,P023,2025-05-10,2,Tarjeta Crédito,Marketplace,Completada,8500.0,10
V002277,C00085,P001,2025-03-06,5,Tarjeta Crédito,Tienda,Cancelada,22000.0,0
V002278,C00757,P010,2025-11-12,1,Tarjeta Débito,Online,Devuelta,4500.0,0
V002279,C01164,P029,2025-10-24,3,Tarjeta Crédito,Online,Completada,350.0,5
V002280,C00192,P027,2025-10-21,4,Tarjeta Débito,Tienda,Devuelta,6000.0,10
V002281,C00631,P027,2025-08-07,4,Tarjeta Débito,Tienda,Completada,6000.0,0
V002282,C00023,P022,2025-02-21,1,Transferencia,Online,Completada,1200.0,10
V002283,C01018,P013,2025-01-30,2,Tarjeta Débito,Marketplace,Completada,2200.0,15
V002284,C00932,P012,2025-03-01,2,Tarjeta Débito,Marketplace,Completada,1700.0,0
V002285,C00467,P029,2025-03-29,5,Tarjeta Débito,Online,Completada,350.0,5
V002286,C01150,P022,2025-08-23,4,Tarjeta Crédito,Online,Devuelta,1200.0,5
V002287,C00033,P001,2025-02-24,4,Transferencia,Marketplace,Completada,22000.0,0
V002288,C00337,P014,2025-11-22,4,Tarjeta Crédito,Online,Completada,5500.0,0
V002289,C01050,P021,2025-07-12,2,Tarjeta Débito,Marketplace,Cancelada,11000.0,10
V002290,C00839,P001,2025-11-11,5,Tarjeta Débito,Tienda,Completada,22000.0,5
V002291,C00878,P001,2025-10-16,2,Tarjeta Crédito,Tienda,Completada,22000.0,5
V002292,C00472,P006,2025-03-09,5,Efectivo,Marketplace,Cancelada,1800.0,0
V002293,C00339,P030,2025-08-13,1,Efectivo,Online,Devuelta,3200.0,5
V002294,C00389,P017,2025-11-23,1,Transferencia,Online,Completada,2200.0,10
V002295,C00892,P011,2025-11-24,4,Tarjeta Débito,Tienda,Cancelada,1800.0,15
V002296,C00206,P020,2025-02-07,4,Tarjeta Débito,Online,Completada,1500.0,10
V002297,C01171,P029,2025-06-15,5,Tarjeta Crédito,Marketplace,Cancelada,350.0,5
V002298,C00568,P022,2025-03-11,3,Tarjeta Débito,Online,Completada,1200.0,0
V002299,C00004,P007,2025-07-12,5,Tarjeta Débito,Marketplace,Completada,1400.0,10
V002300,C00352,P016,2025-12-29,2,Tarjeta Débito,Tienda,Completada,4500.0,10
V002301,C00316,P013,2025-05-02,2,Efectivo,Tienda,Completada,2200.0,10
V002302,C00121,P026,2025-01-16,5,Tarjeta Crédito,Online,Completada,800.0,10
V002303,C01133,P002,2025-05-08,5,Efectivo,Tienda,Completada,14000.0,5
V002304,C00451,P003,2025-11-23,3,Transferencia,Tienda,Completada,6500.0,5
V002305,C00572,P006,2025-04-03,5,Efectivo,Marketplace,Completada,1800.0,15
V002306,C01093,P006,2025-08-27,1,Transferencia,Online,Devuelta,1800.0,5
V002307,C00175,P008,2025-01-20,4,Transferencia,Marketplace,Completada,700.0,0
V002308,C00286,P030,2025-04-23,2,Tarjeta Crédito,Online,Devuelta,3200.0,0
V002309,C00820,P010,2025-12-15,2,Tarjeta Débito,Tienda,Completada,4500.0,0
V002310,C00380,P022,2025-12-31,2,Tarjeta Crédito,Online,Completada,1200.0,0
V002311,C00805,P022,2025-03-01,4,Tarjeta Crédito,Marketplace,Completada,1200.0,0
V002312,C01027,P022,2025-07-21,3,Tarjeta Crédito,Tienda,Completada,1200.0,0
V002313,C00060,P016,2025-09-12,4,Tarjeta Crédito,Marketplace,Completada,4500.0,0
V002314,C00275,P001,2025-01-14,1,Transferencia,Online,Devuelta,22000.0,0
V002315,C01193,P024,2025-09-02,5,Tarjeta Crédito,Tienda,Completada,14500.0,0
V002316,C00057,P011,2025-07-15,4,Tarjeta Crédito,Online,Completada,1800.0,0
V002317,C00243,P017,2025-08-04,2,Transferencia,Marketplace,Completada,2200.0,10
V002318,C00927,P002,2025-11-29,1,Tarjeta Crédito,Tienda,Completada,14000.0,10
V002319,C01030,P003,2025-10-12,1,Transferencia,Online,Cancelada,6500.0,5
V002320,C00106,P015,2025-05-06,1,Transferencia,Online,Completada,2600.0,10
V002321,C00198,P005,2025-01-27,4,Efectivo,Tienda,Devuelta,12000.0,5
V002322,C00394,P016,2025-04-12,3,Tarjeta Débito,Tienda,Cancelada,4500.0,0
V002323,C00033,P018,2025-11-26,5,Transferencia,Online,Cancelada,900.0,5
V002324,C01082,P012,2025-10-10,2,Transferencia,Online,Devuelta,1700.0,5
V002325,C00679,P011,2025-01-19,5,Tarjeta Crédito,Online,Completada,1800.0,5
V002326,C00921,P014,2025-04-26,4,Tarjeta Crédito,Marketplace,Devuelta,5500.0,5
V002327,C00912,P021,2025-04-01,4,Tarjeta Débito,Online,Devuelta,11000.0,10
V002328,C00242,P018,2025-02-20,4,Tarjeta Débito,Online,Devuelta,900.0,0
V002329,C00030,P009,2025-01-02,4,Tarjeta Crédito,Online,Completada,1300.0,0
V002330,C00122,P017,2025-09-25,4,Tarjeta Crédito,Tienda,Completada,2200.0,10
V002331,C01186,P018,2025-06-08,1,Tarjeta Crédito,Tienda,Completada,900.0,5
V002332,C00152,P010,2025-06-27,5,Tarjeta Débito,Online,Completada,4500.0,0
V002333,C01018,P022,2025-03-01,1,Tarjeta Crédito,Tienda,Completada,1200.0,5
V002334,C00951,P027,2025-03-25,5,Tarjeta Crédito,Online,Completada,6000.0,0
V002335,C00764,P021,2025-09-03,5,Tarjeta Crédito,Tienda,Completada,11000.0,5
V002336,C00705,P014,2025-04-25,5,Tarjeta Crédito,Marketplace,Completada,5500.0,15
V002337,C01119,P010,2025-03-27,5,Tarjeta Débito,Tienda,Completada,4500.0,20
V002338,C00617,P015,2025-09-19,2,Tarjeta Crédito,Tienda,Cancelada,2600.0,0
V002339,C00561,P018,2025-02-21,4,Tarjeta Crédito,Online,Cancelada,900.0,10
V002340,C00194,P029,2025-01-04,2,Transferencia,Online,Cancelada,350.0,0
V002341,C01042,P024,2025-12-20,2,Efectivo,Marketplace,Completada,14500.0,5
V002342,C00490,P016,2025-05-14,3,Tarjeta Crédito,Online,Completada,4500.0,10
V002343,C00654,P011,2025-03-31,3,Tarjeta Crédito,Tienda,Completada,1800.0,10
V002344,C00602,P022,2025-12-07,1,Tarjeta Crédito,Online,Devuelta,1200.0,0
V002345,C00997,P016,2025-01-25,1,Transferencia,Marketplace,Cancelada,4500.0,15
V002346,C00049,P010,2025-09-02,5,Tarjeta Crédito,Online,Devuelta,4500.0,10
V002347,C00858,P023,2025-10-04,2,Tarjeta Crédito,Online,Cancelada,8500.0,0
V002348,C01198,P018,2025-05-20,1,Tarjeta Débito,Tienda,Completada,900.0,0
V002349,C00089,P010,2025-10-01,3,Tarjeta Crédito,Tienda,Completada,4500.0,5
V002350,C00099,P001,2025-11-08,1,Tarjeta Débito,Online,Completada,22000.0,0
V002351,C00585,P005,2025-07-02,4,Transferencia,Online,Completada,12000.0,10
V002352,C00036,P009,2025-07-08,3,Tarjeta Crédito,Online,Devuelta,1300.0,5
V002353,C00822,P003,2025-11-11,5,Tarjeta Débito,Tienda,Cancelada,6500.0,15
V002354,C00184,P014,2025-12-18,1,Tarjeta Débito,Marketplace,Completada,5500.0,15
V002355,C00366,P020,2025-01-26,2,Transferencia,Online,Devuelta,1500.0,15
V002356,C00477,P025,2025-09-03,2,Tarjeta Crédito,Online,Completada,4200.0,0
V002357,C00603,P023,2025-08-20,3,Tarjeta Crédito,Online,Completada,8500.0,0
V002358,C00415,P018,2025-05-25,4,Tarjeta Débito,Online,Cancelada,900.0,0
V002359,C00057,P005,2025-02-01,2,Tarjeta Crédito,Marketplace,Completada,12000.0,0
V002360,C00435,P006,2025-01-25,4,Tarjeta Crédito,Online,Cancelada,1800.0,10
V002361,C00648,P008,2025-01-26,5,Tarjeta Débito,Tienda,Cancelada,700.0,10
V002362,C01182,P019,2025-04-17,4,Tarjeta Crédito,Online,Completada,1620.0,15
V002363,C00125,P027,2025-04-15,2,Transferencia,Marketplace,Devuelta,6000.0,0
V002364,C00107,P019,2025-07-01,5,Tarjeta Crédito,Online,Completada,1800.0,0
V002365,C00332,P014,2025-01-10,3,Efectivo,Online,Completada,5500.0,0
V002366,C00519,P019,2025-05-27,5,Tarjeta Crédito,Online,Devuelta,1800.0,15
V002367,C00026,P030,2025-11-10,2,Efectivo,Tienda,Completada,3200.0,10
V002368,C00149,P006,2025-09-22,2,Transferencia,Tienda,Devuelta,1800.0,5
V002369,C00727,P020,2025-06-02,2,Tarjeta Crédito,Tienda,Completada,1500.0,5
V002370,C00266,P013,2025-03-05,3,Tarjeta Débito,Marketplace,Cancelada,2200.0,5
V002371,C00080,P001,2025-01-06,5,Tarjeta Crédito,Online,Completada,22000.0,0
V002372,C00336,P020,2025-11-21,1,Tarjeta Crédito,Tienda,Completada,1500.0,0
V002373,C01153,P016,2025-10-09,3,Tarjeta Crédito,Tienda,Completada,4500.0,5
V002374,C00982,P006,2025-10-13,2,Transferencia,Tienda,Devuelta,1800.0,0
V002375,C00503,P004,2025-09-01,1,Tarjeta Crédito,Online,Cancelada,9000.0,0
V002376,C00754,P006,2025-10-05,3,Tarjeta Débito,Online,Cancelada,2160.0,5
V002377,C00603,P016,2025-05-05,4,Tarjeta Crédito,Tienda,Completada,4500.0,10
V002378,C01196,P010,2025-12-24,4,Tarjeta Débito,Marketplace,Devuelta,4500.0,0
V002379,C00040,P028,2025-04-27,3,Tarjeta Débito,Online,Completada,250.0,5
V002380,C00279,P010,2025-01-19,3,Tarjeta Crédito,Tienda,Completada,4500.0,15
V002381,C01136,P028,2025-04-11,4,Tarjeta Crédito,Marketplace,Completada,250.0,5
V002382,C00132,P029,2025-07-04,4,Tarjeta Crédito,Tienda,Devuelta,350.0,0
V002383,C00259,P013,2025-12-05,5,Tarjeta Crédito,Tienda,Completada,2200.0,0
V002384,C01125,P022,2025-03-29,1,Tarjeta Débito,Online,Completada,1200.0,0
V002385,C00942,P018,2025-11-12,5,Tarjeta Crédito,Tienda,Devuelta,900.0,15
V002386,C00409,P014,2025-03-02,5,Tarjeta Crédito,Tienda,Completada,5500.0,0
V002387,C00418,P004,2025-03-08,3,Transferencia,Online,Cancelada,9000.0,15
V002388,C00055,P020,2025-08-15,2,Tarjeta Crédito,Marketplace,Completada,1500.0,5
V002389,C00601,P006,2025-10-01,4,Tarjeta Crédito,Tienda,Completada,1800.0,10
V002390,C00088,P006,2025-03-03,1,Tarjeta Débito,Tienda,Cancelada,1800.0,10
V002391,C00357,P006,2025-05-12,3,Efectivo,Marketplace,Completada,1800.0,0
V002392,C00218,P014,2025-03-27,3,Tarjeta Débito,Online,Completada,5500.0,0
V002393,C00439,P011,2025-05-02,4,Transferencia,Online,Completada,1800.0,5
V002394,C00475,P020,2025-04-17,5,Tarjeta Crédito,Online,Cancelada,1350.0,10
V002395,C00910,P028,2025-04-29,1,Tarjeta Crédito,Online,Completada,250.0,0
V002396,C00405,P011,2025-09-26,2,Tarjeta Crédito,Online,Cancelada,1800.0,0
V002397,C00545,P004,2025-06-08,2,Tarjeta Débito,Tienda,Devuelta,9000.0,0
V002398,C00202,P004,2025-11-07,1,Tarjeta Crédito,Online,Cancelada,9000.0,0
V002399,C00138,P019,2025-10-16,3,Tarjeta Débito,Online,Completada,1800.0,10
V002400,C01174,P005,2025-04-16,5,Tarjeta Crédito,Online,Cancelada,12000.0,0
V002401,C01073,P002,2025-07-19,3,Tarjeta Crédito,Tienda,Completada,14000.0,5
V002402,C00995,P013,2025-06-18,4,Tarjeta Crédito,Online,Completada,2200.0,15
V002403,C00340,P003,2025-10-03,4,Tarjeta Crédito,Online,Cancelada,6500.0,5
V002404,C01040,P011,2025-07-30,5,Tarjeta Crédito,Online,Cancelada,1800.0,0
V002405,C00675,P018,2025-06-02,1,Tarjeta Crédito,Tienda,Cancelada,900.0,0
V002406,C00186,P019,2025-07-24,4,Tarjeta Crédito,Marketplace,Cancelada,1800.0,0
V002407,C00858,P028,2025-02-24,2,Tarjeta Débito,Online,Devuelta,250.0,10
V002408,C00822,P022,2025-09-12,2,Tarjeta Débito,Tienda,Completada,1200.0,10
V002409,C00435,P007,2025-05-31,4,Efectivo,Online,Completada,1400.0,5
V002410,C00378,P016,2025-08-08,4,Tarjeta Crédito,Marketplace,Devuelta,4500.0,10
V002411,C00623,P008,2025-12-08,4,Tarjeta Crédito,Marketplace,Completada,700.0,15
V002412,C00824,P025,2025-04-30,3,Tarjeta Crédito,Online,Cancelada,4200.0,0
V002413,C01008,P010,2025-07-28,5,Transferencia,Tienda,Devuelta,4500.0,5
V002414,C00618,P015,2025-07-12,2,Tarjeta Débito,Online,Completada,2600.0,0
V002415,C00688,P016,2025-08-26,3,Tarjeta Débito,Online,Completada,4500.0,0
V002416,C00796,P025,2025-05-10,2,Tarjeta Débito,Tienda,Cancelada,4200.0,5
V002417,C00572,P027,2025-04-02,3,Transferencia,Tienda,Completada,6000.0,15
V002418,C01110,P024,2025-07-09,2,Transferencia,Tienda,Completada,14500.0,0
V002419,C00812,P026,2025-03-05,3,Tarjeta Crédito,Online,Completada,800.0,10
V002420,C00920,P022,2025-05-03,2,Transferencia,Online,Completada,1200.0,10
V002421,C00444,P027,2025-03-20,5,Tarjeta Débito,Tienda,Completada,6000.0,0
V002422,C00250,P012,2025-12-30,2,Tarjeta Crédito,Marketplace,Devuelta,1700.0,15
V002423,C00809,P028,2025-10-24,2,Tarjeta Débito,Online,Completada,250.0,10
V002424,C01163,P022,2025-01-12,3,Tarjeta Crédito,Marketplace,Completada,1200.0,0
V002425,C00119,P024,2025-02-12,1,Transferencia,Online,Completada,14500.0,0
V002426,C00671,P025,2025-06-28,3,Tarjeta Débito,Tienda,Completada,4200.0,0
V002427,C00816,P011,2025-02-21,5,Efectivo,Online,Devuelta,1800.0,0
V002428,C00880,P024,2025-09-09,1,Tarjeta Débito,Online,Completada,14500.0,10
V002429,C00887,P018,2025-05-20,1,Tarjeta Débito,Marketplace,Completada,900.0,0
V002430,C00408,P010,2025-09-26,5,Tarjeta Crédito,Marketplace,Devuelta,4500.0,15
V002431,C01040,P007,2025-02-26,2,Tarjeta Crédito,Tienda,Devuelta,1400.0,10
V002432,C00529,P006,2025-02-16,3,Tarjeta Débito,Online,Cancelada,1800.0,0
V002433,C00531,P026,2025-08-01,4,Tarjeta Crédito,Tienda,Devuelta,800.0,5
V002434,C00085,P024,2025-09-11,4,Tarjeta Débito,Online,Devuelta,14500.0,0
V002435,C00275,P006,2025-10-05,4,Transferencia,Online,Completada,1800.0,15
V002436,C00781,P026,2025-03-16,4,Tarjeta Crédito,Tienda,Completada,880.0000000000001,5
V002437,C00617,P011,2025-07-01,5,Transferencia,Marketplace,Devuelta,1800.0,0
V002438,C00713,P003,2025-02-01,1,Tarjeta Crédito,Online,Devuelta,6500.0,0
V002439,C00057,P002,2025-10-14,3,Tarjeta Crédito,Online,Cancelada,14000.0,5
V002440,C00926,P022,2025-11-29,4,Tarjeta Débito,Online,Devuelta,1200.0,10
V002441,C00242,P017,2025-03-27,3,Tarjeta Débito,Online,Devuelta,2200.0,10
V002442,C00981,P026,2025-03-24,2,Tarjeta Débito,Tienda,Devuelta,800.0,10
V002443,C00672,P013,2025-12-14,5,Efectivo,Marketplace,Completada,2200.0,0
V002444,C00415,P006,2025-04-20,3,Efectivo,Online,Completada,1800.0,15
V002445,C00226,P023,2025-09-07,5,Tarjeta Débito,Marketplace,Completada,8500.0,15
V002446,C01091,P002,2025-12-08,1,Transferencia,Tienda,Completada,15400.000000000002,20
V002447,C00550,P004,2025-05-22,4,Tarjeta Crédito,Online,Completada,9000.0,5
V002448,C00179,P025,2025-10-02,4,Tarjeta Débito,Tienda,Completada,4200.0,0
V002449,C00580,P014,2025-09-28,2,Tarjeta Crédito,Tienda,Completada,5500.0,10
V002450,C00963,P002,2025-02-07,5,Transferencia,Tienda,Completada,14000.0,0
V002451,C00260,P013,2025-01-19,1,Tarjeta Crédito,Marketplace,Completada,2200.0,0
V002452,C00273,P007,2025-12-07,3,Efectivo,Marketplace,Completada,1400.0,5
V002453,C00636,P017,2025-08-30,1,Tarjeta Crédito,Marketplace,Cancelada,2200.0,0
V002454,C00578,P015,2025-07-02,1,Tarjeta Débito,Online,Completada,2600.0,10
V002455,C01005,P022,2025-03-20,2,Transferencia,Online,Completada,1200.0,15
V002456,C00359,P001,2025-04-03,2,Tarjeta Débito,Marketplace,Completada,22000.0,0
V002457,C00281,P019,2025-01-11,5,Tarjeta Crédito,Online,Cancelada,1800.0,5
V002458,C00595,P030,2025-02-22,5,Tarjeta Crédito,Online,Cancelada,3200.0,0
V002459,C01192,P011,2025-02-07,5,Tarjeta Débito,Online,Devuelta,1800.0,10
V002460,C00442,P003,2025-08-24,2,Tarjeta Crédito,Tienda,Completada,6500.0,5
V002461,C00563,P029,2025-06-04,1,Transferencia,Online,Completada,350.0,5
V002462,C00259,P027,2025-04-25,2,Efectivo,Tienda,Devuelta,6000.0,10
V002463,C01095,P019,2025-12-20,5,Tarjeta Crédito,Online,Completada,1800.0,0
V002464,C00614,P009,2025-04-09,4,Tarjeta Crédito,Online,Cancelada,1300.0,10
V002465,C00312,P018,2025-09-11,1,Efectivo,Online,Devuelta,900.0,5
V002466,C00204,P014,2025-06-03,5,Efectivo,Online,Cancelada,4950.0,0
V002467,C01194,P019,2025-02-06,3,Transferencia,Online,Completada,1800.0,0
V002468,C00688,P017,2025-11-17,4,Tarjeta Débito,Tienda,Cancelada,2200.0,5
V002469,C00610,P021,2025-08-15,2,Tarjeta Débito,Tienda,Cancelada,11000.0,0
V002470,C00518,P014,2025-06-23,3,Transferencia,Online,Devuelta,5500.0,0
V002471,C00111,P027,2025-07-01,3,Tarjeta Crédito,Online,Completada,6000.0,10
V002472,C00299,P027,2025-01-02,1,Tarjeta Crédito,Online,Cancelada,6000.0,0
V002473,C00370,P008,2025-06-17,2,Tarjeta Crédito,Marketplace,Completada,700.0,0
V002474,C00511,P022,2025-09-07,3,Tarjeta Crédito,Online,Completada,1200.0,5
V002475,C00657,P009,2025-02-02,2,Tarjeta Débito,Online,Cancelada,1300.0,5
V002476,C00370,P024,2025-12-31,3,Transferencia,Tienda,Completada,14500.0,15
V002477,C00894,P015,2025-03-19,3,Tarjeta Crédito,Online,Completada,2600.0,0
V002478,C00773,P007,2025-02-02,4,Tarjeta Crédito,Tienda,Completada,1400.0,0
V002479,C00712,P019,2025-09-24,4,Tarjeta Crédito,Online,Devuelta,1800.0,0
V002480,C00837,P018,2025-06-03,4,Tarjeta Débito,Marketplace,Devuelta,900.0,5
V002481,C00592,P020,2025-03-10,4,Tarjeta Crédito,Online,Cancelada,1500.0,0
V002482,C00293,P007,2025-12-17,5,Tarjeta Crédito,Tienda,Completada,1400.0,20
V002483,C00603,P027,2025-08-11,1,Tarjeta Crédito,Tienda,Completada,6000.0,0
V002484,C00341,P011,2025-06-04,3,Tarjeta Crédito,Online,Completada,1800.0,0
V002485,C00423,P003,2025-05-18,5,Tarjeta Crédito,Tienda,Devuelta,6500.0,5
V002486,C00021,P004,2025-12-23,4,Tarjeta Crédito,Tienda,Completada,9000.0,0
V002487,C00982,P027,2025-05-31,2,Tarjeta Débito,Online,Completada,6000.0,15
V002488,C01137,P025,2025-02-16,4,Tarjeta Crédito,Online,Completada,4200.0,15
V002489,C01052,P022,2025-11-06,5,Tarjeta Débito,Online,Completada,1200.0,10
V002490,C00091,P018,2025-01-07,2,Tarjeta Débito,Online,Devuelta,900.0,10
V002491,C00933,P001,2025-02-04,1,Tarjeta Crédito,Tienda,Completada,22000.0,5
V002492,C00806,P018,2025-08-03,2,Tarjeta Débito,Tienda,Devuelta,900.0,10
V002493,C00459,P010,2025-04-10,5,Tarjeta Crédito,Online,Devuelta,4500.0,15
V002494,C00618,P020,2025-06-30,4,Tarjeta Crédito,Marketplace,Completada,1500.0,10
V002495,C00682,P022,2025-05-07,1,Transferencia,Online,Completada,1200.0,5
V002496,C00785,P028,2025-02-05,5,Transferencia,Tienda,Completada,250.0,10
V002497,C00624,P018,2025-11-04,3,Transferencia,Marketplace,Cancelada,900.0,5
V002498,C00431,P026,2025-12-04,2,Tarjeta Crédito,Tienda,Completada,800.0,10
V002499,C00505,P014,2025-05-29,5,Tarjeta Crédito,Online,Completada,5500.0,0
V002500,C00952,P025,2025-10-16,1,Efectivo,Marketplace,Completada,4200.0,5
V002501,C00429,P029,2025-07-06,1,Efectivo,Online,Completada,350.0,15
V002502,C00264,P027,2025-08-21,2,Tarjeta Crédito,Online,Cancelada,6000.0,0
V002503,C00556,P006,2025-08-17,1,Tarjeta Débito,Marketplace,Cancelada,1800.0,0
V002504,C00745,P001,2025-01-27,2,Tarjeta Crédito,Online,Completada,22000.0,0
V002505,C01163,P023,2025-03-02,5,Transferencia,Marketplace,Completada,8500.0,0
V002506,C01059,P028,2025-08-27,5,Transferencia,Tienda,Devuelta,250.0,5
V002507,C00067,P028,2025-02-19,3,Tarjeta Crédito,Online,Completada,250.0,15
V002508,C01178,P022,2025-12-03,2,Tarjeta Débito,Online,Completada,1200.0,15
V002509,C00606,P019,2025-07-24,1,Tarjeta Crédito,Tienda,Cancelada,1800.0,10
V002510,C00917,P020,2025-11-28,1,Tarjeta Débito,Online,Devuelta,1500.0,15
V002511,C01079,P014,2025-01-29,2,Transferencia,Marketplace,Completada,5500.0,0
V002512,C00131,P012,2025-12-02,5,Tarjeta Crédito,Online,Completada,1700.0,10
V002513,C00372,P019,2025-03-11,1,Tarjeta Débito,Tienda,Completada,1800.0,5
V002514,C00585,P024,2025-03-11,4,Tarjeta Débito,Marketplace,Completada,14500.0,0
V002515,C00522,P004,2025-02-28,2,Tarjeta Débito,Tienda,Completada,9000.0,0
V002516,C00083,P023,2025-11-18,5,Tarjeta Débito,Online,Completada,8500.0,0
V002517,C01086,P023,2025-08-06,2,Tarjeta Crédito,Online,Completada,8500.0,15
V002518,C00892,P013,2025-05-10,1,Tarjeta Crédito,Marketplace,Completada,2200.0,0
V002519,C01198,P030,2025-08-04,2,Tarjeta Débito,Online,Completada,3200.0,5
V002520,C00985,P006,2025-06-17,4,Tarjeta Débito,Online,Completada,1800.0,0
V002521,C00483,P017,2025-04-05,4,Tarjeta Crédito,Online,Completada,2200.0,0
V002522,C00180,P002,2025-06-26,5,Tarjeta Crédito,Online,Cancelada,14000.0,0
V002523,C00962,P003,2025-02-02,2,Tarjeta Débito,Tienda,Cancelada,6500.0,10
V002524,C00302,P025,2025-01-31,5,Tarjeta Débito,Tienda,Completada,4200.0,15
V002525,C00195,P006,2025-01-14,2,Transferencia,Marketplace,Completada,1800.0,10
V002526,C00571,P024,2025-06-25,2,Transferencia,Online,Completada,14500.0,10
V002527,C00671,P008,2025-05-17,3,Transferencia,Online,Completada,700.0,5
V002528,C01091,P016,2025-10-03,3,Tarjeta Crédito,Marketplace,Devuelta,4500.0,10
V002529,C00690,P003,2025-08-20,5,Efectivo,Marketplace,Devuelta,6500.0,5
V002530,C00267,P024,2025-09-06,4,Tarjeta Débito,Online,Completada,14500.0,20
V002531,C00884,P026,2025-08-15,1,Tarjeta Débito,Marketplace,Cancelada,800.0,5
V002532,C01087,P004,2025-02-25,4,Efectivo,Tienda,Cancelada,9000.0,5
V002533,C00101,P004,2025-09-18,5,Transferencia,Online,Devuelta,9000.0,0
V002534,C01055,P014,2025-04-16,1,Transferencia,Online,Cancelada,5500.0,0
V002535,C00960,P013,2025-06-04,2,Transferencia,Tienda,Completada,2200.0,5
V002536,C00838,P022,2025-07-01,3,Tarjeta Débito,Online,Completada,1200.0,10
V002537,C00720,P028,2025-07-13,3,Tarjeta Crédito,Marketplace,Completada,250.0,0
V002538,C00249,P027,2025-10-18,3,Tarjeta Crédito,Tienda,Completada,6000.0,0
V002539,C00656,P011,2025-01-25,4,Tarjeta Crédito,Online,Devuelta,1800.0,15
V002540,C00549,P017,2025-04-24,3,Tarjeta Débito,Tienda,Completada,2200.0,0
V002541,C00333,P024,2025-02-23,3,Transferencia,Marketplace,Completada,14500.0,0
V002542,C00173,P004,2025-11-03,1,Tarjeta Débito,Online,Devuelta,9000.0,5
V002543,C00024,P026,2025-07-06,1,Tarjeta Débito,Online,Cancelada,800.0,0
V002544,C00693,P029,2025-05-02,4,Transferencia,Tienda,Completada,350.0,5
V002545,C00195,P029,2025-06-11,2,Transferencia,Tienda,Completada,350.0,5
V002546,C00220,P029,2025-08-21,3,Tarjeta Crédito,Online,Completada,350.0,10
V002547,C01085,P018,2025-03-11,1,Tarjeta Débito,Online,Devuelta,900.0,10
V002548,C00121,P014,2025-10-31,5,Tarjeta Débito,Online,Completada,5500.0,5
V002549,C01199,P021,2025-03-22,5,Tarjeta Crédito,Online,Completada,11000.0,15
V002550,C01072,P002,2025-01-30,2,Tarjeta Débito,Online,Completada,14000.0,0
V002551,C00504,P020,2025-08-27,3,Tarjeta Crédito,Online,Completada,1500.0,0
V002552,C01141,P008,2025-06-19,3,Tarjeta Débito,Marketplace,Completada,700.0,5
V002553,C00551,P018,2025-05-29,1,Tarjeta Débito,Online,Completada,900.0,10
V002554,C00946,P024,2025-02-16,4,Tarjeta Crédito,Tienda,Completada,14500.0,0
V002555,C00726,P029,2025-12-19,2,Transferencia,Online,Devuelta,350.0,10
V002556,C00961,P013,2025-07-17,1,Transferencia,Online,Cancelada,2200.0,5
V002557,C00609,P027,2025-03-11,2,Transferencia,Online,Devuelta,6000.0,5
V002558,C01140,P010,2025-03-02,2,Tarjeta Débito,Tienda,Completada,4500.0,15
V002559,C00002,P007,2025-12-26,2,Tarjeta Débito,Online,Completada,1400.0,0
V002560,C00011,P028,2025-07-17,4,Tarjeta Débito,Online,Cancelada,250.0,5
V002561,C00330,P020,2025-07-17,4,Tarjeta Crédito,Tienda,Completada,1500.0,15
V002562,C00367,P014,2025-12-18,5,Tarjeta Crédito,Online,Cancelada,5500.0,15
V002563,C01052,P011,2025-10-08,1,Tarjeta Crédito,Online,Devuelta,1800.0,0
V002564,C00124,P026,2025-08-19,5,Tarjeta Débito,Online,Completada,800.0,0
V002565,C00113,P012,2025-04-29,1,Tarjeta Crédito,Marketplace,Cancelada,1700.0,10
V002566,C00810,P017,2025-08-15,4,Tarjeta Crédito,Tienda,Devuelta,2200.0,5
V002567,C00859,P011,2025-05-29,3,Tarjeta Crédito,Tienda,Completada,1800.0,10
V002568,C01045,P004,2025-06-10,5,Tarjeta Crédito,Online,Completada,9000.0,10
V002569,C00335,P015,2025-12-26,3,Transferencia,Online,Cancelada,2600.0,10
V002570,C01009,P023,2025-01-09,1,Tarjeta Débito,Online,Completada,8500.0,0
V002571,C00816,P021,2025-05-11,1,Tarjeta Crédito,Online,Cancelada,11000.0,0
V002572,C00273,P003,2025-03-29,2,Tarjeta Crédito,Marketplace,Completada,6500.0,5
V002573,C00039,P024,2025-08-28,5,Tarjeta Crédito,Online,Devuelta,14500.0,5
V002574,C00942,P002,2025-08-29,4,Tarjeta Débito,Tienda,Completada,14000.0,5
V002575,C00154,P015,2025-04-08,3,Efectivo,Tienda,Cancelada,2600.0,0
V002576,C00535,P023,2025-07-25,1,Transferencia,Marketplace,Cancelada,8500.0,5
V002577,C00250,P008,2025-04-12,3,Tarjeta Débito,Online,Completada,700.0,20
V002578,C00398,P009,2025-01-20,5,Tarjeta Crédito,Marketplace,Completada,1300.0,10
V002579,C01200,P023,2025-08-17,5,Tarjeta Crédito,Tienda,Devuelta,8500.0,5
V002580,C00673,P010,2025-04-28,4,Transferencia,Online,Devuelta,4500.0,0
V002581,C01057,P029,2025-01-15,4,Tarjeta Crédito,Tienda,Completada,350.0,15
V002582,C00872,P026,2025-04-08,3,Tarjeta Crédito,Online,Cancelada,800.0,0
V002583,C00783,P004,2025-07-10,1,Transferencia,Marketplace,Cancelada,9000.0,10
V002584,C00737,P012,2025-12-23,3,Tarjeta Débito,Marketplace,Completada,1700.0,5
V002585,C00647,P028,2025-10-05,3,Tarjeta Crédito,Online,Completada,250.0,10
V002586,C00454,P022,2025-06-10,5,Tarjeta Crédito,Tienda,Devuelta,1200.0,10
V002587,C01082,P010,2025-05-31,1,Tarjeta Crédito,Marketplace,Completada,4500.0,5
V002588,C00896,P021,2025-03-16,2,Tarjeta Crédito,Online,Cancelada,11000.0,0
V002589,C00768,P021,2025-06-04,2,Tarjeta Débito,Online,Devuelta,11000.0,20
V002590,C00832,P018,2025-03-16,5,Tarjeta Crédito,Tienda,Completada,900.0,5
V002591,C00484,P002,2025-04-16,2,Transferencia,Marketplace,Completada,14000.0,5
V002592,C01014,P002,2025-10-29,1,Tarjeta Débito,Online,Completada,14000.0,10
V002593,C00736,P013,2025-10-18,3,Tarjeta Débito,Tienda,Cancelada,2200.0,5
V002594,C00781,P010,2025-07-18,1,Efectivo,Tienda,Completada,4500.0,5
V002595,C01099,P003,2025-11-15,1,Transferencia,Online,Completada,6500.0,10
V002596,C00329,P012,2025-08-16,1,Efectivo,Online,Cancelada,1700.0,0
V002597,C00934,P010,2025-08-26,5,Tarjeta Crédito,Marketplace,Completada,4500.0,5
V002598,C00545,P030,2025-12-25,4,Tarjeta Débito,Tienda,Completada,3200.0,0
V002599,C00502,P009,2025-03-29,3,Tarjeta Débito,Online,Completada,1300.0,10
V002600,C01066,P022,2025-11-04,4,Tarjeta Débito,Online,Cancelada,1200.0,0
V002601,C00521,P001,2025-04-06,2,Tarjeta Débito,Online,Cancelada,22000.0,10
V002602,C00985,P013,2025-08-30,1,Tarjeta Crédito,Tienda,Cancelada,2200.0,5
V002603,C00454,P009,2025-09-30,4,Tarjeta Débito,Marketplace,Completada,1300.0,0
V002604,C00503,P009,2025-12-03,3,Tarjeta Crédito,Online,Completada,1300.0,20
V002605,C00446,P011,2025-07-26,1,Tarjeta Crédito,Online,Devuelta,1800.0,5
V002606,C00367,P029,2025-12-31,2,Transferencia,Tienda,Completada,350.0,20
V002607,C00320,P029,2025-07-29,1,Transferencia,Tienda,Completada,350.0,0
V002608,C00267,P003,2025-01-27,4,Efectivo,Online,Devuelta,6500.0,0
V002609,C00415,P003,2025-10-20,4,Tarjeta Crédito,Marketplace,Completada,5200.0,10
V002610,C01164,P013,2025-05-15,1,Tarjeta Débito,Online,Completada,2200.0,5
V002611,C01189,P028,2025-11-22,1,Transferencia,Online,Completada,250.0,0
V002612,C01149,P023,2025-02-12,3,Efectivo,Online,Completada,8500.0,10
V002613,C00162,P010,2025-05-16,3,Tarjeta Crédito,Tienda,Completada,4500.0,0
V002614,C00598,P014,2025-10-14,5,Efectivo,Online,Devuelta,5500.0,5
V002615,C00414,P021,2025-08-16,1,Tarjeta Crédito,Online,Cancelada,11000.0,0
V002616,C00777,P030,2025-10-13,5,Tarjeta Débito,Tienda,Completada,3200.0,10
V002617,C00927,P018,2025-03-25,4,Tarjeta Crédito,Online,Devuelta,900.0,0
V002618,C01015,P007,2025-12-17,5,Tarjeta Débito,Online,Completada,1400.0,15
V002619,C00189,P029,2025-07-11,5,Tarjeta Débito,Online,Completada,350.0,15
V002620,C00749,P019,2025-04-03,3,Tarjeta Débito,Online,Completada,1800.0,5
V002621,C00219,P030,2025-04-04,2,Tarjeta Crédito,Marketplace,Devuelta,3200.0,10
V002622,C00141,P014,2025-03-04,1,Tarjeta Débito,Tienda,Completada,5500.0,10
V002623,C00677,P003,2025-12-13,2,Transferencia,Online,Completada,6500.0,0
V002624,C00718,P013,2025-12-24,4,Tarjeta Débito,Marketplace,Completada,2200.0,10
V002625,C00336,P020,2025-12-23,5,Tarjeta Débito,Online,Devuelta,1500.0,5
V002626,C00258,P001,2025-03-11,3,Tarjeta Débito,Online,Completada,22000.0,10
V002627,C00025,P015,2025-09-18,5,Tarjeta Débito,Online,Completada,2600.0,5
V002628,C00979,P023,2025-11-05,4,Tarjeta Débito,Online,Completada,8500.0,5
V002629,C00712,P003,2025-07-04,3,Tarjeta Crédito,Marketplace,Completada,6500.0,10
V002630,C00914,P012,2025-08-17,4,Efectivo,Marketplace,Completada,1700.0,15
V002631,C00425,P020,2025-11-03,3,Transferencia,Tienda,Completada,1500.0,10
V002632,C00083,P001,2025-11-10,3,Tarjeta Débito,Tienda,Completada,22000.0,5
V002633,C00404,P021,2025-05-24,2,Efectivo,Tienda,Completada,11000.0,15
V002634,C00338,P026,2025-01-02,4,Efectivo,Marketplace,Completada,800.0,5
V002635,C00480,P020,2025-02-03,4,Transferencia,Online,Completada,1500.0,0
V002636,C00047,P029,2025-10-25,2,Transferencia,Marketplace,Completada,350.0,0
V002637,C01099,P005,2025-07-19,5,Tarjeta Débito,Tienda,Completada,12000.0,10
V002638,C00439,P024,2025-11-06,5,Tarjeta Crédito,Online,Completada,14500.0,10
V002639,C00987,P022,2025-05-21,2,Tarjeta Crédito,Tienda,Devuelta,1200.0,0
V002640,C00494,P004,2025-05-02,5,Tarjeta Débito,Online,Completada,9000.0,0
V002641,C00577,P023,2025-09-26,5,Efectivo,Online,Completada,8500.0,15
V002642,C01170,P007,2025-02-15,2,Tarjeta Crédito,Online,Devuelta,1400.0,10
V002643,C01116,P006,2025-09-22,1,Tarjeta Crédito,Marketplace,Completada,1800.0,5
V002644,C01063,P027,2025-10-25,4,Transferencia,Tienda,Completada,6000.0,0
V002645,C01142,P005,2025-03-24,3,Efectivo,Online,Cancelada,12000.0,0
V002646,C00088,P001,2025-05-14,3,Tarjeta Débito,Online,Completada,22000.0,15
V002647,C01037,P027,2025-06-25,5,Transferencia,Marketplace,Completada,6000.0,10
V002648,C00770,P026,2025-07-28,2,Tarjeta Crédito,Online,Completada,800.0,0
V002649,C00917,P003,2025-12-22,1,Tarjeta Débito,Online,Completada,6500.0,0
V002650,C00801,P010,2025-01-11,5,Transferencia,Online,Completada,4500.0,10
V002651,C00766,P018,2025-05-01,5,Tarjeta Crédito,Marketplace,Completada,900.0,0
V002652,C00379,P027,2025-12-01,2,Tarjeta Crédito,Online,Completada,6000.0,10
V002653,C01148,P013,2025-04-29,5,Transferencia,Marketplace,Devuelta,2200.0,15
V002654,C01148,P027,2025-12-12,2,Tarjeta Débito,Tienda,Devuelta,6000.0,5
V002655,C00214,P005,2025-06-13,4,Tarjeta Débito,Tienda,Completada,12000.0,10
V002656,C00398,P007,2025-08-13,1,Tarjeta Crédito,Marketplace,Completada,1400.0,0
V002657,C00521,P005,2025-01-10,4,Tarjeta Débito,Online,Completada,12000.0,15
V002658,C00277,P018,2025-07-05,2,Tarjeta Crédito,Online,Completada,900.0,0
V002659,C00165,P024,2025-10-21,1,Tarjeta Crédito,Marketplace,Cancelada,14500.0,0
V002660,C00785,P014,2025-12-29,5,Tarjeta Crédito,Tienda,Cancelada,4950.0,0
V002661,C01006,P013,2025-01-22,3,Transferencia,Online,Completada,2200.0,5
V002662,C00633,P018,2025-01-14,5,Tarjeta Débito,Tienda,Completada,900.0,10
V002663,C00923,P006,2025-11-13,1,Tarjeta Débito,Marketplace,Devuelta,1800.0,10
V002664,C00739,P018,2025-07-28,5,Tarjeta Crédito,Online,Completada,900.0,0
V002665,C00294,P003,2025-06-21,5,Tarjeta Crédito,Online,Devuelta,6500.0,20
V002666,C00141,P004,2025-08-22,3,Tarjeta Débito,Tienda,Cancelada,9000.0,0
V002667,C00979,P018,2025-06-14,2,Tarjeta Débito,Marketplace,Cancelada,900.0,0
V002668,C01025,P006,2025-07-02,3,Tarjeta Crédito,Tienda,Cancelada,1800.0,15
V002669,C00571,P030,2025-07-01,2,Tarjeta Crédito,Online,Devuelta,3200.0,5
V002670,C00926,P006,2025-07-01,5,Tarjeta Crédito,Online,Devuelta,1800.0,0
V002671,C00375,P016,2025-09-12,2,Tarjeta Débito,Online,Devuelta,4500.0,5
V002672,C00152,P002,2025-07-01,2,Tarjeta Débito,Tienda,Completada,14000.0,5
V002673,C00425,P017,2025-11-07,5,Efectivo,Online,Completada,2200.0,5
V002674,C00336,P001,2025-02-26,3,Tarjeta Crédito,Online,Devuelta,22000.0,10
V002675,C00327,P006,2025-01-24,3,Tarjeta Débito,Online,Cancelada,1800.0,10
V002676,C00846,P013,2025-07-29,5,Transferencia,Marketplace,Completada,2200.0,0
V002677,C00927,P009,2025-07-14,2,Tarjeta Débito,Online,Completada,1300.0,0
V002678,C00102,P029,2025-02-18,5,Tarjeta Débito,Online,Cancelada,350.0,0
V002679,C00133,P026,2025-10-08,1,Tarjeta Crédito,Tienda,Devuelta,800.0,0
V002680,C01077,P004,2025-10-07,5,Tarjeta Crédito,Tienda,Completada,9000.0,0
V002681,C00716,P009,2025-12-10,5,Tarjeta Crédito,Marketplace,Completada,1300.0,5
V002682,C00027,P003,2025-03-17,5,Tarjeta Crédito,Online,Devuelta,6500.0,0
V002683,C00827,P004,2025-07-02,4,Tarjeta Crédito,Online,Completada,9000.0,0
V002684,C01196,P026,2025-08-05,2,Tarjeta Crédito,Tienda,Devuelta,800.0,10
V002685,C00782,P007,2025-09-18,1,Transferencia,Marketplace,Devuelta,1400.0,15
V002686,C00651,P001,2025-11-25,2,Tarjeta Débito,Online,Devuelta,22000.0,10
V002687,C00231,P009,2025-07-06,3,Tarjeta Débito,Tienda,Devuelta,1300.0,15
V002688,C00826,P029,2025-12-17,4,Efectivo,Tienda,Devuelta,350.0,10
V002689,C00048,P009,2025-04-16,1,Tarjeta Crédito,Online,Cancelada,1300.0,5
V002690,C00101,P003,2025-12-31,4,Tarjeta Crédito,Online,Devuelta,6500.0,15
V002691,C01156,P009,2025-10-05,5,Transferencia,Marketplace,Cancelada,1300.0,5
V002692,C00469,P024,2025-03-28,5,Efectivo,Marketplace,Completada,14500.0,10
V002693,C00228,P023,2025-12-16,5,Tarjeta Crédito,Marketplace,Completada,8500.0,15
V002694,C00971,P018,2025-08-17,4,Tarjeta Débito,Marketplace,Cancelada,900.0,5
V002695,C01093,P017,2025-01-19,2,Efectivo,Tienda,Completada,2200.0,0
V002696,C00046,P022,2025-11-01,2,Tarjeta Crédito,Online,Completada,1200.0,5
V002697,C00204,P021,2025-01-20,2,Tarjeta Débito,Online,Devuelta,11000.0,0
V002698,C00547,P015,2025-02-12,5,Transferencia,Online,Completada,2600.0,20
V002699,C00838,P006,2025-07-21,1,Tarjeta Débito,Tienda,Cancelada,1800.0,15
V002700,C00842,P030,2025-12-24,2,Tarjeta Crédito,Tienda,Completada,3200.0,5
V002701,C00998,P013,2025-10-06,3,Transferencia,Online,Completada,2200.0,0
V002702,C00757,P012,2025-05-21,1,Tarjeta Crédito,Online,Cancelada,1700.0,5
V002703,C00582,P024,2025-08-05,1,Tarjeta Crédito,Online,Completada,14500.0,0
V002704,C00561,P020,2025-06-11,4,Tarjeta Crédito,Tienda,Completada,1500.0,5
V002705,C00762,P004,2025-04-16,4,Tarjeta Crédito,Tienda,Cancelada,9000.0,10
V002706,C00518,P015,2025-11-26,2,Transferencia,Tienda,Completada,2600.0,10
V002707,C01036,P018,2025-10-06,1,Tarjeta Crédito,Tienda,Cancelada,900.0,0
V002708,C01078,P029,2025-07-15,2,Tarjeta Crédito,Online,Cancelada,350.0,10
V002709,C01047,P023,2025-08-29,5,Transferencia,Online,Completada,8500.0,5
V002710,C00231,P026,2025-02-27,1,Tarjeta Crédito,Online,Completada,800.0,0
V002711,C01034,P006,2025-09-09,3,Transferencia,Online,Cancelada,1800.0,5
V002712,C01012,P025,2025-05-28,5,Tarjeta Crédito,Online,Cancelada,4200.0,10
V002713,C00474,P020,2025-05-21,1,Tarjeta Crédito,Marketplace,Devuelta,1500.0,0
V002714,C00785,P018,2025-05-26,1,Tarjeta Crédito,Tienda,Completada,900.0,5
V002715,C01054,P030,2025-10-04,2,Tarjeta Crédito,Online,Devuelta,3200.0,15
V002716,C01117,P006,2025-03-23,4,Tarjeta Crédito,Marketplace,Completada,1800.0,15
V002717,C00345,P028,2025-05-19,3,Tarjeta Crédito,Online,Completada,250.0,10
V002718,C00302,P007,2025-03-07,3,Tarjeta Débito,Tienda,Completada,1400.0,5
V002719,C00158,P029,2025-01-19,3,Tarjeta Débito,Marketplace,Completada,350.0,15
V002720,C01119,P007,2025-03-14,3,Tarjeta Crédito,Marketplace,Completada,1400.0,0
V002721,C00541,P025,2025-08-07,2,Tarjeta Crédito,Tienda,Completada,4200.0,5
V002722,C01163,P027,2025-05-10,3,Tarjeta Crédito,Online,Completada,6000.0,5
V002723,C01078,P020,2025-09-13,1,Transferencia,Tienda,Completada,1500.0,0
V002724,C00037,P007,2025-03-22,4,Tarjeta Débito,Tienda,Devuelta,1400.0,0
V002725,C00709,P002,2025-12-28,3,Tarjeta Débito,Online,Cancelada,14000.0,5
V002726,C00418,P029,2025-10-22,4,Tarjeta Crédito,Tienda,Completada,350.0,15
V002727,C00056,P018,2025-11-13,5,Tarjeta Crédito,Tienda,Completada,900.0,0
V002728,C00544,P023,2025-09-06,3,Tarjeta Débito,Online,Devuelta,8500.0,0
V002729,C00593,P020,2025-08-03,5,Tarjeta Crédito,Online,Devuelta,1500.0,15
V002730,C00737,P016,2025-10-14,1,Tarjeta Débito,Online,Cancelada,4500.0,5
V002731,C00140,P030,2025-03-05,3,Tarjeta Crédito,Online,Completada,3200.0,10
V002732,C00335,P021,2025-12-05,1,Tarjeta Crédito,Online,Completada,11000.0,0
V002733,C00829,P020,2025-07-04,2,Efectivo,Online,Completada,1500.0,20
V002734,C00441,P015,2025-10-01,4,Tarjeta Crédito,Tienda,Completada,2600.0,20
V002735,C00715,P005,2025-01-25,5,Tarjeta Débito,Marketplace,Completada,12000.0,10
V002736,C00316,P005,2025-10-07,4,Efectivo,Marketplace,Completada,12000.0,5
V002737,C00420,P017,2025-11-07,1,Transferencia,Marketplace,Completada,2200.0,10
V002738,C00582,P019,2025-01-25,3,Tarjeta Débito,Online,Completada,1800.0,5
V002739,C00668,P016,2025-05-06,2,Tarjeta Débito,Online,Devuelta,4500.0,0
V002740,C00601,P020,2025-04-30,1,Tarjeta Crédito,Tienda,Devuelta,1500.0,10
V002741,C00189,P016,2025-03-01,3,Tarjeta Débito,Marketplace,Devuelta,4500.0,0
V002742,C00648,P011,2025-03-06,3,Tarjeta Crédito,Online,Completada,1800.0,10
V002743,C01173,P023,2025-12-31,2,Tarjeta Crédito,Online,Completada,8500.0,0
V002744,C00027,P022,2025-12-14,4,Tarjeta Crédito,Online,Completada,1200.0,5
V002745,C00622,P019,2025-07-05,1,Transferencia,Tienda,Cancelada,1800.0,10
V002746,C00333,P015,2025-08-16,4,Tarjeta Crédito,Tienda,Cancelada,2600.0,0
V002747,C00604,P022,2025-01-10,3,Tarjeta Crédito,Online,Completada,1200.0,0
V002748,C00101,P025,2025-06-01,5,Tarjeta Crédito,Tienda,Completada,4200.0,5
V002749,C00330,P028,2025-07-31,3,Transferencia,Online,Completada,250.0,10
V002750,C00515,P021,2025-12-09,4,Tarjeta Crédito,Tienda,Completada,11000.0,5
V002751,C00617,P030,2025-11-26,1,Tarjeta Crédito,Online,Devuelta,3200.0,5
V002752,C00939,P010,2025-02-27,4,Transferencia,Tienda,Completada,4500.0,5
V002753,C01082,P004,2025-12-05,4,Tarjeta Crédito,Online,Cancelada,9000.0,5
V002754,C00095,P006,2025-08-25,5,Tarjeta Crédito,Marketplace,Completada,1800.0,0
V002755,C00452,P011,2025-02-05,3,Efectivo,Tienda,Devuelta,1800.0,0
V002756,C00008,P004,2025-10-18,4,Tarjeta Crédito,Marketplace,Cancelada,9000.0,10
V002757,C00536,P030,2025-08-20,5,Tarjeta Débito,Marketplace,Devuelta,3200.0,10
V002758,C00145,P022,2025-10-15,3,Efectivo,Marketplace,Devuelta,1200.0,0
V002759,C00388,P013,2025-02-02,4,Tarjeta Crédito,Online,Completada,2200.0,5
V002760,C00114,P010,2025-05-13,2,Tarjeta Débito,Online,Completada,4500.0,15
V002761,C00303,P019,2025-04-17,3,Tarjeta Crédito,Marketplace,Completada,1800.0,10
V002762,C00719,P002,2025-06-08,4,Tarjeta Débito,Online,Cancelada,14000.0,5
V002763,C00989,P017,2025-04-02,2,Tarjeta Débito,Marketplace,Devuelta,2200.0,5
V002764,C01118,P006,2025-08-04,3,Tarjeta Crédito,Tienda,Completada,1800.0,0
V002765,C01052,P007,2025-12-01,3,Tarjeta Débito,Marketplace,Completada,1400.0,0
V002766,C00469,P022,2025-02-23,4,Efectivo,Tienda,Devuelta,1200.0,15
V002767,C00792,P014,2025-05-29,4,Tarjeta Débito,Online,Completada,5500.0,5
V002768,C00660,P012,2025-03-17,2,Tarjeta Crédito,Marketplace,Completada,1700.0,20
V002769,C00959,P025,2025-08-19,2,Tarjeta Crédito,Marketplace,Devuelta,4200.0,15
V002770,C00315,P008,2025-03-19,2,Tarjeta Crédito,Online,Completada,700.0,10
V002771,C00786,P029,2025-10-18,3,Tarjeta Crédito,Marketplace,Completada,350.0,0
V002772,C01110,P002,2025-10-02,4,Tarjeta Crédito,Online,Cancelada,14000.0,0
V002773,C00911,P011,2025-04-15,3,Transferencia,Online,Completada,1800.0,20
V002774,C01116,P010,2025-03-21,1,Tarjeta Crédito,Marketplace,Completada,4500.0,0
V002775,C00181,P008,2025-04-02,1,Tarjeta Crédito,Tienda,Completada,700.0,0
V002776,C00567,P004,2025-10-19,3,Tarjeta Crédito,Tienda,Completada,9000.0,0
V002777,C00407,P010,2025-01-30,5,Tarjeta Débito,Online,Devuelta,4500.0,15
V002778,C00922,P002,2025-09-29,2,Tarjeta Crédito,Marketplace,Devuelta,14000.0,10
V002779,C00766,P023,2025-01-01,2,Transferencia,Tienda,Cancelada,8500.0,10
V002780,C01169,P007,2025-03-20,5,Tarjeta Crédito,Online,Completada,1400.0,0
V002781,C00835,P025,2025-11-22,4,Tarjeta Débito,Online,Completada,4200.0,0
V002782,C00717,P007,2025-03-12,5,Efectivo,Online,Cancelada,1400.0,0
V002783,C01086,P003,2025-10-06,3,Tarjeta Débito,Tienda,Completada,6500.0,0
V002784,C00345,P012,2025-10-13,4,Tarjeta Débito,Tienda,Completada,1700.0,0
V002785,C00515,P014,2025-08-14,4,Tarjeta Crédito,Online,Completada,5500.0,10
V002786,C01163,P022,2025-12-04,1,Tarjeta Crédito,Online,Cancelada,1200.0,5
V002787,C01018,P028,2025-10-01,2,Tarjeta Débito,Tienda,Completada,250.0,15
V002788,C00492,P026,2025-03-03,1,Tarjeta Débito,Online,Completada,800.0,15
V002789,C00377,P002,2025-04-23,4,Transferencia,Tienda,Cancelada,14000.0,10
V002790,C00371,P008,2025-11-06,5,Tarjeta Crédito,Marketplace,Completada,700.0,10
V002791,C00288,P011,2025-04-11,4,Tarjeta Crédito,Online,Completada,1800.0,5
V002792,C00296,P015,2025-07-23,2,Tarjeta Crédito,Tienda,Completada,2600.0,0
V002793,C01028,P015,2025-08-09,1,Tarjeta Crédito,Tienda,Devuelta,2600.0,0
V002794,C00054,P006,2025-10-24,4,Transferencia,Tienda,Completada,1800.0,5
V002795,C00612,P011,2025-03-28,3,Tarjeta Débito,Online,Completada,1800.0,20
V002796,C00367,P008,2025-03-25,1,Tarjeta Crédito,Tienda,Completada,700.0,10
V002797,C00322,P020,2025-05-13,2,Tarjeta Crédito,Online,Completada,1500.0,5
V002798,C00100,P001,2025-07-06,5,Tarjeta Débito,Marketplace,Devuelta,22000.0,0
V002799,C00177,P024,2025-05-28,5,Tarjeta Crédito,Online,Devuelta,14500.0,10
V002800,C00835,P004,2025-11-08,4,Tarjeta Crédito,Tienda,Completada,9000.0,10
V002801,C00496,P017,2025-12-18,1,Efectivo,Marketplace,Completada,2200.0,5
V002802,C00895,P005,2025-09-08,3,Tarjeta Crédito,Tienda,Cancelada,12000.0,0
V002803,C00300,P008,2025-10-02,5,Tarjeta Débito,Marketplace,Devuelta,700.0,0
V002804,C00315,P030,2025-04-04,1,Tarjeta Débito,Marketplace,Cancelada,3200.0,5
V002805,C00009,P026,2025-11-09,5,Tarjeta Crédito,Tienda,Devuelta,800.0,15
V002806,C00566,P004,2025-08-12,2,Tarjeta Crédito,Tienda,Completada,9000.0,0
V002807,C00825,P017,2025-01-20,1,Tarjeta Débito,Tienda,Cancelada,2200.0,15
V002808,C00733,P013,2025-03-22,3,Tarjeta Crédito,Online,Devuelta,2200.0,0
V002809,C00399,P007,2025-03-21,1,Tarjeta Débito,Marketplace,Devuelta,1400.0,0
V002810,C01148,P016,2025-06-18,1,Transferencia,Marketplace,Devuelta,4950.0,5
V002811,C00152,P018,2025-06-30,2,Transferencia,Marketplace,Devuelta,900.0,5
V002812,C00817,P003,2025-11-17,1,Transferencia,Online,Completada,6500.0,20
V002813,C00010,P002,2025-07-10,2,Tarjeta Crédito,Tienda,Completada,14000.0,10
V002814,C00933,P003,2025-08-17,4,Tarjeta Crédito,Marketplace,Completada,6500.0,0
V002815,C00528,P018,2025-07-02,1,Transferencia,Online,Devuelta,900.0,5
V002816,C00658,P008,2025-07-04,1,Transferencia,Online,Cancelada,700.0,15
V002817,C00369,P019,2025-08-24,3,Tarjeta Débito,Online,Completada,1800.0,0
V002818,C00965,P018,2025-10-08,3,Tarjeta Débito,Online,Completada,900.0,5
V002819,C00394,P007,2025-06-16,4,Tarjeta Crédito,Tienda,Completada,1400.0,15
V002820,C00018,P026,2025-07-12,2,Tarjeta Débito,Marketplace,Completada,800.0,5
V002821,C00500,P028,2025-07-25,5,Transferencia,Tienda,Completada,250.0,5
V002822,C00370,P014,2025-10-14,2,Tarjeta Débito,Tienda,Completada,5500.0,0
V002823,C00675,P010,2025-04-10,1,Transferencia,Online,Devuelta,4500.0,10
V002824,C00965,P028,2025-09-25,2,Efectivo,Tienda,Completada,250.0,10
V002825,C00481,P024,2025-08-07,5,Tarjeta Crédito,Online,Devuelta,14500.0,5
V002826,C01142,P011,2025-10-18,2,Tarjeta Débito,Online,Completada,1800.0,5
V002827,C00502,P026,2025-06-27,4,Efectivo,Online,Completada,800.0,10
V002828,C00546,P006,2025-05-27,2,Tarjeta Crédito,Marketplace,Cancelada,1800.0,0
V002829,C00563,P010,2025-11-26,2,Tarjeta Débito,Tienda,Cancelada,4500.0,15
V002830,C00227,P028,2025-11-12,1,Transferencia,Marketplace,Completada,250.0,0
V002831,C00863,P012,2025-03-21,5,Tarjeta Crédito,Tienda,Completada,1700.0,0
V002832,C00160,P002,2025-10-16,3,Tarjeta Crédito,Marketplace,Completada,14000.0,10
V002833,C00758,P003,2025-05-09,2,Tarjeta Crédito,Online,Devuelta,6500.0,0
V002834,C00048,P028,2025-07-08,3,Tarjeta Débito,Marketplace,Devuelta,250.0,0
V002835,C00520,P004,2025-12-03,1,Efectivo,Online,Cancelada,9000.0,5
V002836,C00283,P023,2025-06-05,3,Tarjeta Débito,Tienda,Cancelada,8500.0,5
V002837,C00069,P016,2025-06-02,4,Tarjeta Débito,Tienda,Cancelada,4500.0,0
V002838,C00195,P022,2025-05-09,5,Tarjeta Débito,Online,Completada,1200.0,0
V002839,C00769,P006,2025-10-15,1,Tarjeta Débito,Online,Completada,1800.0,0
V002840,C00806,P020,2025-02-21,3,Tarjeta Crédito,Marketplace,Devuelta,1500.0,15
V002841,C01197,P027,2025-08-08,2,Transferencia,Tienda,Completada,6000.0,15
V002842,C00896,P012,2025-10-26,2,Tarjeta Débito,Tienda,Completada,1870.0000000000002,10
V002843,C00780,P009,2025-09-22,5,Tarjeta Débito,Online,Devuelta,1300.0,5
V002844,C00935,P020,2025-07-09,3,Tarjeta Débito,Online,Devuelta,1500.0,5
V002845,C00632,P030,2025-07-07,5,Tarjeta Crédito,Online,Completada,3200.0,10
V002846,C00235,P023,2025-12-02,1,Tarjeta Crédito,Marketplace,Devuelta,8500.0,20
V002847,C00597,P001,2025-06-28,2,Transferencia,Online,Completada,22000.0,5
V002848,C00598,P027,2025-08-16,5,Transferencia,Online,Completada,6000.0,0
V002849,C00371,P017,2025-11-24,4,Tarjeta Crédito,Online,Completada,2200.0,10
V002850,C00313,P016,2025-04-02,5,Tarjeta Crédito,Online,Completada,4500.0,10
V002851,C00995,P020,2025-10-25,4,Transferencia,Online,Completada,1500.0,0
V002852,C00889,P020,2025-08-14,4,Tarjeta Crédito,Online,Devuelta,1500.0,5
V002853,C00601,P008,2025-11-27,1,Tarjeta Crédito,Online,Cancelada,700.0,10
V002854,C00727,P010,2025-02-20,3,Tarjeta Crédito,Marketplace,Completada,4500.0,0
V002855,C01128,P030,2025-01-18,3,Tarjeta Crédito,Marketplace,Devuelta,3200.0,10
V002856,C01160,P025,2025-06-23,1,Efectivo,Marketplace,Completada,4200.0,0
V002857,C00697,P007,2025-03-28,4,Tarjeta Débito,Online,Devuelta,1400.0,10
V002858,C00889,P020,2025-10-16,1,Transferencia,Marketplace,Completada,1500.0,0
V002859,C00421,P019,2025-11-23,2,Tarjeta Crédito,Marketplace,Cancelada,1800.0,0
V002860,C01064,P007,2025-10-02,3,Tarjeta Crédito,Tienda,Devuelta,1400.0,0
V002861,C00916,P012,2025-01-11,5,Tarjeta Crédito,Tienda,Cancelada,1700.0,10
V002862,C00549,P023,2025-03-11,2,Tarjeta Débito,Tienda,Devuelta,8500.0,0
V002863,C00853,P025,2025-05-05,2,Tarjeta Débito,Online,Completada,4200.0,0
V002864,C01109,P008,2025-09-23,5,Efectivo,Marketplace,Cancelada,700.0,5
V002865,C00444,P015,2025-08-26,5,Tarjeta Crédito,Online,Completada,2600.0,5
V002866,C00479,P028,2025-02-23,3,Tarjeta Crédito,Online,Completada,250.0,0
V002867,C00308,P021,2025-08-17,2,Tarjeta Crédito,Tienda,Completada,11000.0,5
V002868,C00192,P025,2025-06-26,4,Tarjeta Débito,Tienda,Completada,4200.0,0
V002869,C00842,P024,2025-11-22,3,Efectivo,Marketplace,Completada,14500.0,10
V002870,C00150,P008,2025-03-06,3,Tarjeta Crédito,Online,Cancelada,700.0,5
V002871,C00990,P030,2025-04-20,1,Efectivo,Online,Cancelada,3200.0,0
V002872,C00376,P010,2025-01-30,4,Transferencia,Tienda,Completada,4500.0,15
V002873,C00853,P006,2025-07-23,1,Tarjeta Crédito,Online,Completada,1800.0,10
V002874,C00695,P004,2025-05-21,1,Efectivo,Online,Completada,9000.0,0
V002875,C01151,P015,2025-05-15,4,Tarjeta Débito,Online,Completada,2600.0,0
V002876,C00253,P014,2025-08-29,5,Tarjeta Débito,Tienda,Cancelada,5500.0,0
V002877,C00448,P030,2025-02-21,4,Efectivo,Tienda,Completada,3200.0,0
V002878,C00989,P003,2025-03-22,2,Tarjeta Crédito,Marketplace,Cancelada,6500.0,0
V002879,C00874,P030,2025-08-05,1,Tarjeta Crédito,Tienda,Completada,3200.0,5
V002880,C00510,P020,2025-03-22,2,Tarjeta Crédito,Tienda,Completada,1500.0,0
V002881,C00830,P009,2025-04-21,4,Tarjeta Débito,Online,Completada,1300.0,0
V002882,C00687,P011,2025-10-27,3,Tarjeta Débito,Tienda,Cancelada,1800.0,5
V002883,C00029,P008,2025-05-20,5,Tarjeta Débito,Tienda,Completada,700.0,0
V002884,C00379,P014,2025-01-13,1,Transferencia,Online,Completada,5500.0,0
V002885,C00904,P014,2025-09-22,4,Tarjeta Débito,Tienda,Completada,5500.0,10
V002886,C01006,P009,2025-01-25,3,Tarjeta Crédito,Online,Devuelta,1300.0,15
V002887,C00097,P011,2025-09-24,1,Efectivo,Online,Completada,1440.0,0
V002888,C00468,P026,2025-03-20,4,Transferencia,Online,Completada,800.0,5
V002889,C00124,P030,2025-01-21,3,Tarjeta Débito,Online,Completada,3200.0,5
V002890,C00495,P007,2025-10-20,5,Tarjeta Crédito,Online,Completada,1400.0,10
V002891,C00396,P011,2025-01-30,5,Tarjeta Débito,Marketplace,Completada,1800.0,0
V002892,C01126,P007,2025-01-27,4,Tarjeta Crédito,Online,Completada,1400.0,5
V002893,C00844,P029,2025-02-25,2,Tarjeta Crédito,Online,Devuelta,350.0,5
V002894,C00355,P014,2025-06-13,3,Tarjeta Crédito,Marketplace,Cancelada,5500.0,15
V002895,C00596,P014,2025-03-20,2,Tarjeta Crédito,Marketplace,Completada,5500.0,5
V002896,C00564,P026,2025-07-09,3,Tarjeta Débito,Tienda,Completada,800.0,0
V002897,C00660,P008,2025-12-29,2,Tarjeta Crédito,Online,Completada,700.0,0
V002898,C00027,P030,2025-10-10,4,Tarjeta Débito,Online,Completada,3200.0,15
V002899,C00692,P017,2025-06-14,2,Tarjeta Débito,Online,Cancelada,2200.0,5
V002900,C01079,P018,2025-05-02,2,Tarjeta Crédito,Tienda,Devuelta,900.0,10
V002901,C00556,P008,2025-12-02,2,Tarjeta Crédito,Online,Completada,700.0,5
V002902,C01032,P023,2025-12-29,3,Tarjeta Crédito,Online,Completada,8500.0,0
V002903,C00630,P030,2025-07-22,3,Efectivo,Online,Completada,3200.0,10
V002904,C00515,P012,2025-01-24,3,Efectivo,Online,Completada,1700.0,0
V002905,C00698,P027,2025-10-21,1,Tarjeta Débito,Marketplace,Completada,6000.0,0
V002906,C00369,P017,2025-12-10,2,Tarjeta Débito,Online,Cancelada,2200.0,5
V002907,C00519,P006,2025-04-25,2,Efectivo,Online,Completada,1800.0,15
V002908,C00551,P026,2025-10-20,2,Tarjeta Crédito,Online,Cancelada,800.0,5
V002909,C00599,P015,2025-03-23,3,Transferencia,Online,Completada,2600.0,10
V002910,C00180,P017,2025-01-16,5,Tarjeta Débito,Tienda,Cancelada,2200.0,0
V002911,C00576,P020,2025-09-10,4,Tarjeta Crédito,Marketplace,Completada,1500.0,0
V002912,C00597,P021,2025-08-27,4,Tarjeta Débito,Tienda,Cancelada,11000.0,0
V002913,C00841,P010,2025-08-29,5,Transferencia,Marketplace,Completada,4500.0,5
V002914,C00189,P029,2025-08-27,2,Transferencia,Online,Cancelada,350.0,10
V002915,C00681,P005,2025-02-07,1,Tarjeta Débito,Marketplace,Completada,12000.0,20
V002916,C00885,P026,2025-10-04,1,Transferencia,Online,Completada,800.0,0
V002917,C00032,P021,2025-11-03,1,Efectivo,Online,Completada,11000.0,0
V002918,C01035,P018,2025-12-13,5,Tarjeta Débito,Online,Cancelada,900.0,5
V002919,C00700,P003,2025-07-01,2,Tarjeta Crédito,Online,Devuelta,6500.0,5
V002920,C00539,P024,2025-07-22,5,Tarjeta Crédito,Online,Completada,14500.0,20
V002921,C00861,P004,2025-09-17,2,Tarjeta Crédito,Tienda,Devuelta,9000.0,0
V002922,C01194,P010,2025-04-07,5,Efectivo,Online,Completada,4500.0,0
V002923,C00404,P027,2025-07-30,5,Tarjeta Crédito,Marketplace,Completada,6000.0,0
V002924,C00952,P016,2025-02-16,1,Tarjeta Crédito,Tienda,Completada,4500.0,5
V002925,C00142,P017,2025-11-12,3,Tarjeta Crédito,Tienda,Cancelada,2200.0,10
V002926,C00565,P018,2025-08-29,4,Tarjeta Débito,Online,Devuelta,900.0,5
V002927,C00435,P013,2025-09-04,3,Tarjeta Crédito,Online,Cancelada,2200.0,10
V002928,C00678,P001,2025-06-04,3,Tarjeta Débito,Online,Completada,22000.0,5
V002929,C00648,P030,2025-02-02,1,Transferencia,Online,Cancelada,3200.0,15
V002930,C00685,P030,2025-02-09,4,Tarjeta Crédito,Online,Completada,3200.0,0
V002931,C00891,P023,2025-05-26,2,Tarjeta Crédito,Online,Cancelada,8500.0,0
V002932,C00058,P017,2025-10-21,3,Tarjeta Débito,Online,Devuelta,2200.0,0
V002933,C00955,P024,2025-06-08,4,Tarjeta Débito,Online,Devuelta,14500.0,0
V002934,C00089,P018,2025-09-09,1,Tarjeta Débito,Marketplace,Completada,900.0,10
V002935,C00078,P004,2025-01-08,3,Tarjeta Débito,Tienda,Completada,9000.0,0
V002936,C00450,P005,2025-07-01,2,Transferencia,Tienda,Completada,12000.0,10
V002937,C00208,P002,2025-04-13,3,Tarjeta Débito,Online,Cancelada,14000.0,5
V002938,C01124,P030,2025-05-05,3,Tarjeta Crédito,Online,Devuelta,3200.0,0
V002939,C00359,P015,2025-07-15,4,Efectivo,Marketplace,Completada,2600.0,5
V002940,C00557,P017,2025-04-20,5,Tarjeta Crédito,Online,Completada,2200.0,5
V002941,C00175,P018,2025-10-07,4,Tarjeta Débito,Marketplace,Devuelta,900.0,5
V002942,C01144,P024,2025-11-25,1,Efectivo,Online,Devuelta,14500.0,0
V002943,C00372,P027,2025-01-20,4,Tarjeta Crédito,Tienda,Completada,6000.0,10
V002944,C00179,P019,2025-12-22,3,Tarjeta Crédito,Online,Completada,1800.0,0
V002945,C00572,P013,2025-03-07,5,Tarjeta Débito,Online,Completada,2200.0,10
V002946,C00623,P021,2025-10-20,4,Tarjeta Crédito,Online,Cancelada,11000.0,5
V002947,C00969,P009,2025-07-17,4,Tarjeta Crédito,Marketplace,Completada,1300.0,5
V002948,C01139,P022,2025-10-07,1,Tarjeta Débito,Marketplace,Completada,1200.0,10
V002949,C00130,P006,2025-09-05,2,Efectivo,Tienda,Devuelta,1800.0,5
V002950,C00302,P019,2025-10-10,1,Tarjeta Crédito,Online,Devuelta,1800.0,15
V002951,C00154,P001,2025-11-16,4,Efectivo,Online,Completada,22000.0,0
V002952,C00868,P021,2025-03-11,3,Efectivo,Online,Devuelta,11000.0,5
V002953,C00983,P026,2025-12-31,2,Tarjeta Crédito,Marketplace,Completada,800.0,10
V002954,C00823,P011,2025-11-04,5,Efectivo,Online,Completada,1800.0,15
V002955,C00015,P007,2025-09-06,5,Tarjeta Débito,Marketplace,Devuelta,1400.0,20
V002956,C00561,P024,2025-10-16,5,Transferencia,Online,Devuelta,14500.0,0
V002957,C00494,P014,2025-11-01,3,Efectivo,Marketplace,Completada,5500.0,15
V002958,C00600,P026,2025-01-29,2,Tarjeta Débito,Tienda,Completada,800.0,0
V002959,C00138,P009,2025-03-31,2,Transferencia,Marketplace,Cancelada,1300.0,0
V002960,C00617,P021,2025-12-20,1,Efectivo,Tienda,Cancelada,11000.0,5
V002961,C00868,P015,2025-09-16,1,Tarjeta Crédito,Online,Cancelada,2600.0,0
V002962,C00443,P025,2025-10-10,5,Tarjeta Crédito,Tienda,Completada,4200.0,0
V002963,C00773,P007,2025-04-15,3,Tarjeta Crédito,Online,Completada,1400.0,0
V002964,C01153,P004,2025-10-23,1,Tarjeta Débito,Tienda,Completada,9000.0,0
V002965,C00399,P003,2025-10-31,1,Tarjeta Crédito,Online,Completada,6500.0,15
V002966,C01179,P015,2025-08-29,1,Tarjeta Crédito,Online,Devuelta,2600.0,0
V002967,C00380,P017,2025-09-17,4,Tarjeta Débito,Online,Cancelada,1760.0,0
V002968,C00446,P002,2025-11-15,1,Tarjeta Crédito,Online,Completada,14000.0,0
V002969,C00724,P027,2025-10-16,5,Tarjeta Crédito,Marketplace,Completada,6000.0,15
V002970,C00476,P024,2025-05-28,3,Efectivo,Online,Completada,14500.0,0
V002971,C00538,P014,2025-01-27,4,Tarjeta Débito,Online,Completada,5500.0,10
V002972,C00582,P021,2025-01-29,1,Tarjeta Crédito,Tienda,Devuelta,11000.0,5
V002973,C00681,P021,2025-06-28,2,Tarjeta Crédito,Tienda,Devuelta,11000.0,5
V002974,C00016,P027,2025-09-07,5,Transferencia,Marketplace,Completada,6000.0,0
V002975,C01009,P024,2025-03-19,4,Transferencia,Online,Devuelta,14500.0,0
V002976,C01027,P002,2025-01-30,3,Tarjeta Crédito,Online,Completada,14000.0,5
V002977,C00865,P025,2025-05-15,1,Tarjeta Débito,Online,Completada,4200.0,10
V002978,C01171,P009,2025-02-20,5,Tarjeta Crédito,Tienda,Cancelada,1300.0,5
V002979,C00089,P013,2025-10-24,5,Tarjeta Crédito,Tienda,Cancelada,2200.0,0
V002980,C01067,P012,2025-12-18,5,Transferencia,Marketplace,Completada,1700.0,0
V002981,C00372,P026,2025-05-15,2,Tarjeta Crédito,Online,Completada,800.0,0
V002982,C00063,P027,2025-11-13,4,Tarjeta Débito,Online,Devuelta,6000.0,10
V002983,C00515,P012,2025-08-04,2,Tarjeta Débito,Tienda,Completada,1700.0,0
V002984,C00897,P008,2025-06-09,3,Efectivo,Marketplace,Devuelta,700.0,0
V002985,C00249,P006,2025-01-19,1,Tarjeta Crédito,Online,Cancelada,1800.0,0
V002986,C00089,P023,2025-05-02,5,Tarjeta Crédito,Tienda,Cancelada,8500.0,10
V002987,C00040,P016,2025-09-19,4,Efectivo,Online,Cancelada,4500.0,0
V002988,C00950,P014,2025-01-02,4,Transferencia,Tienda,Completada,5500.0,5
V002989,C01173,P021,2025-10-28,1,Tarjeta Crédito,Online,Devuelta,11000.0,10
V002990,C00207,P002,2025-08-25,4,Tarjeta Débito,Online,Completada,14000.0,0
V002991,C01063,P012,2025-05-13,5,Efectivo,Tienda,Devuelta,1700.0,0
V002992,C00283,P010,2025-02-09,2,Tarjeta Crédito,Online,Completada,4500.0,20
V002993,C00080,P009,2025-09-09,5,Transferencia,Online,Completada,1300.0,0
V002994,C01191,P026,2025-08-23,2,Tarjeta Crédito,Tienda,Completada,800.0,0
V002995,C00169,P006,2025-08-07,2,Transferencia,Tienda,Completada,1800.0,0
V002996,C00315,P023,2025-01-17,1,Tarjeta Débito,Marketplace,Completada,8500.0,10
V002997,C00971,P007,2025-07-31,5,Tarjeta Crédito,Online,Cancelada,1400.0,0
V002998,C00095,P025,2025-02-19,5,Tarjeta Crédito,Online,Cancelada,4200.0,5
V002999,C00663,P026,2025-11-01,4,Tarjeta Crédito,Marketplace,Completada,800.0,5
V003000,C01128,P021,2025-10-26,3,Tarjeta Crédito,Tienda,Cancelada,11000.0,5
V003001,C00192,P005,2025-01-10,2,Transferencia,Marketplace,Completada,12000.0,5
V003002,C00552,P027,2025-02-10,2,Tarjeta Crédito,Online,Completada,6000.0,0
V003003,C01110,P022,2025-08-10,2,Tarjeta Débito,Online,Devuelta,1200.0,15
V003004,C00360,P017,2025-03-01,2,Tarjeta Débito,Tienda,Cancelada,2200.0,0
V003005,C00697,P026,2025-09-25,3,Efectivo,Tienda,Cancelada,800.0,5
V003006,C00908,P027,2025-03-20,3,Tarjeta Débito,Online,Completada,6000.0,20
V003007,C00015,P005,2025-12-26,3,Transferencia,Online,Devuelta,12000.0,0
V003008,C00046,P022,2025-04-12,3,Tarjeta Crédito,Marketplace,Completada,1200.0,5
V003009,C00290,P011,2025-06-03,5,Efectivo,Online,Completada,1800.0,5
V003010,C01122,P017,2025-10-05,2,Tarjeta Crédito,Marketplace,Completada,2200.0,10
V003011,C00110,P026,2025-03-30,2,Tarjeta Crédito,Marketplace,Completada,800.0,5
V003012,C00803,P007,2025-12-29,3,Tarjeta Débito,Tienda,Completada,1400.0,15
V003013,C00283,P029,2025-11-13,4,Tarjeta Débito,Online,Completada,350.0,5
V003014,C00508,P020,2025-10-03,1,Tarjeta Crédito,Tienda,Completada,1500.0,0
V003015,C00668,P019,2025-02-15,4,Tarjeta Débito,Online,Devuelta,1800.0,10
V003016,C00809,P017,2025-03-18,4,Tarjeta Crédito,Marketplace,Cancelada,2200.0,5
V003017,C01128,P027,2025-07-15,1,Tarjeta Crédito,Online,Cancelada,6000.0,0
V003018,C00653,P021,2025-01-24,2,Tarjeta Crédito,Tienda,Devuelta,11000.0,5
V003019,C00532,P017,2025-07-25,3,Efectivo,Online,Completada,2200.0,10
V003020,C00090,P012,2025-05-31,3,Tarjeta Crédito,Tienda,Cancelada,1700.0,0
V003021,C00506,P025,2025-08-05,5,Tarjeta Crédito,Online,Cancelada,4200.0,0
V003022,C00886,P028,2025-03-13,2,Tarjeta Crédito,Marketplace,Completada,250.0,0
V003023,C00988,P021,2025-06-12,2,Transferencia,Marketplace,Devuelta,11000.0,0
V003024,C00807,P010,2025-12-18,4,Transferencia,Online,Devuelta,4500.0,5
V003025,C00005,P027,2025-05-25,2,Transferencia,Online,Cancelada,6000.0,10
V003026,C00248,P003,2025-02-01,3,Tarjeta Débito,Online,Completada,6500.0,0
V003027,C00455,P018,2025-01-28,3,Tarjeta Crédito,Online,Completada,900.0,5
V003028,C00541,P003,2025-09-21,3,Tarjeta Crédito,Tienda,Completada,6500.0,10
V003029,C01039,P018,2025-07-16,5,Tarjeta Crédito,Tienda,Completada,900.0,5
V003030,C00998,P016,2025-01-01,2,Tarjeta Crédito,Tienda,Devuelta,4500.0,20
V003031,C00472,P015,2025-03-23,2,Tarjeta Débito,Tienda,Completada,2600.0,10
V003032,C00477,P030,2025-02-23,4,Tarjeta Débito,Tienda,Completada,3200.0,5
V003033,C00735,P002,2025-02-13,5,Tarjeta Crédito,Marketplace,Completada,14000.0,10
V003034,C00701,P012,2025-12-19,1,Transferencia,Online,Cancelada,1700.0,5
V003035,C00914,P013,2025-02-18,3,Tarjeta Crédito,Online,Completada,2200.0,0
V003036,C01189,P019,2025-01-28,5,Tarjeta Crédito,Online,Completada,1800.0,5
V003037,C00453,P003,2025-05-21,3,Tarjeta Débito,Tienda,Cancelada,6500.0,10
V003038,C00388,P027,2025-12-18,4,Tarjeta Crédito,Online,Completada,6000.0,20
V003039,C00967,P020,2025-04-28,4,Transferencia,Online,Cancelada,1500.0,0
V003040,C00966,P003,2025-04-25,2,Tarjeta Débito,Tienda,Completada,6500.0,0
V003041,C01014,P011,2025-04-18,3,Tarjeta Crédito,Marketplace,Devuelta,1800.0,0
V003042,C01055,P011,2025-05-14,3,Tarjeta Débito,Online,Completada,1800.0,0
V003043,C00239,P023,2025-04-26,1,Tarjeta Crédito,Online,Devuelta,8500.0,5
V003044,C00478,P008,2025-12-25,3,Transferencia,Tienda,Devuelta,700.0,0
V003045,C00005,P002,2025-07-02,2,Tarjeta Crédito,Tienda,Cancelada,14000.0,0
V003046,C00030,P004,2025-01-14,1,Tarjeta Crédito,Online,Cancelada,9000.0,0
V003047,C00123,P005,2025-07-25,2,Efectivo,Online,Cancelada,12000.0,0
V003048,C01171,P026,2025-03-15,5,Tarjeta Crédito,Tienda,Completada,800.0,5
V003049,C00735,P006,2025-07-01,5,Tarjeta Crédito,Tienda,Completada,1800.0,0
V003050,C00663,P027,2025-06-13,5,Tarjeta Débito,Marketplace,Completada,6000.0,5
V003051,C00505,P013,2025-05-30,3,Tarjeta Débito,Tienda,Completada,2200.0,0
V003052,C00904,P018,2025-08-12,1,Efectivo,Online,Cancelada,900.0,10
V003053,C00655,P008,2025-04-17,2,Tarjeta Crédito,Marketplace,Devuelta,700.0,0
V003054,C01119,P006,2025-01-04,4,Tarjeta Crédito,Online,Devuelta,1800.0,0
V003055,C00648,P019,2025-05-10,2,Tarjeta Crédito,Marketplace,Completada,1800.0,20
V003056,C00206,P007,2025-04-28,3,Transferencia,Online,Cancelada,1400.0,5
V003057,C00646,P002,2025-08-27,1,Tarjeta Crédito,Tienda,Completada,14000.0,10
V003058,C01006,P011,2025-11-28,5,Tarjeta Débito,Online,Cancelada,1800.0,5
V003059,C00158,P017,2025-06-02,3,Tarjeta Crédito,Online,Completada,2200.0,0
V003060,C00599,P030,2025-07-13,1,Tarjeta Crédito,Tienda,Completada,3200.0,0
V003061,C00376,P019,2025-10-24,2,Transferencia,Online,Completada,1800.0,15
V003062,C00326,P021,2025-11-04,4,Tarjeta Débito,Online,Completada,11000.0,10
V003063,C00387,P028,2025-07-17,3,Transferencia,Tienda,Completada,250.0,10
V003064,C00071,P028,2025-01-21,1,Tarjeta Débito,Online,Completada,250.0,10
V003065,C00530,P029,2025-11-18,3,Tarjeta Crédito,Tienda,Completada,350.0,5
V003066,C00226,P021,2025-01-30,5,Efectivo,Marketplace,Completada,11000.0,0
V003067,C00048,P005,2025-06-23,3,Efectivo,Tienda,Completada,12000.0,0
V003068,C00348,P005,2025-03-22,1,Tarjeta Crédito,Online,Cancelada,12000.0,10
V003069,C00597,P027,2025-02-07,2,Transferencia,Online,Completada,6000.0,5
V003070,C01026,P020,2025-06-27,4,Transferencia,Tienda,Completada,1500.0,0
V003071,C00770,P028,2025-10-01,2,Tarjeta Crédito,Tienda,Completada,250.0,0
V003072,C01079,P025,2025-07-07,3,Tarjeta Débito,Online,Completada,4200.0,15
V003073,C01009,P005,2025-04-23,3,Tarjeta Débito,Marketplace,Completada,12000.0,5
V003074,C00694,P005,2025-10-01,5,Tarjeta Débito,Tienda,Cancelada,12000.0,0
V003075,C00816,P007,2025-09-26,5,Tarjeta Débito,Tienda,Cancelada,1400.0,0
V003076,C00046,P012,2025-06-21,2,Transferencia,Marketplace,Completada,1700.0,5
V003077,C00503,P021,2025-01-17,1,Tarjeta Crédito,Marketplace,Completada,11000.0,5
V003078,C00225,P003,2025-11-14,5,Tarjeta Crédito,Online,Completada,6500.0,10
V003079,C00502,P020,2025-06-13,3,Tarjeta Crédito,Tienda,Completada,1500.0,5
V003080,C00807,P011,2025-07-16,5,Tarjeta Crédito,Tienda,Completada,1800.0,5
V003081,C00746,P019,2025-01-05,3,Tarjeta Crédito,Online,Completada,1800.0,0
V003082,C00987,P023,2025-04-02,5,Transferencia,Tienda,Completada,8500.0,0
V003083,C00750,P011,2025-10-11,2,Transferencia,Online,Completada,1800.0,0
V003084,C00087,P010,2025-03-12,3,Tarjeta Crédito,Online,Devuelta,4950.0,5
V003085,C00249,P011,2025-03-21,3,Efectivo,Marketplace,Devuelta,1800.0,5
V003086,C00717,P013,2025-07-28,1,Transferencia,Online,Completada,2200.0,10
V003087,C01149,P005,2025-11-15,2,Tarjeta Crédito,Online,Completada,14400.0,15
V003088,C00272,P009,2025-12-29,2,Tarjeta Crédito,Marketplace,Completada,1300.0,5
V003089,C00357,P010,2025-03-16,2,Tarjeta Débito,Online,Cancelada,4500.0,10
V003090,C00679,P024,2025-09-04,5,Efectivo,Tienda,Devuelta,14500.0,5
V003091,C00745,P004,2025-12-05,2,Tarjeta Débito,Online,Completada,9000.0,0
V003092,C01040,P027,2025-08-31,1,Tarjeta Crédito,Online,Completada,6000.0,5
V003093,C01161,P020,2025-06-26,2,Tarjeta Crédito,Tienda,Completada,1500.0,5
V003094,C01144,P029,2025-05-07,2,Tarjeta Crédito,Marketplace,Devuelta,350.0,10
V003095,C00888,P013,2025-03-02,4,Efectivo,Tienda,Cancelada,2200.0,0
V003096,C00818,P020,2025-11-15,5,Tarjeta Débito,Tienda,Completada,1500.0,20
V003097,C00736,P001,2025-01-20,3,Tarjeta Crédito,Online,Completada,22000.0,10
V003098,C00237,P012,2025-11-17,5,Tarjeta Crédito,Online,Cancelada,1700.0,5
V003099,C00073,P011,2025-03-24,1,Tarjeta Crédito,Online,Cancelada,1800.0,5
V003100,C00513,P010,2025-03-22,3,Tarjeta Débito,Marketplace,Cancelada,4500.0,15
V003101,C01152,P027,2025-05-23,4,Tarjeta Crédito,Online,Completada,6000.0,5
V003102,C01162,P006,2025-03-28,3,Tarjeta Crédito,Online,Completada,1800.0,5
V003103,C00619,P020,2025-02-20,4,Tarjeta Crédito,Online,Cancelada,1500.0,5
V003104,C00801,P018,2025-07-09,3,Tarjeta Crédito,Online,Completada,900.0,5
V003105,C00999,P007,2025-07-17,3,Tarjeta Débito,Marketplace,Completada,1400.0,20
V003106,C00590,P003,2025-11-16,5,Tarjeta Crédito,Online,Completada,6500.0,0
V003107,C00798,P028,2025-10-25,2,Transferencia,Online,Completada,250.0,10
V003108,C00453,P001,2025-05-15,2,Tarjeta Débito,Tienda,Devuelta,22000.0,10
V003109,C01120,P018,2025-01-17,1,Efectivo,Tienda,Completada,900.0,0
V003110,C00447,P028,2025-04-28,5,Tarjeta Débito,Tienda,Devuelta,250.0,20
V003111,C00739,P010,2025-10-20,3,Tarjeta Crédito,Tienda,Completada,4500.0,0
V003112,C01080,P002,2025-11-13,3,Tarjeta Crédito,Marketplace,Cancelada,14000.0,5
V003113,C00591,P002,2025-06-15,5,Transferencia,Online,Completada,14000.0,10
V003114,C00076,P020,2025-02-08,4,Tarjeta Débito,Marketplace,Cancelada,1500.0,0
V003115,C00826,P025,2025-05-12,3,Tarjeta Crédito,Online,Completada,4200.0,0
V003116,C00248,P008,2025-10-20,5,Tarjeta Débito,Online,Completada,700.0,10
V003117,C00044,P001,2025-05-25,3,Tarjeta Crédito,Online,Completada,22000.0,5
V003118,C00896,P014,2025-01-22,4,Tarjeta Crédito,Tienda,Completada,5500.0,10
V003119,C00024,P022,2025-03-27,1,Tarjeta Crédito,Online,Completada,1200.0,0
V003120,C00415,P026,2025-09-12,5,Tarjeta Crédito,Online,Completada,800.0,5
V003121,C00337,P024,2025-01-05,2,Tarjeta Crédito,Marketplace,Completada,14500.0,5
V003122,C00932,P008,2025-10-08,1,Efectivo,Tienda,Completada,700.0,0
V003123,C00676,P021,2025-02-26,1,Tarjeta Débito,Tienda,Completada,11000.0,0
V003124,C00991,P008,2025-01-27,4,Tarjeta Crédito,Online,Devuelta,700.0,5
V003125,C00371,P019,2025-04-06,4,Tarjeta Débito,Tienda,Completada,1800.0,0
V003126,C00168,P009,2025-03-24,4,Tarjeta Débito,Online,Completada,1300.0,0
V003127,C00713,P023,2025-08-05,5,Efectivo,Online,Completada,6800.0,15
V003128,C00576,P023,2025-03-18,3,Tarjeta Crédito,Online,Cancelada,8500.0,0
V003129,C00474,P026,2025-03-16,4,Tarjeta Débito,Tienda,Completada,800.0,15
V003130,C00317,P028,2025-08-12,5,Tarjeta Crédito,Online,Completada,250.0,5
V003131,C00853,P022,2025-02-23,3,Tarjeta Débito,Online,Completada,1200.0,0
V003132,C00291,P011,2025-11-24,3,Tarjeta Débito,Tienda,Devuelta,1800.0,5
V003133,C01155,P005,2025-05-18,2,Tarjeta Crédito,Marketplace,Completada,12000.0,5
V003134,C00243,P007,2025-11-17,3,Transferencia,Online,Completada,1400.0,0
V003135,C01040,P030,2025-09-10,1,Tarjeta Crédito,Online,Completada,3200.0,0
V003136,C01027,P015,2025-03-18,2,Tarjeta Débito,Online,Completada,2600.0,20
V003137,C01187,P012,2025-05-30,5,Tarjeta Débito,Online,Cancelada,1700.0,0
V003138,C01075,P003,2025-10-04,5,Tarjeta Débito,Online,Completada,6500.0,20
V003139,C01033,P001,2025-04-04,2,Tarjeta Débito,Online,Devuelta,22000.0,15
V003140,C00706,P022,2025-02-25,1,Tarjeta Débito,Marketplace,Cancelada,1200.0,0
V003141,C00682,P021,2025-06-07,1,Tarjeta Crédito,Marketplace,Cancelada,11000.0,0
V003142,C00785,P028,2025-09-24,4,Tarjeta Crédito,Online,Cancelada,250.0,10
V003143,C00145,P019,2025-01-06,3,Efectivo,Online,Cancelada,1800.0,10
V003144,C00541,P018,2025-02-11,1,Transferencia,Online,Completada,900.0,15
V003145,C00804,P011,2025-01-11,1,Tarjeta Crédito,Marketplace,Devuelta,1800.0,5
V003146,C00661,P023,2025-10-17,2,Tarjeta Crédito,Online,Completada,8500.0,0
V003147,C01104,P003,2025-02-02,5,Tarjeta Crédito,Tienda,Completada,6500.0,5
V003148,C00325,P028,2025-07-28,1,Tarjeta Débito,Online,Devuelta,250.0,5
V003149,C00761,P016,2025-04-07,5,Tarjeta Crédito,Online,Completada,4500.0,10
V003150,C00068,P025,2025-08-31,5,Transferencia,Online,Completada,4200.0,0
V003151,C00606,P007,2025-03-24,3,Tarjeta Crédito,Tienda,Devuelta,1400.0,5
V003152,C00839,P001,2025-02-16,1,Tarjeta Crédito,Tienda,Completada,22000.0,0
V003153,C00125,P020,2025-04-30,1,Tarjeta Débito,Tienda,Completada,1500.0,15
V003154,C01000,P027,2025-08-20,5,Tarjeta Débito,Tienda,Completada,6000.0,5
V003155,C00768,P029,2025-04-11,5,Tarjeta Crédito,Tienda,Completada,350.0,15
V003156,C01034,P016,2025-10-06,1,Tarjeta Crédito,Tienda,Devuelta,4500.0,10
V003157,C00370,P029,2025-08-13,1,Tarjeta Crédito,Tienda,Completada,350.0,0
V003158,C00309,P004,2025-10-31,4,Tarjeta Crédito,Online,Completada,9000.0,0
V003159,C01113,P003,2025-12-11,5,Tarjeta Débito,Tienda,Completada,6500.0,0
V003160,C00512,P006,2025-10-16,3,Tarjeta Crédito,Tienda,Devuelta,1800.0,0
V003161,C00867,P030,2025-09-15,5,Tarjeta Débito,Online,Cancelada,3200.0,20
V003162,C00007,P007,2025-02-12,4,Tarjeta Crédito,Online,Completada,1400.0,15
V003163,C00311,P024,2025-12-19,4,Tarjeta Débito,Tienda,Cancelada,14500.0,5
V003164,C00076,P013,2025-04-09,4,Efectivo,Marketplace,Completada,2200.0,15
V003165,C00916,P006,2025-09-27,3,Tarjeta Crédito,Marketplace,Completada,1800.0,10
V003166,C00278,P026,2025-06-08,5,Tarjeta Crédito,Online,Devuelta,800.0,0
V003167,C00812,P007,2025-01-30,3,Efectivo,Marketplace,Cancelada,1400.0,0
V003168,C01138,P024,2025-01-19,5,Tarjeta Crédito,Marketplace,Cancelada,14500.0,10
V003169,C00081,P008,2025-08-05,2,Tarjeta Crédito,Marketplace,Completada,700.0,5
V003170,C01067,P005,2025-10-23,3,Tarjeta Crédito,Online,Completada,12000.0,0
V003171,C00089,P026,2025-11-08,5,Transferencia,Tienda,Completada,800.0,0
V003172,C00810,P022,2025-10-01,5,Tarjeta Débito,Marketplace,Completada,1200.0,0
V003173,C00262,P012,2025-09-02,2,Tarjeta Crédito,Marketplace,Completada,1700.0,5
V003174,C00542,P001,2025-01-08,5,Transferencia,Online,Devuelta,22000.0,0
V003175,C00213,P011,2025-09-26,2,Transferencia,Tienda,Devuelta,1800.0,0
V003176,C00654,P005,2025-03-30,1,Tarjeta Débito,Online,Completada,12000.0,0
V003177,C01180,P013,2025-07-04,1,Tarjeta Débito,Online,Cancelada,2200.0,5
V003178,C00096,P011,2025-03-22,3,Efectivo,Tienda,Completada,1800.0,0
V003179,C00833,P008,2025-12-22,5,Efectivo,Tienda,Devuelta,700.0,0
V003180,C00181,P016,2025-03-28,1,Tarjeta Débito,Online,Cancelada,4500.0,5
V003181,C01037,P001,2025-09-27,3,Efectivo,Online,Devuelta,22000.0,15
V003182,C00404,P010,2025-09-14,5,Tarjeta Crédito,Online,Completada,4500.0,0
V003183,C00341,P015,2025-11-08,3,Tarjeta Crédito,Online,Completada,2600.0,10
V003184,C00287,P023,2025-01-30,1,Tarjeta Crédito,Tienda,Completada,8500.0,0
V003185,C00718,P030,2025-04-10,3,Tarjeta Crédito,Online,Devuelta,3200.0,15
V003186,C00404,P007,2025-10-09,5,Tarjeta Débito,Online,Cancelada,1400.0,10
V003187,C00969,P030,2025-01-24,1,Tarjeta Crédito,Online,Cancelada,3200.0,0
V003188,C00165,P001,2025-01-14,1,Tarjeta Débito,Online,Completada,22000.0,0
V003189,C01003,P024,2025-09-10,1,Tarjeta Crédito,Online,Completada,14500.0,0
V003190,C00167,P021,2025-03-15,5,Tarjeta Crédito,Online,Completada,11000.0,10
V003191,C00508,P020,2025-10-11,2,Tarjeta Crédito,Tienda,Completada,1500.0,10
V003192,C01059,P009,2025-06-09,5,Tarjeta Débito,Tienda,Completada,1300.0,5
V003193,C00084,P021,2025-03-18,1,Tarjeta Crédito,Online,Completada,11000.0,0
V003194,C00991,P010,2025-09-21,3,Tarjeta Crédito,Tienda,Completada,4500.0,0
V003195,C01079,P027,2025-10-04,5,Tarjeta Débito,Tienda,Completada,6000.0,5
V003196,C00680,P015,2025-08-14,1,Tarjeta Débito,Online,Cancelada,2600.0,0
V003197,C00607,P024,2025-08-24,3,Tarjeta Crédito,Online,Completada,14500.0,0
V003198,C00814,P017,2025-12-15,1,Tarjeta Crédito,Online,Completada,2200.0,0
V003199,C00992,P006,2025-04-16,4,Transferencia,Tienda,Completada,1800.0,0
V003200,C01119,P018,2025-11-26,3,Efectivo,Online,Completada,900.0,0
V003201,C01136,P027,2025-01-06,4,Tarjeta Crédito,Online,Completada,6000.0,0
V003202,C00202,P003,2025-04-25,5,Efectivo,Online,Completada,6500.0,0
V003203,C00140,P028,2025-10-27,5,Tarjeta Débito,Online,Completada,250.0,5
V003204,C00844,P029,2025-10-24,4,Tarjeta Crédito,Tienda,Cancelada,350.0,0
V003205,C00286,P012,2025-10-08,2,Tarjeta Crédito,Online,Completada,1700.0,5
V003206,C00817,P029,2025-07-16,3,Tarjeta Débito,Online,Completada,350.0,10
V003207,C01018,P006,2025-01-07,4,Tarjeta Débito,Tienda,Completada,1800.0,5
V003208,C01197,P018,2025-06-28,5,Tarjeta Crédito,Marketplace,Completada,900.0,0
V003209,C00701,P020,2025-03-06,3,Tarjeta Crédito,Online,Completada,1500.0,0
V003210,C00921,P024,2025-07-26,3,Tarjeta Crédito,Online,Completada,14500.0,0
V003211,C01073,P014,2025-01-04,3,Transferencia,Marketplace,Completada,5500.0,0
V003212,C00008,P006,2025-06-09,1,Efectivo,Online,Completada,1800.0,5
V003213,C00702,P003,2025-12-21,5,Tarjeta Débito,Marketplace,Cancelada,6500.0,0
V003214,C00095,P030,2025-02-04,1,Tarjeta Débito,Marketplace,Devuelta,3200.0,5
V003215,C01025,P024,2025-05-18,1,Tarjeta Crédito,Tienda,Completada,14500.0,5
V003216,C00772,P012,2025-03-04,2,Tarjeta Crédito,Online,Completada,1700.0,0
V003217,C00332,P009,2025-08-12,2,Tarjeta Crédito,Tienda,Completada,1300.0,5
V003218,C00394,P023,2025-03-08,2,Tarjeta Débito,Tienda,Completada,8500.0,5
V003219,C00168,P029,2025-11-22,3,Tarjeta Crédito,Marketplace,Devuelta,350.0,15
V003220,C00734,P004,2025-05-03,4,Tarjeta Crédito,Marketplace,Completada,9000.0,0
V003221,C01067,P014,2025-07-21,4,Tarjeta Débito,Online,Devuelta,5500.0,0
V003222,C00155,P022,2025-04-04,2,Tarjeta Crédito,Marketplace,Devuelta,1200.0,15
V003223,C00240,P003,2025-04-10,5,Tarjeta Débito,Marketplace,Completada,6500.0,5
V003224,C00310,P003,2025-05-28,3,Tarjeta Débito,Tienda,Cancelada,6500.0,0
V003225,C00290,P006,2025-10-07,4,Tarjeta Débito,Tienda,Completada,1800.0,0
V003226,C01120,P010,2025-11-27,3,Tarjeta Débito,Tienda,Completada,4500.0,5
V003227,C00631,P030,2025-10-02,1,Tarjeta Crédito,Marketplace,Completada,3200.0,0
V003228,C00336,P023,2025-12-09,3,Tarjeta Crédito,Online,Completada,6800.0,0
V003229,C00085,P009,2025-01-31,2,Tarjeta Crédito,Online,Devuelta,1300.0,10
V003230,C01011,P026,2025-09-15,4,Tarjeta Débito,Tienda,Completada,800.0,0
V003231,C00756,P006,2025-07-03,5,Tarjeta Débito,Online,Devuelta,1800.0,10
V003232,C00443,P030,2025-10-06,1,Tarjeta Crédito,Marketplace,Devuelta,3200.0,5
V003233,C00113,P023,2025-04-25,1,Tarjeta Crédito,Online,Completada,8500.0,10
V003234,C01200,P028,2025-09-29,4,Tarjeta Crédito,Online,Completada,250.0,10
V003235,C00644,P026,2025-08-08,3,Efectivo,Online,Completada,800.0,10
V003236,C00475,P010,2025-02-12,5,Tarjeta Crédito,Online,Completada,4500.0,0
V003237,C00986,P004,2025-11-19,2,Tarjeta Crédito,Tienda,Devuelta,9000.0,0
V003238,C00550,P018,2025-12-05,2,Tarjeta Crédito,Online,Completada,900.0,0
V003239,C00078,P017,2025-05-10,4,Tarjeta Crédito,Tienda,Completada,2200.0,10
V003240,C00515,P017,2025-01-05,5,Efectivo,Online,Devuelta,2200.0,0
V003241,C00836,P015,2025-11-24,4,Tarjeta Débito,Tienda,Cancelada,2600.0,10
V003242,C00085,P015,2025-02-20,4,Tarjeta Débito,Tienda,Completada,2600.0,20
V003243,C00950,P008,2025-01-23,5,Tarjeta Crédito,Marketplace,Devuelta,700.0,10
V003244,C00988,P015,2025-03-25,3,Tarjeta Débito,Tienda,Devuelta,2600.0,10
V003245,C00019,P015,2025-05-07,1,Tarjeta Crédito,Online,Completada,2600.0,0
V003246,C00513,P004,2025-01-27,5,Tarjeta Débito,Online,Completada,9000.0,5
V003247,C01160,P009,2025-11-30,4,Tarjeta Débito,Tienda,Completada,1300.0,0
V003248,C00963,P024,2025-01-24,3,Tarjeta Crédito,Online,Completada,14500.0,5
V003249,C00380,P029,2025-07-21,3,Tarjeta Crédito,Online,Completada,350.0,5
V003250,C01143,P011,2025-04-19,1,Tarjeta Débito,Marketplace,Devuelta,1800.0,0
V003251,C00653,P024,2025-01-12,5,Transferencia,Online,Cancelada,14500.0,0
V003252,C00284,P013,2025-01-14,4,Tarjeta Crédito,Online,Devuelta,2200.0,10
V003253,C01188,P019,2025-03-02,5,Efectivo,Tienda,Cancelada,1800.0,0
V003254,C01013,P002,2025-05-11,1,Tarjeta Débito,Online,Cancelada,14000.0,15
V003255,C01192,P011,2025-02-08,3,Tarjeta Crédito,Online,Completada,1800.0,15
V003256,C01140,P010,2025-11-06,3,Tarjeta Crédito,Tienda,Cancelada,4500.0,0
V003257,C00593,P004,2025-11-25,3,Transferencia,Tienda,Devuelta,9000.0,15
V003258,C00757,P002,2025-01-01,1,Transferencia,Tienda,Completada,14000.0,0
V003259,C00830,P020,2025-02-11,4,Tarjeta Crédito,Marketplace,Completada,1500.0,0
V003260,C00178,P024,2025-05-17,1,Transferencia,Online,Devuelta,14500.0,10
V003261,C01180,P002,2025-06-13,5,Tarjeta Crédito,Online,Completada,14000.0,0
V003262,C00230,P010,2025-11-11,2,Tarjeta Crédito,Online,Devuelta,4950.0,5
V003263,C00403,P009,2025-08-29,3,Tarjeta Crédito,Marketplace,Devuelta,1300.0,20
V003264,C00390,P021,2025-01-18,2,Tarjeta Crédito,Online,Completada,11000.0,10
V003265,C00106,P022,2025-04-06,4,Tarjeta Débito,Online,Completada,1200.0,0
V003266,C00648,P026,2025-03-27,4,Tarjeta Débito,Online,Cancelada,800.0,5
V003267,C01045,P027,2025-02-16,5,Tarjeta Crédito,Online,Devuelta,6000.0,15
V003268,C00352,P012,2025-11-30,4,Tarjeta Crédito,Online,Completada,1700.0,15
V003269,C00005,P029,2025-04-28,4,Tarjeta Crédito,Tienda,Completada,350.0,10
V003270,C01121,P012,2025-09-04,5,Transferencia,Online,Completada,1700.0,0
V003271,C01004,P017,2025-07-25,1,Tarjeta Crédito,Marketplace,Completada,2200.0,5
V003272,C00186,P008,2025-12-21,1,Tarjeta Crédito,Tienda,Devuelta,700.0,20
V003273,C01099,P026,2025-09-26,2,Transferencia,Marketplace,Completada,800.0,0
V003274,C01087,P015,2025-02-07,2,Efectivo,Online,Completada,2600.0,10
V003275,C00276,P022,2025-08-22,3,Tarjeta Crédito,Marketplace,Devuelta,1200.0,15
V003276,C01056,P003,2025-07-18,2,Tarjeta Crédito,Tienda,Completada,6500.0,0
V003277,C00842,P017,2025-05-21,1,Tarjeta Crédito,Marketplace,Completada,2200.0,5
V003278,C00474,P028,2025-05-21,1,Tarjeta Crédito,Online,Devuelta,250.0,5
V003279,C00981,P008,2025-09-26,4,Tarjeta Crédito,Tienda,Completada,700.0,0
V003280,C01029,P002,2025-03-05,3,Tarjeta Crédito,Online,Devuelta,14000.0,10
V003281,C00513,P009,2025-10-04,2,Tarjeta Débito,Online,Completada,1300.0,0
V003282,C00409,P005,2025-03-24,2,Transferencia,Online,Completada,12000.0,15
V003283,C00753,P015,2025-01-30,4,Tarjeta Crédito,Online,Cancelada,2600.0,0
V003284,C01003,P014,2025-04-24,3,Tarjeta Crédito,Tienda,Completada,5500.0,10
V003285,C00312,P003,2025-08-11,2,Tarjeta Débito,Online,Completada,6500.0,10
V003286,C00539,P017,2025-04-20,2,Tarjeta Débito,Tienda,Devuelta,2200.0,5
V003287,C00194,P004,2025-05-09,4,Transferencia,Marketplace,Devuelta,9000.0,0
V003288,C00532,P017,2025-10-24,4,Tarjeta Débito,Tienda,Completada,2200.0,0
V003289,C00004,P018,2025-12-19,5,Tarjeta Crédito,Online,Completada,900.0,5
V003290,C00567,P007,2025-07-23,2,Tarjeta Débito,Online,Cancelada,1400.0,15
V003291,C00702,P028,2025-10-30,2,Tarjeta Crédito,Marketplace,Devuelta,250.0,0
V003292,C00593,P017,2025-04-16,1,Tarjeta Débito,Marketplace,Completada,2200.0,0
V003293,C00144,P026,2025-12-22,1,Tarjeta Débito,Online,Completada,800.0,0
V003294,C00973,P021,2025-09-14,1,Tarjeta Crédito,Tienda,Devuelta,11000.0,0
V003295,C00980,P028,2025-03-31,5,Tarjeta Débito,Online,Cancelada,250.0,0
V003296,C00166,P006,2025-03-13,3,Tarjeta Débito,Online,Completada,1800.0,5
V003297,C00616,P018,2025-05-13,2,Tarjeta Crédito,Online,Completada,900.0,5
V003298,C01151,P004,2025-06-02,5,Tarjeta Crédito,Tienda,Completada,9000.0,0
V003299,C00949,P005,2025-12-09,2,Tarjeta Débito,Online,Devuelta,12000.0,5
V003300,C00688,P020,2025-09-27,2,Transferencia,Online,Completada,1500.0,5
V003301,C00296,P026,2025-06-27,2,Transferencia,Marketplace,Completada,800.0,10
V003302,C01023,P010,2025-09-02,1,Tarjeta Crédito,Online,Completada,4500.0,10
V003303,C00113,P004,2025-07-05,5,Tarjeta Débito,Tienda,Completada,9000.0,5
V003304,C01190,P007,2025-12-26,3,Tarjeta Débito,Tienda,Devuelta,1400.0,5
V003305,C00708,P023,2025-09-28,4,Tarjeta Crédito,Marketplace,Cancelada,8500.0,0
V003306,C01175,P026,2025-01-19,5,Tarjeta Crédito,Tienda,Cancelada,800.0,5
V003307,C01088,P028,2025-12-09,2,Tarjeta Crédito,Tienda,Cancelada,250.0,0
V003308,C00929,P010,2025-06-12,5,Transferencia,Tienda,Devuelta,4500.0,0
V003309,C00495,P003,2025-01-17,1,Tarjeta Crédito,Tienda,Completada,6500.0,10
V003310,C00259,P012,2025-03-14,5,Tarjeta Crédito,Tienda,Completada,1700.0,10
V003311,C00785,P004,2025-08-17,1,Tarjeta Crédito,Online,Completada,9000.0,0
V003312,C00858,P017,2025-04-20,4,Tarjeta Crédito,Online,Cancelada,2200.0,0
V003313,C00607,P018,2025-07-22,1,Tarjeta Crédito,Online,Completada,900.0,0
V003314,C01037,P016,2025-09-22,4,Tarjeta Crédito,Online,Completada,4500.0,0
V003315,C00773,P012,2025-08-06,1,Tarjeta Crédito,Online,Cancelada,1700.0,0
V003316,C00033,P023,2025-06-03,2,Transferencia,Marketplace,Devuelta,8500.0,5
V003317,C00959,P006,2025-09-26,4,Tarjeta Débito,Online,Completada,1800.0,5
V003318,C00251,P020,2025-03-05,2,Tarjeta Crédito,Online,Completada,1500.0,0
V003319,C00073,P004,2025-02-28,2,Efectivo,Marketplace,Completada,9000.0,10
V003320,C01081,P001,2025-09-03,1,Tarjeta Crédito,Online,Completada,22000.0,0
V003321,C00898,P029,2025-04-16,2,Tarjeta Débito,Marketplace,Completada,350.0,15
V003322,C00666,P015,2025-06-09,5,Tarjeta Débito,Tienda,Completada,2600.0,0
V003323,C01073,P026,2025-07-23,4,Transferencia,Online,Devuelta,800.0,5
V003324,C01128,P025,2025-05-11,3,Transferencia,Online,Devuelta,4200.0,5
V003325,C00939,P010,2025-05-07,2,Tarjeta Crédito,Online,Cancelada,4500.0,0
V003326,C00479,P001,2025-01-31,1,Efectivo,Online,Completada,22000.0,10
V003327,C01140,P015,2025-11-14,3,Tarjeta Crédito,Tienda,Cancelada,2600.0,10
V003328,C01084,P030,2025-08-20,2,Transferencia,Marketplace,Completada,3200.0,5
V003329,C00452,P013,2025-08-22,2,Tarjeta Crédito,Online,Completada,2200.0,5
V003330,C00310,P024,2025-08-16,4,Efectivo,Tienda,Devuelta,14500.0,10
V003331,C00543,P029,2025-03-18,5,Transferencia,Marketplace,Cancelada,350.0,15
V003332,C01088,P024,2025-08-08,3,Tarjeta Débito,Online,Completada,14500.0,5
V003333,C00892,P008,2025-03-14,3,Tarjeta Crédito,Tienda,Completada,700.0,10
V003334,C00486,P012,2025-07-17,4,Tarjeta Débito,Tienda,Completada,1700.0,0
V003335,C00232,P015,2025-08-21,1,Tarjeta Crédito,Online,Devuelta,2600.0,0
V003336,C01123,P007,2025-04-01,3,Transferencia,Marketplace,Completada,1400.0,0
V003337,C00270,P029,2025-04-15,3,Transferencia,Tienda,Completada,350.0,10
V003338,C00540,P024,2025-07-14,3,Tarjeta Débito,Online,Completada,14500.0,10
V003339,C00535,P019,2025-07-13,4,Tarjeta Crédito,Online,Completada,1800.0,5
V003340,C00529,P015,2025-07-12,2,Tarjeta Crédito,Online,Cancelada,2600.0,10
V003341,C00656,P001,2025-08-04,5,Tarjeta Crédito,Tienda,Completada,22000.0,0
V003342,C01000,P006,2025-10-27,4,Tarjeta Débito,Tienda,Cancelada,1800.0,5
V003343,C00854,P026,2025-08-11,5,Transferencia,Tienda,Devuelta,800.0,10
V003344,C01117,P017,2025-01-22,2,Tarjeta Débito,Online,Devuelta,2200.0,0
V003345,C00380,P023,2025-10-05,5,Tarjeta Débito,Online,Devuelta,8500.0,10
V003346,C00445,P028,2025-09-17,5,Tarjeta Débito,Online,Cancelada,250.0,0
V003347,C00583,P026,2025-07-19,1,Tarjeta Débito,Tienda,Cancelada,800.0,5
V003348,C00140,P028,2025-04-23,4,Tarjeta Crédito,Marketplace,Completada,250.0,20
V003349,C00379,P005,2025-03-29,2,Tarjeta Crédito,Tienda,Completada,12000.0,20
V003350,C00911,P009,2025-12-19,4,Tarjeta Crédito,Tienda,Completada,1300.0,20
V003351,C00404,P029,2025-06-02,2,Tarjeta Crédito,Marketplace,Completada,350.0,5
V003352,C00913,P019,2025-05-16,5,Tarjeta Crédito,Tienda,Completada,1800.0,0
V003353,C00037,P021,2025-05-05,4,Tarjeta Crédito,Marketplace,Completada,11000.0,0
V003354,C01169,P007,2025-10-10,4,Transferencia,Online,Completada,1400.0,5
V003355,C00968,P013,2025-10-08,2,Efectivo,Online,Completada,2200.0,0
V003356,C00516,P019,2025-01-19,1,Efectivo,Tienda,Completada,1800.0,5
V003357,C00784,P028,2025-02-16,5,Efectivo,Marketplace,Cancelada,250.0,10
V003358,C00559,P017,2025-02-23,5,Tarjeta Débito,Tienda,Completada,2200.0,10
V003359,C00739,P008,2025-12-05,5,Tarjeta Crédito,Marketplace,Cancelada,700.0,5
V003360,C00510,P011,2025-01-31,2,Efectivo,Online,Cancelada,1800.0,5
V003361,C00544,P018,2025-03-08,1,Transferencia,Tienda,Completada,900.0,0
V003362,C00548,P008,2025-08-28,5,Tarjeta Débito,Online,Cancelada,700.0,0
V003363,C00797,P021,2025-03-14,4,Tarjeta Débito,Online,Cancelada,11000.0,5
V003364,C00639,P022,2025-11-08,2,Tarjeta Crédito,Online,Completada,1200.0,0
V003365,C00272,P013,2025-03-27,4,Tarjeta Débito,Online,Devuelta,2200.0,0
V003366,C00218,P021,2025-11-23,4,Tarjeta Crédito,Online,Cancelada,11000.0,0
V003367,C00486,P011,2025-09-17,2,Tarjeta Débito,Online,Completada,1800.0,5
V003368,C00318,P001,2025-04-23,3,Transferencia,Online,Devuelta,22000.0,5
V003369,C00077,P030,2025-07-14,5,Tarjeta Débito,Marketplace,Cancelada,3200.0,0
V003370,C00490,P006,2025-05-24,4,Transferencia,Tienda,Cancelada,1800.0,10
V003371,C00048,P004,2025-09-02,1,Efectivo,Tienda,Completada,9000.0,0
V003372,C00321,P013,2025-04-02,2,Tarjeta Débito,Tienda,Completada,2200.0,15
V003373,C00008,P023,2025-02-23,5,Tarjeta Débito,Online,Cancelada,8500.0,10
V003374,C00299,P011,2025-04-01,1,Tarjeta Débito,Online,Completada,1800.0,10
V003375,C00528,P001,2025-12-07,1,Tarjeta Crédito,Online,Completada,22000.0,0
V003376,C01105,P014,2025-07-07,5,Tarjeta Débito,Online,Completada,5500.0,20
V003377,C01149,P013,2025-02-25,2,Tarjeta Crédito,Tienda,Devuelta,2200.0,10
V003378,C00770,P023,2025-06-18,5,Transferencia,Tienda,Devuelta,8500.0,0
V003379,C00132,P019,2025-03-09,5,Efectivo,Online,Cancelada,1800.0,0
V003380,C00226,P007,2025-01-15,1,Tarjeta Crédito,Marketplace,Completada,1400.0,5
V003381,C00834,P011,2025-10-27,5,Transferencia,Marketplace,Devuelta,1800.0,0
V003382,C00795,P024,2025-06-17,1,Tarjeta Débito,Online,Cancelada,14500.0,0
V003383,C00110,P013,2025-06-29,1,Tarjeta Débito,Tienda,Cancelada,2200.0,0
V003384,C00188,P030,2025-08-05,1,Tarjeta Débito,Online,Completada,3200.0,10
V003385,C00860,P026,2025-04-16,2,Tarjeta Crédito,Online,Completada,800.0,0
V003386,C00836,P003,2025-07-29,3,Tarjeta Débito,Tienda,Devuelta,6500.0,0
V003387,C01150,P021,2025-10-31,3,Tarjeta Débito,Tienda,Cancelada,11000.0,0
V003388,C00171,P009,2025-04-10,4,Tarjeta Débito,Online,Completada,1300.0,0
V003389,C00764,P003,2025-08-13,1,Transferencia,Tienda,Completada,6500.0,0
V003390,C00893,P018,2025-04-22,4,Tarjeta Crédito,Tienda,Devuelta,900.0,10
V003391,C00151,P006,2025-09-25,1,Efectivo,Marketplace,Devuelta,1800.0,5
V003392,C00035,P009,2025-05-21,4,Efectivo,Online,Completada,1300.0,5
V003393,C01077,P013,2025-10-23,1,Transferencia,Tienda,Cancelada,2200.0,10
V003394,C00885,P019,2025-10-26,4,Transferencia,Tienda,Completada,1800.0,0
V003395,C00415,P006,2025-03-18,3,Transferencia,Tienda,Cancelada,1800.0,5
V003396,C00702,P021,2025-01-10,5,Tarjeta Crédito,Online,Devuelta,11000.0,20
V003397,C00352,P030,2025-02-25,3,Transferencia,Online,Cancelada,3200.0,0
V003398,C00300,P015,2025-09-17,1,Efectivo,Tienda,Completada,2600.0,10
V003399,C00103,P009,2025-07-23,2,Transferencia,Marketplace,Cancelada,1300.0,5
V003400,C01004,P010,2025-07-12,5,Tarjeta Crédito,Online,Completada,4500.0,0
V003401,C00607,P015,2025-01-18,2,Tarjeta Crédito,Marketplace,Cancelada,2600.0,10
V003402,C00737,P030,2025-03-27,3,Tarjeta Débito,Online,Completada,3200.0,10
V003403,C00419,P024,2025-04-09,5,Tarjeta Crédito,Tienda,Cancelada,14500.0,0
V003404,C00126,P001,2025-03-11,2,Tarjeta Débito,Online,Devuelta,22000.0,10
V003405,C00997,P022,2025-05-31,5,Tarjeta Débito,Tienda,Cancelada,1200.0,0
V003406,C00712,P010,2025-09-17,1,Transferencia,Tienda,Completada,4500.0,15
V003407,C00028,P018,2025-12-27,5,Efectivo,Tienda,Completada,900.0,10
V003408,C01184,P009,2025-05-18,2,Tarjeta Débito,Online,Cancelada,1300.0,10
V003409,C00331,P015,2025-06-10,5,Efectivo,Marketplace,Cancelada,2600.0,15
V003410,C00287,P013,2025-11-23,1,Tarjeta Débito,Online,Completada,2200.0,20
V003411,C01052,P006,2025-05-25,2,Tarjeta Débito,Online,Cancelada,1800.0,5
V003412,C00604,P016,2025-05-01,3,Tarjeta Crédito,Online,Completada,4500.0,5
V003413,C00422,P006,2025-02-24,1,Efectivo,Online,Completada,1800.0,5
V003414,C01083,P001,2025-05-19,2,Tarjeta Crédito,Online,Completada,22000.0,0
V003415,C00939,P020,2025-10-19,3,Tarjeta Crédito,Marketplace,Cancelada,1500.0,0
V003416,C00975,P020,2025-05-31,5,Tarjeta Débito,Tienda,Devuelta,1500.0,10
V003417,C01102,P022,2025-08-16,3,Tarjeta Débito,Online,Devuelta,1200.0,5
V003418,C00236,P012,2025-01-29,3,Tarjeta Débito,Online,Cancelada,1700.0,5
V003419,C00672,P011,2025-04-08,2,Tarjeta Crédito,Tienda,Completada,1800.0,15
V003420,C00960,P001,2025-01-27,1,Tarjeta Débito,Tienda,Completada,22000.0,5
V003421,C00909,P006,2025-03-17,1,Tarjeta Crédito,Online,Cancelada,1800.0,20
V003422,C00434,P016,2025-04-19,1,Tarjeta Débito,Marketplace,Cancelada,4500.0,0
V003423,C00760,P001,2025-12-14,2,Transferencia,Tienda,Completada,22000.0,0
V003424,C01176,P009,2025-08-05,1,Tarjeta Débito,Online,Completada,1300.0,15
V003425,C00505,P026,2025-12-30,2,Tarjeta Crédito,Online,Completada,800.0,5
V003426,C00549,P027,2025-01-20,2,Tarjeta Débito,Online,Completada,6000.0,10
V003427,C00048,P006,2025-01-18,5,Tarjeta Crédito,Tienda,Completada,1800.0,0
V003428,C00187,P017,2025-07-30,3,Tarjeta Débito,Tienda,Completada,2200.0,5
V003429,C00123,P002,2025-03-15,2,Tarjeta Débito,Tienda,Completada,14000.0,0
V003430,C00145,P029,2025-04-23,5,Efectivo,Online,Completada,350.0,0
V003431,C00754,P016,2025-10-11,4,Tarjeta Débito,Online,Completada,4500.0,5
V003432,C00162,P017,2025-12-25,5,Tarjeta Crédito,Online,Completada,2200.0,0
V003433,C00423,P003,2025-05-05,5,Tarjeta Crédito,Online,Completada,6500.0,5
V003434,C00616,P016,2025-08-04,2,Tarjeta Crédito,Online,Completada,4500.0,0
V003435,C00343,P015,2025-05-05,4,Efectivo,Tienda,Completada,2600.0,5
V003436,C00982,P027,2025-06-28,1,Tarjeta Débito,Online,Completada,6000.0,10
V003437,C01095,P019,2025-01-20,5,Tarjeta Crédito,Online,Completada,1800.0,5
V003438,C00676,P013,2025-12-17,1,Tarjeta Crédito,Online,Completada,2200.0,0
V003439,C00771,P008,2025-12-17,1,Efectivo,Online,Cancelada,700.0,0
V003440,C01160,P003,2025-08-02,4,Efectivo,Online,Completada,6500.0,5
V003441,C01000,P021,2025-01-20,3,Tarjeta Crédito,Tienda,Completada,11000.0,0
V003442,C00469,P022,2025-05-10,5,Tarjeta Crédito,Online,Devuelta,1200.0,10
V003443,C00100,P021,2025-11-05,2,Transferencia,Tienda,Devuelta,11000.0,5
V003444,C00041,P028,2025-12-26,2,Tarjeta Crédito,Marketplace,Completada,250.0,0
V003445,C00251,P009,2025-01-18,4,Tarjeta Débito,Marketplace,Cancelada,1300.0,0
V003446,C01100,P016,2025-04-01,4,Tarjeta Crédito,Online,Devuelta,4500.0,15
V003447,C00362,P020,2025-06-16,4,Tarjeta Crédito,Tienda,Completada,1500.0,10
V003448,C00647,P001,2025-08-20,5,Tarjeta Crédito,Online,Completada,22000.0,10
V003449,C00844,P004,2025-08-21,1,Transferencia,Online,Completada,7200.0,0
V003450,C00333,P009,2025-09-23,2,Tarjeta Crédito,Tienda,Devuelta,1300.0,20
V003451,C00969,P011,2025-07-19,1,Tarjeta Crédito,Tienda,Cancelada,1800.0,10
V003452,C00348,P001,2025-12-16,3,Tarjeta Crédito,Online,Completada,22000.0,10
V003453,C00612,P018,2025-07-03,2,Transferencia,Tienda,Completada,900.0,5
V003454,C00635,P013,2025-02-09,2,Tarjeta Crédito,Online,Devuelta,2200.0,0
V003455,C00897,P023,2025-12-29,3,Tarjeta Crédito,Tienda,Completada,8500.0,5
V003456,C00836,P014,2025-09-26,1,Tarjeta Débito,Marketplace,Completada,5500.0,5
V003457,C00758,P009,2025-06-02,5,Efectivo,Tienda,Devuelta,1300.0,0
V003458,C01041,P002,2025-07-19,1,Tarjeta Crédito,Tienda,Completada,14000.0,0
V003459,C00521,P013,2025-05-12,2,Tarjeta Crédito,Online,Devuelta,2200.0,0
V003460,C00632,P003,2025-08-14,1,Tarjeta Crédito,Marketplace,Devuelta,6500.0,20
V003461,C01128,P026,2025-01-23,2,Tarjeta Crédito,Online,Devuelta,800.0,0
V003462,C01180,P004,2025-08-28,3,Tarjeta Crédito,Marketplace,Completada,9000.0,0
V003463,C01190,P007,2025-07-18,3,Tarjeta Crédito,Tienda,Completada,1400.0,10
V003464,C00032,P012,2025-09-07,5,Tarjeta Crédito,Online,Completada,1700.0,10
V003465,C00776,P019,2025-01-31,4,Tarjeta Crédito,Tienda,Completada,1800.0,5
V003466,C00948,P023,2025-08-26,3,Tarjeta Crédito,Marketplace,Completada,8500.0,0
V003467,C00126,P004,2025-01-08,4,Tarjeta Crédito,Online,Completada,9000.0,0
V003468,C01148,P021,2025-03-08,4,Transferencia,Marketplace,Completada,11000.0,5
V003469,C00674,P015,2025-03-26,2,Tarjeta Débito,Tienda,Completada,2600.0,5
V003470,C00029,P013,2025-07-27,4,Efectivo,Tienda,Completada,2200.0,0
V003471,C00828,P011,2025-10-16,4,Tarjeta Crédito,Tienda,Completada,1800.0,10
V003472,C00609,P024,2025-01-04,1,Tarjeta Débito,Online,Completada,14500.0,0
V003473,C00746,P030,2025-01-15,5,Tarjeta Crédito,Tienda,Completada,3200.0,0
V003474,C00830,P008,2025-11-22,1,Tarjeta Débito,Tienda,Devuelta,700.0,15
V003475,C00535,P017,2025-02-23,3,Tarjeta Crédito,Tienda,Devuelta,2200.0,20
V003476,C01051,P023,2025-03-17,5,Tarjeta Crédito,Online,Devuelta,8500.0,10
V003477,C00561,P024,2025-05-14,2,Tarjeta Crédito,Online,Cancelada,14500.0,10
V003478,C00762,P015,2025-02-27,4,Tarjeta Crédito,Online,Completada,2600.0,0
V003479,C00902,P004,2025-03-18,4,Tarjeta Crédito,Tienda,Completada,9000.0,10
V003480,C00775,P028,2025-11-01,4,Efectivo,Online,Cancelada,250.0,20
V003481,C01111,P017,2025-12-25,1,Efectivo,Online,Completada,2200.0,0
V003482,C00133,P019,2025-12-31,4,Tarjeta Crédito,Online,Completada,1800.0,0
V003483,C00153,P003,2025-08-20,5,Tarjeta Crédito,Tienda,Completada,6500.0,5
V003484,C00324,P004,2025-04-18,2,Transferencia,Online,Completada,9000.0,15
V003485,C00732,P025,2025-11-24,1,Tarjeta Crédito,Marketplace,Cancelada,4200.0,15
V003486,C00614,P022,2025-11-23,1,Tarjeta Débito,Marketplace,Devuelta,1200.0,0
V003487,C00734,P004,2025-02-22,1,Tarjeta Débito,Tienda,Completada,9000.0,10
V003488,C01198,P029,2025-01-10,5,Efectivo,Tienda,Completada,350.0,0
V003489,C00152,P015,2025-12-17,3,Tarjeta Crédito,Online,Completada,2600.0,5
V003490,C00711,P026,2025-11-19,2,Tarjeta Crédito,Online,Devuelta,800.0,5
V003491,C00025,P023,2025-09-15,5,Transferencia,Online,Cancelada,8500.0,10
V003492,C01007,P007,2025-08-21,4,Efectivo,Online,Completada,1400.0,15
V003493,C00231,P014,2025-04-15,1,Tarjeta Débito,Tienda,Devuelta,5500.0,5
V003494,C00067,P020,2025-12-12,3,Efectivo,Online,Completada,1500.0,5
V003495,C00989,P010,2025-12-14,3,Tarjeta Crédito,Tienda,Devuelta,4500.0,0
V003496,C00731,P006,2025-02-23,2,Tarjeta Crédito,Tienda,Completada,1800.0,10
V003497,C00841,P023,2025-02-15,4,Tarjeta Débito,Marketplace,Completada,8500.0,10
V003498,C01060,P030,2025-09-01,4,Tarjeta Crédito,Online,Completada,3200.0,0
V003499,C00982,P015,2025-12-04,1,Efectivo,Marketplace,Completada,2600.0,10
V003500,C00260,P022,2025-07-10,2,Tarjeta Débito,Tienda,Completada,1200.0,5
V003501,C00606,P016,2025-05-07,2,Transferencia,Online,Completada,4500.0,5
V003502,C00024,P017,2025-02-24,3,Tarjeta Crédito,Tienda,Completada,2200.0,5
V003503,C00305,P025,2025-02-15,5,Tarjeta Crédito,Marketplace,Devuelta,4200.0,15
V003504,C00948,P018,2025-10-31,4,Tarjeta Crédito,Online,Devuelta,900.0,5
V003505,C01185,P004,2025-02-10,1,Tarjeta Crédito,Marketplace,Completada,9000.0,5
V003506,C00235,P007,2025-12-25,3,Tarjeta Crédito,Online,Cancelada,1400.0,20
V003507,C01196,P004,2025-12-12,4,Tarjeta Crédito,Online,Completada,9000.0,15
V003508,C00005,P001,2025-10-24,4,Tarjeta Débito,Marketplace,Completada,22000.0,20
V003509,C00334,P030,2025-05-05,3,Tarjeta Crédito,Tienda,Completada,3200.0,0
V003510,C00123,P009,2025-09-09,4,Tarjeta Crédito,Online,Completada,1300.0,0
V003511,C00370,P030,2025-07-13,5,Tarjeta Débito,Online,Completada,3200.0,0
V003512,C01181,P015,2025-05-21,1,Tarjeta Débito,Online,Cancelada,2600.0,0
V003513,C01183,P026,2025-08-04,4,Transferencia,Tienda,Completada,800.0,5
V003514,C00874,P011,2025-12-24,4,Efectivo,Tienda,Cancelada,1800.0,10
V003515,C01095,P018,2025-10-21,2,Tarjeta Crédito,Marketplace,Completada,900.0,10
V003516,C01134,P007,2025-02-04,4,Tarjeta Débito,Online,Cancelada,1400.0,0
V003517,C00308,P003,2025-01-20,5,Tarjeta Crédito,Marketplace,Completada,6500.0,0
V003518,C00946,P005,2025-09-10,1,Tarjeta Débito,Online,Cancelada,12000.0,10
V003519,C01024,P006,2025-04-17,2,Efectivo,Marketplace,Devuelta,1800.0,0
V003520,C00509,P019,2025-07-04,2,Tarjeta Débito,Online,Completada,1800.0,5
V003521,C01188,P014,2025-09-03,4,Tarjeta Crédito,Tienda,Devuelta,5500.0,5
V003522,C00678,P002,2025-09-27,3,Tarjeta Débito,Online,Cancelada,14000.0,5
V003523,C00991,P019,2025-01-31,5,Tarjeta Crédito,Online,Cancelada,1800.0,15
V003524,C00462,P012,2025-05-04,3,Tarjeta Débito,Tienda,Completada,1700.0,10
V003525,C00081,P011,2025-07-31,2,Tarjeta Débito,Marketplace,Cancelada,1800.0,0
V003526,C00725,P026,2025-12-05,1,Tarjeta Crédito,Online,Completada,800.0,15
V003527,C00568,P028,2025-11-18,4,Tarjeta Crédito,Online,Completada,250.0,5
V003528,C00946,P009,2025-09-12,5,Tarjeta Débito,Tienda,Completada,1300.0,5
V003529,C00979,P024,2025-04-03,3,Transferencia,Online,Completada,14500.0,5
V003530,C00030,P005,2025-02-20,2,Transferencia,Online,Completada,12000.0,15
V003531,C00024,P006,2025-06-28,3,Tarjeta Débito,Tienda,Completada,1800.0,0
V003532,C00018,P029,2025-01-08,5,Efectivo,Tienda,Completada,350.0,0
V003533,C00870,P020,2025-12-04,4,Tarjeta Débito,Online,Completada,1500.0,0
V003534,C00608,P009,2025-12-16,1,Transferencia,Online,Cancelada,1300.0,0
V003535,C00695,P007,2025-12-04,5,Tarjeta Crédito,Tienda,Completada,1400.0,10
V003536,C00453,P021,2025-02-09,2,Transferencia,Online,Completada,11000.0,5
V003537,C00676,P010,2025-03-14,4,Tarjeta Débito,Tienda,Completada,4500.0,0
V003538,C00570,P016,2025-01-24,2,Tarjeta Crédito,Marketplace,Completada,4500.0,10
V003539,C00658,P005,2025-04-29,5,Transferencia,Marketplace,Completada,12000.0,0
V003540,C01180,P016,2025-11-17,2,Transferencia,Online,Devuelta,4500.0,0
V003541,C00646,P008,2025-02-27,2,Tarjeta Crédito,Tienda,Completada,700.0,0
V003542,C00724,P019,2025-12-07,1,Tarjeta Débito,Online,Devuelta,1800.0,0
V003543,C00550,P013,2025-04-06,1,Tarjeta Débito,Marketplace,Completada,2200.0,5
V003544,C00999,P027,2025-01-26,4,Efectivo,Online,Devuelta,6000.0,15
V003545,C00050,P020,2025-09-09,5,Transferencia,Tienda,Completada,1500.0,10
V003546,C00912,P028,2025-09-01,1,Tarjeta Crédito,Marketplace,Cancelada,250.0,5
V003547,C00935,P027,2025-09-11,4,Tarjeta Crédito,Tienda,Completada,6000.0,0
V003548,C00078,P002,2025-02-08,1,Tarjeta Débito,Tienda,Cancelada,14000.0,0
V003549,C00199,P005,2025-06-12,3,Tarjeta Crédito,Tienda,Cancelada,12000.0,0
V003550,C00821,P009,2025-07-05,2,Tarjeta Débito,Tienda,Completada,1300.0,0
V003551,C00551,P017,2025-03-09,3,Tarjeta Crédito,Online,Devuelta,2200.0,5
V003552,C01193,P012,2025-08-29,4,Tarjeta Débito,Marketplace,Completada,1700.0,5
V003553,C01039,P026,2025-04-20,5,Tarjeta Crédito,Marketplace,Completada,800.0,0
V003554,C00810,P014,2025-04-07,2,Tarjeta Crédito,Online,Devuelta,5500.0,5
V003555,C00355,P026,2025-08-04,1,Tarjeta Crédito,Online,Completada,800.0,10
V003556,C00601,P016,2025-06-21,2,Tarjeta Débito,Online,Devuelta,4500.0,20
V003557,C00710,P020,2025-03-06,3,Tarjeta Crédito,Marketplace,Cancelada,1500.0,5
V003558,C00873,P015,2025-07-15,1,Tarjeta Débito,Marketplace,Completada,2600.0,0
V003559,C00714,P028,2025-10-25,3,Tarjeta Crédito,Tienda,Cancelada,250.0,0
V003560,C00138,P002,2025-07-24,1,Tarjeta Crédito,Online,Completada,14000.0,0
V003561,C01098,P008,2025-12-21,4,Tarjeta Débito,Tienda,Completada,700.0,5
V003562,C00732,P014,2025-08-08,4,Tarjeta Crédito,Tienda,Devuelta,5500.0,0
V003563,C00056,P024,2025-11-21,2,Tarjeta Débito,Marketplace,Devuelta,14500.0,15
V003564,C00482,P021,2025-02-20,1,Tarjeta Crédito,Online,Completada,11000.0,5
V003565,C00693,P013,2025-01-05,1,Tarjeta Débito,Online,Completada,2200.0,0
V003566,C00673,P011,2025-08-04,4,Tarjeta Débito,Online,Completada,1800.0,10
V003567,C00683,P029,2025-02-22,2,Tarjeta Crédito,Tienda,Completada,350.0,0
V003568,C01190,P011,2025-06-27,4,Efectivo,Online,Completada,1800.0,20
V003569,C00202,P013,2025-06-08,3,Tarjeta Débito,Tienda,Devuelta,2200.0,5
V003570,C00638,P014,2025-06-07,5,Tarjeta Crédito,Marketplace,Completada,5500.0,5
V003571,C00407,P028,2025-02-10,4,Tarjeta Débito,Tienda,Completada,250.0,10
V003572,C00396,P029,2025-06-05,1,Tarjeta Crédito,Tienda,Completada,350.0,0
V003573,C00641,P009,2025-09-07,1,Tarjeta Débito,Online,Devuelta,1300.0,10
V003574,C00119,P014,2025-01-26,3,Tarjeta Crédito,Tienda,Completada,5500.0,0
V003575,C00443,P024,2025-06-15,2,Transferencia,Online,Completada,14500.0,0
V003576,C00842,P004,2025-01-07,2,Tarjeta Débito,Tienda,Completada,9000.0,20
V003577,C00662,P025,2025-11-07,1,Efectivo,Marketplace,Devuelta,4200.0,0
V003578,C00183,P028,2025-02-23,3,Tarjeta Crédito,Tienda,Completada,250.0,0
V003579,C01072,P024,2025-04-30,3,Tarjeta Débito,Online,Completada,14500.0,0
V003580,C00667,P028,2025-04-15,1,Efectivo,Marketplace,Completada,250.0,10
V003581,C00821,P023,2025-02-25,2,Tarjeta Crédito,Online,Completada,8500.0,0
V003582,C00175,P014,2025-04-12,5,Efectivo,Online,Completada,5500.0,0
V003583,C00283,P005,2025-03-15,4,Efectivo,Online,Completada,12000.0,0
V003584,C00526,P015,2025-07-10,2,Tarjeta Crédito,Marketplace,Cancelada,2600.0,15
V003585,C00404,P024,2025-04-28,1,Tarjeta Crédito,Tienda,Completada,14500.0,10
V003586,C00631,P009,2025-04-25,3,Efectivo,Online,Cancelada,1300.0,0
V003587,C00458,P003,2025-02-10,1,Efectivo,Online,Cancelada,6500.0,0
V003588,C00393,P001,2025-11-26,1,Tarjeta Débito,Online,Completada,22000.0,5
V003589,C00327,P011,2025-10-17,3,Transferencia,Online,Completada,1800.0,0
V003590,C00024,P014,2025-03-07,2,Tarjeta Crédito,Tienda,Completada,5500.0,15
V003591,C00938,P007,2025-06-16,2,Efectivo,Tienda,Cancelada,1400.0,20
V003592,C00354,P008,2025-02-15,5,Tarjeta Débito,Online,Completada,700.0,0
V003593,C00746,P020,2025-11-14,4,Tarjeta Crédito,Marketplace,Completada,1500.0,0
V003594,C00935,P012,2025-10-02,2,Tarjeta Crédito,Tienda,Devuelta,1700.0,0
V003595,C00328,P020,2025-06-23,3,Tarjeta Débito,Tienda,Cancelada,1500.0,15
V003596,C00683,P029,2025-09-08,1,Transferencia,Online,Cancelada,350.0,0
V003597,C01029,P030,2025-07-11,4,Tarjeta Crédito,Online,Completada,3200.0,0
V003598,C00720,P024,2025-09-29,5,Tarjeta Crédito,Tienda,Completada,14500.0,10
V003599,C00589,P017,2025-07-02,2,Tarjeta Crédito,Online,Completada,2200.0,10
V003600,C00328,P029,2025-05-22,1,Tarjeta Débito,Online,Cancelada,350.0,0
V003601,C00654,P011,2025-09-16,3,Tarjeta Débito,Tienda,Cancelada,1800.0,0
V003602,C00752,P019,2025-11-13,4,Transferencia,Online,Devuelta,1800.0,0
V003603,C00151,P008,2025-07-19,5,Tarjeta Crédito,Tienda,Completada,700.0,10
V003604,C00745,P019,2025-08-24,1,Tarjeta Crédito,Online,Completada,1800.0,0
V003605,C00325,P021,2025-10-10,2,Tarjeta Crédito,Online,Completada,11000.0,5
V003606,C00232,P008,2025-01-20,3,Efectivo,Online,Cancelada,700.0,10
V003607,C01143,P018,2025-05-06,1,Tarjeta Crédito,Tienda,Completada,900.0,0
V003608,C00985,P004,2025-03-09,2,Tarjeta Débito,Online,Devuelta,9000.0,0
V003609,C00632,P018,2025-09-03,3,Transferencia,Online,Completada,900.0,5
V003610,C00315,P017,2025-01-15,3,Tarjeta Débito,Tienda,Cancelada,2200.0,10
V003611,C01157,P003,2025-12-05,5,Transferencia,Tienda,Cancelada,6500.0,20
V003612,C00520,P018,2025-01-14,3,Transferencia,Online,Completada,900.0,5
V003613,C00856,P028,2025-03-12,2,Tarjeta Débito,Tienda,Devuelta,250.0,5
V003614,C00013,P005,2025-05-04,1,Tarjeta Crédito,Online,Cancelada,12000.0,0
V003615,C00915,P002,2025-06-05,1,Tarjeta Crédito,Marketplace,Completada,14000.0,5
V003616,C00997,P007,2025-03-18,3,Tarjeta Débito,Online,Completada,1400.0,10
V003617,C00967,P010,2025-03-30,2,Tarjeta Crédito,Tienda,Completada,4500.0,20
V003618,C01128,P008,2025-02-16,2,Transferencia,Marketplace,Completada,700.0,5
V003619,C00054,P018,2025-03-08,3,Tarjeta Débito,Tienda,Cancelada,900.0,0
V003620,C00235,P011,2025-05-18,2,Tarjeta Crédito,Online,Completada,1800.0,10
V003621,C00383,P019,2025-06-12,3,Efectivo,Tienda,Devuelta,1800.0,0
V003622,C00198,P002,2025-05-23,2,Transferencia,Online,Completada,14000.0,0
V003623,C00907,P020,2025-10-15,2,Tarjeta Crédito,Tienda,Devuelta,1500.0,0
V003624,C00668,P021,2025-11-25,1,Tarjeta Débito,Online,Completada,11000.0,10
V003625,C00859,P001,2025-03-05,5,Tarjeta Débito,Marketplace,Completada,22000.0,5
V003626,C00703,P001,2025-07-15,2,Tarjeta Crédito,Marketplace,Completada,22000.0,0
V003627,C01191,P003,2025-05-22,3,Tarjeta Crédito,Online,Completada,6500.0,0
V003628,C00405,P030,2025-05-04,5,Tarjeta Crédito,Online,Cancelada,3200.0,15
V003629,C00922,P006,2025-01-20,3,Tarjeta Crédito,Online,Completada,1800.0,15
V003630,C00499,P007,2025-05-28,4,Tarjeta Crédito,Online,Completada,1400.0,10
V003631,C01075,P021,2025-02-12,1,Transferencia,Marketplace,Completada,11000.0,10
V003632,C00139,P018,2025-12-17,3,Efectivo,Tienda,Completada,900.0,0
V003633,C00374,P011,2025-04-12,5,Tarjeta Débito,Online,Cancelada,1800.0,5
V003634,C00175,P027,2025-03-19,2,Tarjeta Débito,Marketplace,Cancelada,6000.0,20
V003635,C00494,P022,2025-05-17,3,Efectivo,Online,Completada,1200.0,10
V003636,C00633,P001,2025-07-22,4,Tarjeta Débito,Online,Completada,22000.0,15
V003637,C00730,P026,2025-10-23,3,Tarjeta Crédito,Online,Completada,800.0,0
V003638,C00577,P004,2025-05-02,2,Tarjeta Débito,Online,Completada,9000.0,5
V003639,C00971,P026,2025-02-24,1,Efectivo,Online,Cancelada,800.0,0
V003640,C00432,P030,2025-08-04,5,Tarjeta Crédito,Marketplace,Completada,3200.0,10
V003641,C00656,P016,2025-10-21,4,Tarjeta Crédito,Online,Cancelada,4500.0,5
V003642,C00222,P011,2025-01-18,3,Transferencia,Online,Cancelada,1800.0,10
V003643,C00794,P002,2025-05-09,1,Transferencia,Online,Devuelta,14000.0,0
V003644,C00453,P023,2025-12-10,2,Tarjeta Crédito,Tienda,Completada,8500.0,10
V003645,C00817,P030,2025-05-16,4,Tarjeta Crédito,Online,Cancelada,3200.0,5
V003646,C00400,P023,2025-08-07,2,Transferencia,Online,Devuelta,8500.0,0
V003647,C00361,P011,2025-05-06,1,Tarjeta Crédito,Tienda,Completada,1800.0,0
V003648,C00431,P004,2025-07-04,5,Tarjeta Débito,Marketplace,Cancelada,9000.0,10
V003649,C00773,P011,2025-05-22,5,Transferencia,Online,Completada,1800.0,10
V003650,C00590,P029,2025-11-18,5,Tarjeta Débito,Tienda,Completada,350.0,0
V003651,C00661,P027,2025-07-13,3,Tarjeta Crédito,Online,Devuelta,6000.0,15
V003652,C00696,P004,2025-05-03,2,Tarjeta Débito,Tienda,Devuelta,9000.0,0
V003653,C00641,P002,2025-11-08,4,Tarjeta Crédito,Online,Devuelta,14000.0,0
V003654,C01136,P011,2025-08-31,4,Tarjeta Crédito,Online,Cancelada,1800.0,5
V003655,C00004,P014,2025-07-25,3,Transferencia,Online,Cancelada,5500.0,10
V003656,C00553,P003,2025-04-25,1,Tarjeta Débito,Marketplace,Cancelada,6500.0,5
V003657,C00703,P002,2025-06-06,1,Tarjeta Débito,Online,Cancelada,14000.0,5
V003658,C00160,P028,2025-01-31,4,Tarjeta Crédito,Online,Completada,250.0,0
V003659,C01003,P002,2025-12-04,2,Tarjeta Crédito,Online,Completada,14000.0,0
V003660,C01100,P022,2025-08-04,3,Transferencia,Online,Devuelta,1200.0,15
V003661,C00888,P015,2025-10-14,2,Tarjeta Débito,Online,Completada,2600.0,15
V003662,C01116,P027,2025-11-26,3,Efectivo,Tienda,Completada,6000.0,15
V003663,C01106,P013,2025-09-16,1,Tarjeta Débito,Online,Devuelta,2200.0,0
V003664,C01017,P025,2025-02-02,4,Tarjeta Débito,Marketplace,Completada,4200.0,10
V003665,C00685,P009,2025-06-16,4,Tarjeta Débito,Tienda,Devuelta,1300.0,0
V003666,C00949,P013,2025-12-20,4,Transferencia,Marketplace,Completada,2200.0,0
V003667,C00789,P018,2025-12-19,3,Tarjeta Débito,Online,Completada,900.0,10
V003668,C01134,P029,2025-01-26,2,Efectivo,Tienda,Cancelada,350.0,10
V003669,C00117,P023,2025-01-24,4,Tarjeta Débito,Tienda,Devuelta,8500.0,0
V003670,C00020,P010,2025-02-17,5,Efectivo,Online,Completada,4500.0,0
V003671,C01118,P006,2025-10-03,1,Tarjeta Crédito,Online,Devuelta,1800.0,20
V003672,C00801,P018,2025-12-10,4,Transferencia,Online,Completada,900.0,5
V003673,C00898,P028,2025-06-18,4,Tarjeta Débito,Tienda,Devuelta,250.0,20
V003674,C00219,P010,2025-10-05,2,Tarjeta Crédito,Tienda,Completada,4500.0,0
V003675,C00319,P027,2025-06-02,5,Tarjeta Crédito,Marketplace,Cancelada,6000.0,0
V003676,C00429,P005,2025-02-20,2,Tarjeta Crédito,Marketplace,Completada,12000.0,0
V003677,C00067,P026,2025-12-24,1,Tarjeta Crédito,Online,Completada,800.0,0
V003678,C01149,P017,2025-07-12,4,Transferencia,Online,Completada,2200.0,0
V003679,C00681,P016,2025-12-24,1,Tarjeta Crédito,Marketplace,Devuelta,4500.0,10
V003680,C01030,P004,2025-09-12,5,Efectivo,Online,Completada,9000.0,0
V003681,C00003,P022,2025-11-24,5,Tarjeta Crédito,Online,Devuelta,1200.0,0
V003682,C01001,P001,2025-05-24,2,Tarjeta Crédito,Tienda,Completada,22000.0,15
V003683,C00081,P018,2025-07-06,4,Transferencia,Tienda,Completada,900.0,0
V003684,C00070,P005,2025-08-05,1,Tarjeta Crédito,Tienda,Devuelta,12000.0,0
V003685,C00183,P020,2025-06-22,2,Tarjeta Crédito,Tienda,Completada,1500.0,20
V003686,C00251,P017,2025-04-25,5,Transferencia,Online,Completada,2200.0,0
V003687,C00578,P013,2025-02-19,5,Tarjeta Débito,Tienda,Completada,2200.0,0
V003688,C00007,P002,2025-06-19,2,Tarjeta Crédito,Online,Completada,14000.0,10
V003689,C00737,P008,2025-05-01,1,Tarjeta Débito,Tienda,Devuelta,700.0,0
V003690,C00942,P019,2025-02-23,1,Tarjeta Crédito,Online,Completada,1800.0,5
V003691,C00658,P009,2025-04-05,4,Tarjeta Crédito,Online,Completada,1300.0,5
V003692,C00858,P005,2025-08-25,1,Tarjeta Débito,Tienda,Cancelada,12000.0,5
V003693,C01065,P015,2025-08-04,5,Tarjeta Débito,Tienda,Cancelada,2600.0,0
V003694,C00780,P029,2025-10-06,4,Tarjeta Crédito,Online,Completada,350.0,10
V003695,C01108,P013,2025-03-10,1,Tarjeta Crédito,Tienda,Completada,2200.0,0
V003696,C01179,P023,2025-02-01,1,Tarjeta Débito,Online,Completada,8500.0,5
V003697,C00693,P007,2025-05-02,4,Tarjeta Débito,Online,Cancelada,1400.0,0
V003698,C01090,P007,2025-01-04,1,Tarjeta Crédito,Online,Devuelta,1400.0,0
V003699,C00486,P016,2025-10-17,3,Tarjeta Débito,Marketplace,Completada,4500.0,10
V003700,C00222,P026,2025-08-11,1,Transferencia,Tienda,Cancelada,800.0,20
V003701,C00888,P021,2025-09-12,2,Tarjeta Débito,Tienda,Cancelada,11000.0,20
V003702,C00247,P023,2025-06-11,4,Tarjeta Crédito,Tienda,Devuelta,8500.0,0
V003703,C00023,P014,2025-07-17,4,Tarjeta Crédito,Online,Completada,6600.0,10
V003704,C00860,P016,2025-05-05,2,Tarjeta Crédito,Tienda,Devuelta,4500.0,0
V003705,C01129,P027,2025-01-25,2,Tarjeta Débito,Online,Cancelada,6000.0,10
V003706,C00529,P010,2025-12-09,3,Tarjeta Débito,Marketplace,Completada,4500.0,0
V003707,C00772,P008,2025-12-09,3,Tarjeta Crédito,Tienda,Completada,700.0,0
V003708,C00818,P022,2025-10-10,4,Tarjeta Crédito,Online,Completada,1200.0,5
V003709,C00045,P030,2025-06-19,1,Tarjeta Débito,Marketplace,Cancelada,3200.0,0
V003710,C00264,P019,2025-01-22,3,Tarjeta Débito,Tienda,Completada,1800.0,0
V003711,C01006,P012,2025-08-13,5,Tarjeta Débito,Online,Completada,1700.0,0
V003712,C00961,P011,2025-03-20,5,Efectivo,Online,Cancelada,1800.0,5
V003713,C00132,P021,2025-10-08,2,Efectivo,Online,Completada,11000.0,0
V003714,C00508,P022,2025-02-14,2,Tarjeta Crédito,Online,Completada,1200.0,10
V003715,C00988,P018,2025-03-26,4,Tarjeta Crédito,Online,Cancelada,900.0,10
V003716,C00559,P030,2025-09-13,5,Tarjeta Crédito,Online,Completada,3200.0,15
V003717,C01112,P023,2025-08-03,4,Tarjeta Crédito,Marketplace,Cancelada,8500.0,0
V003718,C00492,P024,2025-01-19,2,Tarjeta Débito,Online,Cancelada,14500.0,15
V003719,C01052,P012,2025-04-20,2,Transferencia,Tienda,Cancelada,1700.0,5
V003720,C00325,P011,2025-10-14,3,Tarjeta Débito,Marketplace,Cancelada,1800.0,0
V003721,C00417,P026,2025-08-19,5,Transferencia,Marketplace,Devuelta,800.0,15
V003722,C00457,P015,2025-07-02,5,Tarjeta Crédito,Tienda,Cancelada,2600.0,0
V003723,C00419,P006,2025-06-13,5,Transferencia,Online,Devuelta,1800.0,10
V003724,C01001,P011,2025-11-01,4,Tarjeta Crédito,Online,Cancelada,1800.0,0
V003725,C00760,P010,2025-12-19,1,Efectivo,Online,Cancelada,4500.0,10
V003726,C00817,P004,2025-12-30,3,Tarjeta Débito,Online,Completada,9000.0,0
V003727,C01080,P001,2025-12-24,4,Transferencia,Tienda,Completada,22000.0,0
V003728,C00733,P003,2025-11-01,4,Tarjeta Débito,Tienda,Completada,6500.0,0
V003729,C00851,P025,2025-11-25,5,Efectivo,Online,Completada,4200.0,10
V003730,C01025,P007,2025-04-06,2,Efectivo,Tienda,Cancelada,1400.0,15
V003731,C00110,P025,2025-12-14,4,Tarjeta Crédito,Online,Devuelta,4200.0,0
V003732,C01010,P017,2025-09-10,3,Transferencia,Tienda,Devuelta,2200.0,5
V003733,C00604,P025,2025-11-17,2,Tarjeta Crédito,Tienda,Devuelta,4200.0,10
V003734,C00112,P010,2025-11-14,3,Tarjeta Crédito,Online,Cancelada,4500.0,20
V003735,C00235,P020,2025-06-09,4,Tarjeta Crédito,Tienda,Completada,1500.0,0
V003736,C00877,P022,2025-10-04,3,Tarjeta Débito,Online,Completada,1200.0,10
V003737,C00689,P024,2025-02-26,4,Transferencia,Marketplace,Devuelta,14500.0,5
V003738,C01004,P030,2025-09-25,2,Tarjeta Crédito,Online,Devuelta,3200.0,5
V003739,C00313,P022,2025-06-07,4,Tarjeta Crédito,Tienda,Completada,1200.0,0
V003740,C01044,P022,2025-12-28,2,Tarjeta Débito,Online,Completada,1200.0,0
V003741,C00517,P004,2025-01-30,3,Transferencia,Marketplace,Devuelta,9000.0,10
V003742,C00107,P023,2025-04-14,1,Tarjeta Crédito,Tienda,Cancelada,6800.0,0
V003743,C00737,P011,2025-05-28,4,Tarjeta Débito,Marketplace,Completada,1800.0,5
V003744,C00349,P026,2025-04-24,5,Tarjeta Crédito,Online,Cancelada,800.0,5
V003745,C00218,P027,2025-11-08,5,Tarjeta Débito,Marketplace,Completada,6000.0,0
V003746,C00932,P022,2025-01-31,2,Tarjeta Crédito,Tienda,Devuelta,1200.0,15
V003747,C01024,P028,2025-12-28,5,Efectivo,Tienda,Completada,250.0,5
V003748,C00770,P019,2025-02-15,3,Tarjeta Débito,Tienda,Cancelada,1800.0,5
V003749,C00355,P006,2025-04-20,5,Tarjeta Débito,Tienda,Completada,1800.0,0
V003750,C00804,P027,2025-07-01,3,Tarjeta Débito,Marketplace,Cancelada,6000.0,15
V003751,C00992,P026,2025-08-06,5,Tarjeta Crédito,Online,Cancelada,800.0,10
V003752,C01178,P009,2025-09-07,3,Tarjeta Crédito,Online,Completada,1300.0,10
V003753,C00170,P005,2025-07-14,3,Transferencia,Marketplace,Devuelta,12000.0,5
V003754,C01010,P025,2025-06-22,5,Tarjeta Débito,Online,Completada,4200.0,0
V003755,C00857,P023,2025-03-14,1,Tarjeta Débito,Online,Completada,8500.0,0
V003756,C01000,P004,2025-07-26,3,Tarjeta Débito,Marketplace,Cancelada,9000.0,0
V003757,C00955,P013,2025-09-04,4,Tarjeta Débito,Online,Completada,2200.0,0
V003758,C00117,P013,2025-03-30,1,Tarjeta Débito,Online,Completada,2200.0,10
V003759,C00086,P020,2025-03-18,4,Tarjeta Crédito,Marketplace,Completada,1500.0,5
V003760,C00902,P029,2025-02-13,5,Tarjeta Débito,Online,Cancelada,350.0,10
V003761,C00645,P005,2025-04-24,4,Transferencia,Online,Devuelta,12000.0,5
V003762,C00130,P018,2025-05-13,2,Efectivo,Tienda,Devuelta,900.0,10
V003763,C01060,P014,2025-09-04,5,Tarjeta Débito,Tienda,Cancelada,5500.0,5
V003764,C00903,P013,2025-04-30,5,Tarjeta Crédito,Online,Completada,2200.0,15
V003765,C00605,P011,2025-11-29,1,Tarjeta Crédito,Marketplace,Completada,1800.0,10
V003766,C00215,P012,2025-11-14,3,Transferencia,Marketplace,Completada,1700.0,5
V003767,C00161,P010,2025-12-04,5,Transferencia,Online,Completada,4500.0,0
V003768,C00768,P023,2025-01-28,5,Tarjeta Crédito,Online,Devuelta,8500.0,0
V003769,C00307,P006,2025-03-17,3,Tarjeta Débito,Online,Completada,1800.0,10
V003770,C00993,P016,2025-09-13,2,Tarjeta Crédito,Online,Completada,4500.0,0
V003771,C00188,P014,2025-08-17,5,Tarjeta Débito,Online,Cancelada,5500.0,0
V003772,C00633,P015,2025-03-01,4,Transferencia,Tienda,Devuelta,2600.0,0
V003773,C00023,P010,2025-03-31,1,Tarjeta Crédito,Online,Cancelada,4500.0,10
V003774,C00580,P018,2025-07-08,1,Tarjeta Crédito,Online,Completada,900.0,15
V003775,C00371,P003,2025-05-23,1,Transferencia,Online,Completada,6500.0,10
V003776,C00738,P010,2025-02-07,1,Tarjeta Crédito,Online,Completada,4500.0,5
V003777,C00277,P016,2025-12-02,5,Tarjeta Débito,Online,Devuelta,4500.0,15
V003778,C00827,P016,2025-03-07,2,Tarjeta Débito,Marketplace,Completada,4500.0,10
V003779,C00879,P007,2025-03-16,3,Tarjeta Crédito,Online,Completada,1400.0,5
V003780,C00096,P029,2025-12-26,4,Efectivo,Marketplace,Cancelada,350.0,0
V003781,C00751,P028,2025-10-12,4,Tarjeta Débito,Online,Completada,250.0,15
V003782,C00425,P021,2025-10-19,3,Tarjeta Crédito,Tienda,Completada,11000.0,0
V003783,C00239,P015,2025-08-08,5,Tarjeta Débito,Marketplace,Devuelta,2600.0,10
V003784,C00627,P012,2025-01-10,4,Tarjeta Crédito,Tienda,Completada,1700.0,0
V003785,C00799,P020,2025-01-27,5,Tarjeta Débito,Online,Completada,1500.0,15
V003786,C01020,P026,2025-10-31,2,Tarjeta Crédito,Tienda,Completada,800.0,0
V003787,C00164,P025,2025-05-28,2,Tarjeta Débito,Online,Completada,4200.0,0
V003788,C00120,P015,2025-06-10,3,Efectivo,Online,Devuelta,2600.0,0
V003789,C00069,P016,2025-11-30,5,Tarjeta Débito,Tienda,Completada,4500.0,0
V003790,C00399,P009,2025-02-26,5,Tarjeta Débito,Online,Completada,1300.0,5
V003791,C00687,P028,2025-09-25,5,Tarjeta Débito,Marketplace,Completada,250.0,15
V003792,C01025,P009,2025-11-21,5,Tarjeta Débito,Online,Completada,1300.0,15
V003793,C00190,P004,2025-01-05,3,Tarjeta Crédito,Tienda,Cancelada,9000.0,0
V003794,C00180,P024,2025-01-05,3,Tarjeta Débito,Marketplace,Cancelada,14500.0,10
V003795,C01032,P017,2025-11-27,3,Efectivo,Online,Cancelada,2200.0,5
V003796,C00663,P009,2025-09-07,3,Transferencia,Online,Completada,1300.0,10
V003797,C00417,P017,2025-03-05,4,Tarjeta Débito,Online,Devuelta,2200.0,10
V003798,C00890,P028,2025-03-05,1,Efectivo,Online,Cancelada,250.0,10
V003799,C00468,P030,2025-02-03,4,Tarjeta Débito,Marketplace,Completada,3200.0,0
V003800,C00539,P011,2025-01-31,2,Tarjeta Débito,Online,Completada,1800.0,15
V003801,C00238,P003,2025-11-30,4,Efectivo,Marketplace,Completada,6500.0,15
V003802,C00036,P005,2025-11-05,5,Efectivo,Marketplace,Completada,12000.0,0
V003803,C01081,P003,2025-10-19,4,Tarjeta Crédito,Online,Completada,6500.0,0
V003804,C00740,P025,2025-05-08,2,Tarjeta Crédito,Online,Cancelada,4200.0,5
V003805,C00673,P027,2025-09-19,5,Transferencia,Online,Completada,6000.0,0
V003806,C01094,P011,2025-11-22,5,Efectivo,Online,Cancelada,1800.0,5
V003807,C00753,P018,2025-04-07,3,Tarjeta Débito,Online,Cancelada,900.0,5
V003808,C00762,P016,2025-03-11,2,Tarjeta Crédito,Tienda,Completada,4500.0,15
V003809,C00303,P013,2025-07-06,1,Tarjeta Crédito,Online,Cancelada,2200.0,5
V003810,C00462,P011,2025-07-22,2,Tarjeta Débito,Online,Completada,1800.0,10
V003811,C00517,P010,2025-02-28,4,Tarjeta Crédito,Tienda,Devuelta,4500.0,10
V003812,C00071,P007,2025-04-13,4,Tarjeta Crédito,Online,Completada,1400.0,0
V003813,C00364,P002,2025-01-20,1,Efectivo,Online,Completada,14000.0,0
V003814,C01152,P006,2025-02-11,1,Transferencia,Marketplace,Completada,1800.0,5
V003815,C00842,P022,2025-09-30,2,Tarjeta Débito,Marketplace,Devuelta,1200.0,5
V003816,C00421,P022,2025-05-05,3,Tarjeta Crédito,Tienda,Completada,1200.0,10
V003817,C00097,P025,2025-07-16,5,Tarjeta Débito,Tienda,Completada,4200.0,0
V003818,C00328,P028,2025-11-25,5,Tarjeta Crédito,Tienda,Cancelada,250.0,10
V003819,C01122,P023,2025-02-06,5,Tarjeta Débito,Tienda,Cancelada,8500.0,5
V003820,C00134,P008,2025-07-25,1,Transferencia,Online,Completada,700.0,0
V003821,C00250,P016,2025-02-02,3,Efectivo,Online,Completada,4500.0,0
V003822,C00263,P005,2025-12-20,5,Tarjeta Débito,Tienda,Cancelada,12000.0,0
V003823,C00353,P011,2025-09-21,5,Efectivo,Marketplace,Completada,1800.0,0
V003824,C00376,P014,2025-07-22,4,Transferencia,Online,Completada,5500.0,0
V003825,C00916,P016,2025-07-03,5,Tarjeta Crédito,Tienda,Completada,4500.0,5
V003826,C00865,P002,2025-12-26,5,Tarjeta Débito,Online,Cancelada,14000.0,10
V003827,C00180,P025,2025-03-19,3,Tarjeta Débito,Online,Devuelta,4200.0,10
V003828,C01130,P013,2025-02-08,1,Efectivo,Online,Devuelta,2200.0,10
V003829,C00048,P008,2025-12-10,5,Tarjeta Débito,Tienda,Devuelta,700.0,0
V003830,C00686,P021,2025-02-18,4,Efectivo,Tienda,Completada,11000.0,5
V003831,C00250,P029,2025-08-30,2,Transferencia,Online,Completada,350.0,0
V003832,C00702,P016,2025-01-07,3,Tarjeta Crédito,Online,Cancelada,4500.0,10
V003833,C00782,P002,2025-08-20,5,Tarjeta Crédito,Marketplace,Cancelada,14000.0,0
V003834,C00110,P008,2025-07-09,1,Efectivo,Online,Completada,700.0,0
V003835,C00106,P006,2025-02-07,3,Tarjeta Crédito,Tienda,Completada,1800.0,5
V003836,C00450,P027,2025-09-19,4,Tarjeta Débito,Online,Cancelada,6000.0,0
V003837,C01125,P009,2025-11-18,1,Transferencia,Tienda,Devuelta,1300.0,5
V003838,C00697,P028,2025-09-04,3,Tarjeta Crédito,Marketplace,Completada,250.0,5
V003839,C00943,P008,2025-06-14,3,Tarjeta Débito,Marketplace,Completada,700.0,0
V003840,C00224,P007,2025-04-18,3,Tarjeta Crédito,Online,Completada,1400.0,10
V003841,C01126,P007,2025-09-19,4,Tarjeta Crédito,Online,Completada,1400.0,0
V003842,C00356,P015,2025-05-22,2,Efectivo,Marketplace,Devuelta,2600.0,10
V003843,C00315,P021,2025-07-16,3,Tarjeta Débito,Tienda,Completada,11000.0,5
V003844,C00550,P018,2025-08-06,2,Tarjeta Crédito,Tienda,Cancelada,900.0,15
V003845,C00526,P024,2025-07-14,5,Tarjeta Débito,Tienda,Devuelta,14500.0,0
V003846,C00824,P020,2025-03-25,4,Tarjeta Crédito,Tienda,Completada,1500.0,20
V003847,C00560,P002,2025-04-02,2,Efectivo,Online,Cancelada,14000.0,0
V003848,C01035,P015,2025-12-05,5,Transferencia,Online,Completada,2600.0,10
V003849,C00295,P030,2025-11-30,1,Tarjeta Débito,Online,Devuelta,3200.0,5
V003850,C01067,P014,2025-08-11,5,Transferencia,Online,Completada,5500.0,5
V003851,C01113,P029,2025-02-09,5,Transferencia,Online,Completada,350.0,5
V003852,C00080,P001,2025-09-22,2,Tarjeta Débito,Online,Completada,22000.0,10
V003853,C01069,P030,2025-10-27,4,Efectivo,Marketplace,Completada,3200.0,15
V003854,C00067,P023,2025-10-20,5,Tarjeta Débito,Tienda,Completada,8500.0,0
V003855,C00865,P008,2025-09-04,4,Efectivo,Tienda,Devuelta,700.0,0
V003856,C00196,P010,2025-09-08,2,Tarjeta Crédito,Online,Completada,4500.0,10
V003857,C00957,P001,2025-01-10,2,Transferencia,Marketplace,Devuelta,22000.0,5
V003858,C00718,P030,2025-08-28,3,Transferencia,Tienda,Completada,3200.0,0
V003859,C00712,P007,2025-01-15,5,Tarjeta Crédito,Online,Completada,1400.0,5
V003860,C00230,P011,2025-02-11,3,Tarjeta Crédito,Marketplace,Completada,1800.0,5
V003861,C00865,P016,2025-10-14,1,Transferencia,Tienda,Cancelada,4500.0,10
V003862,C00659,P022,2025-01-02,2,Tarjeta Crédito,Online,Devuelta,1200.0,0
V003863,C01169,P019,2025-05-30,5,Tarjeta Crédito,Online,Completada,1800.0,0
V003864,C00864,P014,2025-05-27,1,Tarjeta Crédito,Online,Completada,5500.0,5
V003865,C00171,P014,2025-06-05,4,Transferencia,Tienda,Cancelada,5500.0,15
V003866,C00457,P023,2025-01-10,1,Efectivo,Tienda,Cancelada,8500.0,0
V003867,C00212,P013,2025-01-21,5,Tarjeta Crédito,Marketplace,Cancelada,2200.0,0
V003868,C00972,P018,2025-01-27,2,Tarjeta Débito,Tienda,Completada,900.0,0
V003869,C00951,P010,2025-10-20,5,Tarjeta Crédito,Online,Cancelada,4500.0,0
V003870,C00187,P016,2025-08-03,3,Transferencia,Marketplace,Completada,4500.0,5
V003871,C00014,P016,2025-02-13,2,Efectivo,Marketplace,Completada,4500.0,0
V003872,C00430,P010,2025-06-29,2,Transferencia,Tienda,Devuelta,4500.0,10
V003873,C00102,P015,2025-06-09,5,Tarjeta Crédito,Online,Cancelada,2860.0000000000005,10
V003874,C00839,P017,2025-09-11,4,Tarjeta Crédito,Marketplace,Completada,2200.0,10
V003875,C00903,P017,2025-11-06,3,Tarjeta Débito,Online,Cancelada,2200.0,10
V003876,C00017,P007,2025-03-08,3,Efectivo,Online,Devuelta,1400.0,5
V003877,C00282,P026,2025-06-04,4,Transferencia,Online,Completada,800.0,5
V003878,C00587,P018,2025-05-15,4,Tarjeta Crédito,Tienda,Completada,900.0,5
V003879,C00924,P005,2025-04-07,1,Transferencia,Tienda,Completada,12000.0,0
V003880,C00144,P016,2025-02-27,3,Tarjeta Débito,Online,Cancelada,4500.0,10
V003881,C00493,P025,2025-02-09,5,Transferencia,Online,Cancelada,4200.0,0
V003882,C00081,P016,2025-04-23,5,Tarjeta Débito,Online,Cancelada,4950.0,5
V003883,C00633,P025,2025-03-28,2,Tarjeta Crédito,Online,Completada,4200.0,5
V003884,C00966,P003,2025-07-02,2,Transferencia,Marketplace,Devuelta,6500.0,5
V003885,C01029,P024,2025-07-03,3,Tarjeta Crédito,Tienda,Devuelta,14500.0,10
V003886,C00357,P030,2025-12-04,1,Tarjeta Débito,Marketplace,Cancelada,3200.0,5
V003887,C00483,P008,2025-02-19,1,Efectivo,Marketplace,Completada,700.0,10
V003888,C01143,P007,2025-10-28,5,Tarjeta Débito,Online,Completada,1400.0,5
V003889,C00680,P004,2025-04-13,2,Tarjeta Débito,Online,Devuelta,9000.0,5
V003890,C00831,P001,2025-09-07,3,Tarjeta Débito,Online,Devuelta,22000.0,20
V003891,C00690,P002,2025-06-15,4,Tarjeta Débito,Online,Completada,14000.0,15
V003892,C00070,P007,2025-01-27,2,Tarjeta Crédito,Online,Completada,1400.0,5
V003893,C00602,P022,2025-08-22,4,Transferencia,Marketplace,Cancelada,1200.0,10
V003894,C00375,P028,2025-09-27,5,Tarjeta Débito,Online,Completada,250.0,10
V003895,C00253,P010,2025-06-22,3,Transferencia,Online,Completada,4500.0,20
V003896,C00142,P021,2025-10-06,1,Tarjeta Crédito,Online,Devuelta,11000.0,20
V003897,C01174,P006,2025-09-22,2,Tarjeta Crédito,Online,Devuelta,1800.0,10
V003898,C00256,P029,2025-10-19,3,Transferencia,Tienda,Devuelta,350.0,0
V003899,C00084,P017,2025-11-27,5,Tarjeta Débito,Online,Completada,2200.0,0
V003900,C01040,P026,2025-08-24,1,Tarjeta Débito,Online,Devuelta,800.0,5
V003901,C01123,P022,2025-07-26,3,Tarjeta Crédito,Marketplace,Completada,1200.0,0
V003902,C00470,P001,2025-10-11,2,Transferencia,Tienda,Completada,22000.0,5
V003903,C00369,P019,2025-04-03,1,Tarjeta Crédito,Online,Cancelada,1800.0,0
V003904,C00054,P007,2025-05-24,3,Tarjeta Débito,Online,Completada,1400.0,0
V003905,C00141,P022,2025-05-27,4,Tarjeta Crédito,Online,Completada,1200.0,15
V003906,C00389,P025,2025-10-03,4,Tarjeta Débito,Online,Completada,4200.0,0
V003907,C00430,P001,2025-11-18,2,Tarjeta Crédito,Tienda,Cancelada,17600.0,5
V003908,C00821,P009,2025-08-23,1,Transferencia,Tienda,Completada,1300.0,5
V003909,C01098,P016,2025-04-24,2,Tarjeta Crédito,Tienda,Devuelta,4500.0,0
V003910,C00392,P024,2025-04-17,5,Tarjeta Crédito,Online,Completada,14500.0,10
V003911,C00779,P024,2025-11-14,3,Tarjeta Crédito,Online,Devuelta,14500.0,0
V003912,C00243,P006,2025-03-24,3,Efectivo,Online,Cancelada,1800.0,0
V003913,C00884,P019,2025-01-09,2,Tarjeta Crédito,Marketplace,Cancelada,1800.0,0
V003914,C00562,P005,2025-06-16,3,Tarjeta Crédito,Online,Cancelada,12000.0,0
V003915,C00166,P022,2025-04-27,1,Tarjeta Crédito,Online,Completada,1200.0,0
V003916,C00678,P007,2025-12-09,3,Tarjeta Crédito,Online,Completada,1400.0,0
V003917,C00882,P026,2025-09-19,3,Tarjeta Crédito,Tienda,Completada,800.0,0
V003918,C00303,P010,2025-04-22,3,Tarjeta Crédito,Marketplace,Devuelta,4500.0,0
V003919,C00066,P016,2025-11-12,3,Tarjeta Débito,Online,Completada,4500.0,0
V003920,C00469,P019,2025-09-11,4,Transferencia,Tienda,Completada,1800.0,15
V003921,C00872,P024,2025-06-25,3,Tarjeta Crédito,Tienda,Completada,14500.0,0
V003922,C00755,P023,2025-06-26,2,Tarjeta Débito,Marketplace,Completada,8500.0,0
V003923,C01107,P012,2025-08-27,5,Tarjeta Débito,Online,Completada,1700.0,5
V003924,C01058,P019,2025-06-12,5,Tarjeta Crédito,Online,Cancelada,1800.0,0
V003925,C00332,P005,2025-10-13,4,Tarjeta Crédito,Tienda,Completada,12000.0,5
V003926,C01079,P005,2025-12-14,2,Transferencia,Online,Completada,12000.0,10
V003927,C00896,P005,2025-02-27,1,Tarjeta Crédito,Tienda,Devuelta,12000.0,0
V003928,C00873,P021,2025-01-03,3,Tarjeta Débito,Online,Cancelada,11000.0,5
V003929,C00007,P006,2025-12-04,4,Efectivo,Tienda,Completada,1800.0,0
V003930,C00441,P022,2025-12-25,2,Tarjeta Débito,Online,Completada,1200.0,0
V003931,C00880,P009,2025-11-03,4,Tarjeta Débito,Marketplace,Cancelada,1300.0,0
V003932,C00687,P030,2025-01-29,5,Tarjeta Débito,Marketplace,Devuelta,3200.0,20
V003933,C01004,P024,2025-05-29,4,Tarjeta Débito,Online,Completada,14500.0,0
V003934,C00553,P030,2025-11-23,5,Tarjeta Crédito,Tienda,Cancelada,3200.0,10
V003935,C00073,P011,2025-11-19,2,Tarjeta Crédito,Online,Completada,1800.0,5
V003936,C00369,P026,2025-02-28,1,Tarjeta Crédito,Online,Cancelada,800.0,0
V003937,C00694,P019,2025-08-19,1,Tarjeta Crédito,Marketplace,Devuelta,1800.0,0
V003938,C00403,P014,2025-10-10,2,Tarjeta Débito,Online,Completada,5500.0,5
V003939,C00217,P017,2025-08-22,2,Tarjeta Crédito,Online,Completada,2200.0,15
V003940,C00670,P013,2025-03-02,1,Efectivo,Online,Devuelta,2200.0,0
V003941,C00833,P030,2025-03-15,5,Tarjeta Débito,Tienda,Completada,3200.0,10
V003942,C01168,P020,2025-09-20,4,Tarjeta Débito,Tienda,Cancelada,1500.0,5
V003943,C00366,P017,2025-05-27,5,Tarjeta Débito,Online,Completada,2200.0,5
V003944,C00222,P016,2025-05-21,4,Tarjeta Débito,Online,Completada,4500.0,5
V003945,C00560,P013,2025-03-11,3,Tarjeta Crédito,Tienda,Cancelada,2200.0,5
V003946,C00483,P028,2025-07-07,4,Tarjeta Crédito,Online,Completada,250.0,10
V003947,C00658,P025,2025-08-26,5,Tarjeta Débito,Online,Devuelta,4200.0,10
V003948,C01167,P008,2025-08-17,2,Efectivo,Marketplace,Devuelta,700.0,0
V003949,C00305,P018,2025-11-16,1,Efectivo,Online,Completada,900.0,5
V003950,C00263,P030,2025-12-16,1,Tarjeta Crédito,Marketplace,Cancelada,3200.0,0
V003951,C00916,P025,2025-03-24,3,Tarjeta Débito,Online,Completada,4200.0,10
V003952,C00731,P012,2025-05-19,2,Tarjeta Débito,Online,Completada,1700.0,10
V003953,C00014,P025,2025-01-20,2,Transferencia,Online,Devuelta,4200.0,0
V003954,C00451,P028,2025-05-16,2,Transferencia,Marketplace,Devuelta,250.0,10
V003955,C00086,P027,2025-05-15,4,Tarjeta Débito,Online,Devuelta,6000.0,15
V003956,C00418,P007,2025-01-16,2,Tarjeta Crédito,Online,Completada,1400.0,15
V003957,C00312,P003,2025-04-30,5,Transferencia,Tienda,Completada,6500.0,5
V003958,C00846,P030,2025-02-22,4,Tarjeta Débito,Tienda,Cancelada,3200.0,10
V003959,C00456,P009,2025-01-16,3,Tarjeta Crédito,Online,Completada,1300.0,5
V003960,C00150,P030,2025-01-27,4,Tarjeta Crédito,Marketplace,Completada,3200.0,10
V003961,C00705,P016,2025-01-23,5,Tarjeta Crédito,Online,Cancelada,4500.0,0
V003962,C00628,P030,2025-09-22,2,Transferencia,Tienda,Cancelada,3200.0,0
V003963,C00699,P006,2025-10-29,3,Tarjeta Crédito,Online,Cancelada,1800.0,0
V003964,C00801,P016,2025-09-10,2,Tarjeta Débito,Marketplace,Completada,4500.0,10
V003965,C00356,P008,2025-06-14,2,Transferencia,Online,Completada,630.0,0
V003966,C00795,P021,2025-11-07,3,Transferencia,Tienda,Completada,11000.0,15
V003967,C01006,P005,2025-04-29,1,Transferencia,Marketplace,Completada,12000.0,5
V003968,C01126,P001,2025-09-14,4,Transferencia,Online,Completada,22000.0,0
V003969,C00399,P023,2025-04-24,5,Tarjeta Débito,Online,Completada,8500.0,0
V003970,C00180,P024,2025-01-01,3,Tarjeta Crédito,Online,Completada,14500.0,5
V003971,C00546,P014,2025-06-08,3,Tarjeta Crédito,Online,Cancelada,5500.0,10
V003972,C00105,P030,2025-06-22,1,Tarjeta Débito,Online,Completada,3200.0,0
V003973,C00198,P027,2025-01-18,3,Tarjeta Crédito,Online,Completada,6000.0,0
V003974,C00549,P007,2025-02-02,3,Tarjeta Crédito,Online,Completada,1400.0,0
V003975,C00242,P001,2025-01-07,3,Transferencia,Marketplace,Completada,22000.0,0
V003976,C00951,P029,2025-12-17,2,Transferencia,Online,Devuelta,350.0,0
V003977,C00925,P014,2025-05-23,3,Transferencia,Online,Cancelada,5500.0,10
V003978,C01065,P001,2025-05-22,2,Transferencia,Online,Completada,22000.0,10
V003979,C00364,P003,2025-12-02,1,Tarjeta Crédito,Online,Cancelada,6500.0,0
V003980,C00579,P016,2025-10-09,5,Tarjeta Crédito,Tienda,Completada,4500.0,5
V003981,C00199,P016,2025-08-19,3,Transferencia,Tienda,Devuelta,4500.0,5
V003982,C01079,P009,2025-08-19,1,Tarjeta Crédito,Online,Completada,1300.0,20
V003983,C00751,P009,2025-08-09,3,Transferencia,Tienda,Completada,1300.0,0
V003984,C00649,P006,2025-07-04,5,Tarjeta Crédito,Marketplace,Completada,1800.0,0
V003985,C00241,P028,2025-09-03,1,Tarjeta Crédito,Tienda,Devuelta,250.0,5
V003986,C01085,P024,2025-01-19,3,Transferencia,Marketplace,Completada,14500.0,0
V003987,C00725,P015,2025-01-09,4,Tarjeta Crédito,Online,Completada,2600.0,0
V003988,C00862,P005,2025-11-15,1,Tarjeta Débito,Marketplace,Completada,12000.0,10
V003989,C00824,P027,2025-11-26,5,Efectivo,Marketplace,Completada,6000.0,0
V003990,C01064,P005,2025-06-01,5,Transferencia,Online,Devuelta,12000.0,0
V003991,C00704,P008,2025-09-13,4,Efectivo,Marketplace,Devuelta,700.0,0
V003992,C00383,P007,2025-12-21,1,Transferencia,Online,Devuelta,1400.0,0
V003993,C00642,P012,2025-07-02,1,Tarjeta Crédito,Tienda,Completada,1700.0,0
V003994,C00176,P023,2025-01-01,5,Tarjeta Crédito,Marketplace,Cancelada,8500.0,5
V003995,C01199,P009,2025-01-24,5,Tarjeta Crédito,Online,Devuelta,1300.0,10
V003996,C00068,P015,2025-10-13,2,Tarjeta Crédito,Online,Completada,2600.0,5
V003997,C00176,P018,2025-02-18,1,Tarjeta Débito,Tienda,Completada,900.0,0
V003998,C00985,P014,2025-12-26,4,Transferencia,Online,Completada,5500.0,0
V003999,C00189,P004,2025-08-05,2,Transferencia,Marketplace,Completada,9000.0,10
V004000,C00679,P007,2025-05-15,2,Tarjeta Crédito,Marketplace,Completada,1400.0,10
V004001,C01013,P006,2025-06-15,3,Efectivo,Tienda,Completada,1800.0,5
V004002,C01094,P012,2025-05-11,4,Tarjeta Débito,Tienda,Completada,1700.0,5
V004003,C00028,P024,2025-07-05,4,Transferencia,Online,Completada,14500.0,5
V004004,C00937,P007,2025-12-12,5,Tarjeta Débito,Online,Completada,1400.0,5
V004005,C00040,P015,2025-12-22,3,Transferencia,Marketplace,Completada,2600.0,0
V004006,C00541,P023,2025-12-08,4,Tarjeta Débito,Marketplace,Devuelta,8500.0,0
V004007,C00556,P028,2025-10-30,5,Transferencia,Marketplace,Completada,250.0,0
V004008,C00271,P017,2025-04-14,1,Efectivo,Online,Devuelta,2200.0,0
V004009,C00427,P005,2025-01-15,2,Efectivo,Online,Completada,12000.0,0
V004010,C00974,P001,2025-10-23,5,Tarjeta Débito,Tienda,Devuelta,22000.0,10
V004011,C00160,P008,2025-09-25,3,Tarjeta Débito,Tienda,Devuelta,700.0,15
V004012,C00680,P020,2025-12-09,2,Transferencia,Online,Devuelta,1500.0,5
V004013,C00636,P025,2025-02-08,4,Tarjeta Débito,Online,Cancelada,4200.0,5
V004014,C00613,P005,2025-02-11,5,Tarjeta Crédito,Online,Devuelta,12000.0,10
V004015,C00871,P030,2025-06-19,5,Transferencia,Tienda,Completada,3200.0,15
V004016,C00432,P012,2025-05-03,4,Tarjeta Crédito,Tienda,Devuelta,1700.0,10
V004017,C00380,P026,2025-12-10,3,Tarjeta Débito,Online,Devuelta,800.0,5
V004018,C00416,P029,2025-04-30,4,Tarjeta Crédito,Tienda,Completada,350.0,5
V004019,C00927,P024,2025-02-13,4,Tarjeta Crédito,Online,Completada,14500.0,20
V004020,C00752,P030,2025-03-05,3,Transferencia,Marketplace,Completada,3200.0,0
V004021,C00672,P013,2025-06-20,2,Tarjeta Débito,Marketplace,Completada,2200.0,0
V004022,C00041,P019,2025-03-08,4,Tarjeta Crédito,Marketplace,Completada,1800.0,0
V004023,C00876,P003,2025-08-23,3,Tarjeta Débito,Online,Completada,6500.0,0
V004024,C00390,P028,2025-04-16,2,Tarjeta Crédito,Online,Completada,250.0,0
V004025,C00258,P018,2025-11-13,3,Transferencia,Online,Completada,900.0,0
V004026,C00705,P014,2025-03-26,2,Tarjeta Débito,Tienda,Completada,5500.0,5
V004027,C00570,P004,2025-02-18,2,Tarjeta Débito,Marketplace,Cancelada,9000.0,5
V004028,C00370,P007,2025-08-05,2,Tarjeta Crédito,Online,Devuelta,1400.0,10
V004029,C00341,P015,2025-08-16,2,Tarjeta Débito,Online,Completada,2600.0,15
V004030,C00467,P025,2025-10-02,2,Tarjeta Crédito,Marketplace,Completada,4200.0,10
V004031,C00040,P002,2025-07-13,1,Tarjeta Débito,Tienda,Devuelta,14000.0,10
V004032,C00065,P018,2025-09-19,2,Tarjeta Crédito,Online,Completada,900.0,10
V004033,C00192,P014,2025-04-21,1,Tarjeta Débito,Tienda,Completada,5500.0,5
V004034,C00480,P024,2025-04-10,1,Tarjeta Crédito,Marketplace,Completada,14500.0,0
V004035,C00261,P002,2025-12-12,5,Tarjeta Débito,Marketplace,Completada,14000.0,5
V004036,C00735,P027,2025-08-29,1,Tarjeta Crédito,Marketplace,Completada,6000.0,0
V004037,C00233,P016,2025-04-25,5,Tarjeta Débito,Online,Completada,4500.0,5
V004038,C00465,P029,2025-01-06,4,Efectivo,Marketplace,Completada,350.0,15
V004039,C00528,P006,2025-07-24,5,Transferencia,Tienda,Completada,1800.0,0
V004040,C00389,P018,2025-03-06,2,Transferencia,Marketplace,Devuelta,900.0,10
V004041,C00703,P013,2025-11-02,2,Tarjeta Crédito,Marketplace,Cancelada,2200.0,20
V004042,C00903,P016,2025-03-02,4,Transferencia,Marketplace,Completada,4500.0,0
V004043,C01102,P008,2025-02-01,2,Transferencia,Tienda,Completada,700.0,0
V004044,C00375,P023,2025-02-05,1,Tarjeta Débito,Marketplace,Devuelta,8500.0,10
V004045,C00099,P022,2025-07-16,3,Tarjeta Débito,Marketplace,Completada,1200.0,5
V004046,C00429,P014,2025-10-02,2,Transferencia,Tienda,Cancelada,5500.0,5
V004047,C00268,P019,2025-04-12,3,Tarjeta Débito,Marketplace,Devuelta,1800.0,15
V004048,C00490,P020,2025-09-14,4,Tarjeta Crédito,Tienda,Completada,1500.0,20
V004049,C00500,P001,2025-10-19,1,Transferencia,Tienda,Cancelada,22000.0,0
V004050,C00472,P022,2025-08-27,4,Tarjeta Débito,Online,Completada,1200.0,15
V004051,C00672,P013,2025-06-02,5,Tarjeta Débito,Online,Cancelada,2200.0,10
V004052,C00973,P028,2025-06-03,3,Tarjeta Débito,Marketplace,Cancelada,250.0,5
V004053,C01096,P006,2025-09-10,4,Tarjeta Débito,Online,Devuelta,1800.0,0
V004054,C00935,P024,2025-09-15,2,Tarjeta Crédito,Online,Cancelada,14500.0,10
V004055,C01140,P019,2025-02-08,4,Tarjeta Crédito,Marketplace,Devuelta,1800.0,0
V004056,C00893,P010,2025-08-08,2,Tarjeta Débito,Online,Cancelada,4500.0,10
V004057,C00074,P005,2025-06-16,2,Tarjeta Débito,Online,Cancelada,12000.0,0
V004058,C00934,P029,2025-05-24,5,Tarjeta Débito,Marketplace,Completada,350.0,10
V004059,C00856,P014,2025-04-09,3,Tarjeta Débito,Online,Completada,5500.0,5
V004060,C00271,P005,2025-07-02,4,Tarjeta Débito,Tienda,Completada,12000.0,0
V004061,C00547,P016,2025-10-08,2,Tarjeta Débito,Tienda,Cancelada,4500.0,5
V004062,C01086,P001,2025-02-28,5,Transferencia,Tienda,Completada,22000.0,10
V004063,C00056,P012,2025-02-27,1,Transferencia,Online,Completada,1700.0,5
V004064,C00960,P006,2025-05-14,3,Tarjeta Débito,Tienda,Completada,1800.0,10
V004065,C01102,P025,2025-06-08,1,Transferencia,Online,Cancelada,4200.0,0
V004066,C00997,P009,2025-09-25,5,Tarjeta Crédito,Online,Completada,1300.0,0
V004067,C00658,P002,2025-07-20,1,Tarjeta Crédito,Online,Devuelta,14000.0,0
V004068,C01006,P016,2025-02-27,5,Tarjeta Débito,Online,Completada,4500.0,20
V004069,C01164,P030,2025-02-21,1,Tarjeta Crédito,Online,Completada,3200.0,10
V004070,C00703,P023,2025-07-01,3,Tarjeta Crédito,Online,Devuelta,8500.0,5
V004071,C00503,P011,2025-12-11,3,Tarjeta Débito,Tienda,Cancelada,1800.0,0
V004072,C00762,P029,2025-01-16,2,Tarjeta Débito,Marketplace,Cancelada,350.0,20
V004073,C00059,P022,2025-11-08,1,Tarjeta Débito,Online,Completada,1200.0,15
V004074,C00531,P008,2025-09-14,2,Tarjeta Crédito,Marketplace,Completada,700.0,15
V004075,C00061,P001,2025-06-01,1,Tarjeta Crédito,Online,Completada,22000.0,10
V004076,C00989,P019,2025-08-04,1,Tarjeta Crédito,Tienda,Devuelta,1800.0,5
V004077,C00915,P027,2025-09-27,4,Tarjeta Débito,Marketplace,Devuelta,6000.0,10
V004078,C00580,P006,2025-12-14,1,Efectivo,Tienda,Cancelada,1800.0,0
V004079,C00865,P020,2025-11-19,1,Tarjeta Crédito,Online,Cancelada,1500.0,15
V004080,C00112,P013,2025-06-22,2,Tarjeta Débito,Tienda,Cancelada,2200.0,5
V004081,C00332,P004,2025-06-08,1,Transferencia,Tienda,Completada,9000.0,0
V004082,C01085,P009,2025-01-02,5,Tarjeta Crédito,Online,Completada,1300.0,5
V004083,C00069,P026,2025-09-15,2,Tarjeta Débito,Online,Completada,800.0,0
V004084,C00767,P016,2025-06-20,5,Transferencia,Online,Completada,4500.0,0
V004085,C00129,P009,2025-07-15,1,Tarjeta Crédito,Online,Completada,1300.0,5
V004086,C00377,P019,2025-03-30,5,Tarjeta Crédito,Online,Completada,1800.0,5
V004087,C00036,P029,2025-04-24,3,Tarjeta Crédito,Tienda,Devuelta,350.0,10
V004088,C01001,P029,2025-04-17,4,Tarjeta Crédito,Tienda,Completada,350.0,0
V004089,C00063,P003,2025-04-27,4,Transferencia,Online,Completada,6500.0,5
V004090,C00489,P020,2025-07-29,4,Tarjeta Débito,Online,Completada,1500.0,15
V004091,C00218,P022,2025-01-07,3,Tarjeta Crédito,Tienda,Completada,1200.0,0
V004092,C00795,P014,2025-09-06,2,Transferencia,Marketplace,Cancelada,5500.0,10
V004093,C00670,P023,2025-08-07,3,Tarjeta Crédito,Online,Cancelada,8500.0,0
V004094,C00692,P011,2025-07-26,4,Tarjeta Débito,Tienda,Cancelada,1800.0,15
V004095,C01031,P021,2025-12-14,4,Transferencia,Online,Completada,11000.0,5
V004096,C00751,P008,2025-02-12,2,Tarjeta Débito,Online,Completada,700.0,15
V004097,C00054,P006,2025-10-18,3,Transferencia,Marketplace,Completada,1800.0,5
V004098,C00113,P029,2025-06-20,5,Tarjeta Débito,Tienda,Completada,350.0,10
V004099,C00770,P023,2025-10-20,4,Efectivo,Tienda,Completada,8500.0,5
V004100,C00777,P020,2025-02-05,5,Tarjeta Crédito,Tienda,Cancelada,1500.0,0
V004101,C00693,P020,2025-03-23,3,Tarjeta Crédito,Tienda,Completada,1500.0,5
V004102,C00920,P022,2025-09-19,2,Tarjeta Crédito,Online,Completada,1200.0,0
V004103,C00576,P020,2025-03-05,3,Efectivo,Online,Completada,1500.0,0
V004104,C00864,P002,2025-03-22,3,Transferencia,Online,Completada,14000.0,10
V004105,C00149,P030,2025-03-26,4,Transferencia,Tienda,Completada,3200.0,5
V004106,C00968,P018,2025-07-16,1,Tarjeta Débito,Marketplace,Completada,900.0,0
V004107,C00509,P021,2025-05-02,1,Tarjeta Crédito,Marketplace,Devuelta,11000.0,15
V004108,C00159,P010,2025-11-20,4,Tarjeta Crédito,Online,Completada,4500.0,15
V004109,C00061,P007,2025-12-14,4,Transferencia,Online,Completada,1400.0,20
V004110,C00152,P002,2025-02-24,2,Transferencia,Tienda,Completada,14000.0,0
V004111,C00358,P018,2025-09-06,3,Tarjeta Débito,Marketplace,Completada,900.0,10
V004112,C00426,P028,2025-11-30,5,Efectivo,Online,Devuelta,250.0,0
V004113,C01175,P022,2025-01-21,2,Tarjeta Crédito,Tienda,Completada,1200.0,0
V004114,C00496,P023,2025-03-11,3,Transferencia,Online,Cancelada,8500.0,5
V004115,C00256,P002,2025-01-12,3,Tarjeta Débito,Marketplace,Completada,14000.0,5
V004116,C00682,P026,2025-02-26,2,Efectivo,Tienda,Cancelada,800.0,5
V004117,C00653,P020,2025-11-03,2,Tarjeta Crédito,Online,Completada,1500.0,0
V004118,C01040,P011,2025-07-07,5,Tarjeta Crédito,Tienda,Devuelta,1800.0,0
V004119,C00487,P006,2025-07-31,4,Tarjeta Débito,Online,Completada,1800.0,15
V004120,C00210,P005,2025-11-17,1,Tarjeta Crédito,Online,Completada,12000.0,10
V004121,C00721,P013,2025-11-21,5,Tarjeta Débito,Online,Completada,2200.0,20
V004122,C01045,P021,2025-01-25,1,Tarjeta Débito,Online,Completada,11000.0,0
V004123,C00246,P029,2025-02-17,5,Efectivo,Tienda,Cancelada,350.0,15
V004124,C00761,P002,2025-08-24,2,Tarjeta Crédito,Online,Completada,14000.0,0
V004125,C00518,P023,2025-01-16,3,Tarjeta Crédito,Online,Completada,7650.0,5
V004126,C01000,P016,2025-09-28,2,Tarjeta Débito,Tienda,Cancelada,4500.0,0
V004127,C00245,P025,2025-11-30,2,Tarjeta Crédito,Online,Devuelta,4200.0,0
V004128,C01031,P013,2025-10-21,2,Tarjeta Crédito,Tienda,Completada,2200.0,5
V004129,C00458,P005,2025-11-25,5,Tarjeta Crédito,Marketplace,Completada,12000.0,5
V004130,C00586,P010,2025-09-20,2,Transferencia,Online,Cancelada,4500.0,10
V004131,C00068,P003,2025-10-16,5,Transferencia,Online,Completada,6500.0,15
V004132,C00288,P010,2025-01-05,1,Tarjeta Débito,Tienda,Completada,4500.0,5
V004133,C00091,P003,2025-08-08,5,Tarjeta Débito,Tienda,Completada,6500.0,5
V004134,C00161,P028,2025-01-06,3,Tarjeta Débito,Online,Completada,250.0,0
V004135,C00359,P025,2025-08-07,5,Tarjeta Crédito,Online,Completada,4200.0,0
V004136,C00437,P015,2025-08-27,2,Efectivo,Tienda,Completada,2600.0,0
V004137,C00021,P012,2025-04-28,1,Tarjeta Crédito,Tienda,Cancelada,1700.0,0
V004138,C00075,P015,2025-09-23,1,Tarjeta Crédito,Marketplace,Devuelta,2600.0,0
V004139,C00185,P003,2025-06-07,3,Tarjeta Crédito,Tienda,Completada,6500.0,15
V004140,C00029,P015,2025-04-30,5,Tarjeta Crédito,Online,Cancelada,2600.0,20
V004141,C01173,P029,2025-02-04,3,Tarjeta Débito,Online,Cancelada,350.0,0
V004142,C00263,P001,2025-06-13,2,Tarjeta Débito,Online,Cancelada,22000.0,10
V004143,C00951,P029,2025-08-25,5,Tarjeta Crédito,Online,Devuelta,350.0,10
V004144,C00412,P020,2025-11-26,2,Tarjeta Débito,Tienda,Completada,1500.0,0
V004145,C00944,P004,2025-07-28,4,Efectivo,Online,Devuelta,9000.0,10
V004146,C00315,P012,2025-07-02,3,Tarjeta Crédito,Online,Completada,1700.0,5
V004147,C00080,P019,2025-05-04,5,Tarjeta Crédito,Online,Completada,1800.0,0
V004148,C00706,P010,2025-06-30,3,Transferencia,Tienda,Cancelada,4500.0,0
V004149,C01110,P021,2025-11-16,5,Tarjeta Débito,Tienda,Completada,11000.0,20
V004150,C00469,P020,2025-10-31,2,Efectivo,Online,Completada,1500.0,5
V004151,C00926,P007,2025-11-22,3,Transferencia,Online,Devuelta,1400.0,15
V004152,C00582,P010,2025-03-08,4,Tarjeta Crédito,Online,Cancelada,4500.0,10
V004153,C00242,P003,2025-06-26,3,Tarjeta Crédito,Tienda,Devuelta,6500.0,0
V004154,C00040,P020,2025-01-12,5,Tarjeta Débito,Online,Completada,1500.0,10
V004155,C00337,P002,2025-08-16,5,Tarjeta Crédito,Online,Completada,14000.0,5
V004156,C00700,P024,2025-06-26,1,Tarjeta Débito,Online,Completada,14500.0,0
V004157,C00707,P014,2025-05-15,2,Tarjeta Crédito,Online,Cancelada,5500.0,5
V004158,C01133,P009,2025-06-26,5,Tarjeta Crédito,Tienda,Completada,1300.0,10
V004159,C00437,P013,2025-08-16,5,Tarjeta Crédito,Tienda,Completada,2200.0,5
V004160,C00727,P012,2025-06-20,4,Tarjeta Débito,Online,Devuelta,1700.0,5
V004161,C00156,P003,2025-07-05,3,Tarjeta Débito,Marketplace,Devuelta,6500.0,5
V004162,C00420,P027,2025-12-27,1,Tarjeta Débito,Marketplace,Completada,6000.0,0
V004163,C00752,P001,2025-02-05,1,Tarjeta Débito,Online,Cancelada,22000.0,0
V004164,C00178,P015,2025-09-30,4,Tarjeta Débito,Online,Cancelada,2600.0,5
V004165,C00161,P023,2025-09-22,2,Transferencia,Online,Cancelada,8500.0,15
V004166,C01191,P028,2025-03-29,5,Tarjeta Crédito,Tienda,Cancelada,250.0,10
V004167,C00398,P015,2025-11-20,1,Tarjeta Crédito,Tienda,Devuelta,2600.0,5
V004168,C00314,P002,2025-02-07,2,Transferencia,Online,Completada,14000.0,0
V004169,C01094,P015,2025-02-13,2,Tarjeta Crédito,Tienda,Completada,2600.0,0
V004170,C00948,P020,2025-04-07,3,Efectivo,Marketplace,Cancelada,1500.0,0
V004171,C01106,P016,2025-03-22,1,Transferencia,Tienda,Cancelada,4500.0,5
V004172,C00814,P008,2025-07-08,3,Tarjeta Crédito,Online,Devuelta,700.0,5
V004173,C00047,P002,2025-04-05,5,Tarjeta Débito,Online,Cancelada,14000.0,10
V004174,C01069,P030,2025-03-23,4,Tarjeta Débito,Tienda,Cancelada,3200.0,0
V004175,C00646,P023,2025-04-07,1,Tarjeta Débito,Online,Devuelta,8500.0,5
V004176,C00500,P027,2025-12-12,4,Tarjeta Débito,Online,Completada,6000.0,5
V004177,C00371,P029,2025-11-26,3,Efectivo,Tienda,Cancelada,350.0,10
V004178,C01018,P001,2025-07-06,5,Tarjeta Crédito,Online,Completada,22000.0,5
V004179,C00059,P024,2025-01-17,5,Tarjeta Débito,Online,Completada,14500.0,0
V004180,C00427,P001,2025-07-01,3,Tarjeta Crédito,Online,Completada,22000.0,15
V004181,C00671,P016,2025-01-07,2,Tarjeta Crédito,Online,Cancelada,4500.0,0
V004182,C00149,P025,2025-09-17,3,Tarjeta Crédito,Tienda,Completada,4200.0,0
V004183,C00642,P012,2025-12-17,5,Tarjeta Crédito,Tienda,Cancelada,1700.0,0
V004184,C00128,P001,2025-09-28,2,Tarjeta Débito,Online,Cancelada,22000.0,10
V004185,C00030,P023,2025-04-25,3,Efectivo,Tienda,Completada,8500.0,5
V004186,C00012,P029,2025-06-22,3,Tarjeta Crédito,Tienda,Devuelta,350.0,5
V004187,C00863,P012,2025-07-31,2,Tarjeta Débito,Tienda,Completada,1700.0,5
V004188,C00498,P005,2025-11-17,4,Tarjeta Débito,Online,Completada,12000.0,15
V004189,C00518,P015,2025-09-08,3,Transferencia,Online,Cancelada,2600.0,15
V004190,C00248,P014,2025-09-15,5,Tarjeta Débito,Online,Cancelada,5500.0,20
V004191,C01199,P010,2025-12-10,2,Transferencia,Online,Completada,4500.0,10
V004192,C00436,P030,2025-09-30,1,Tarjeta Crédito,Online,Completada,3200.0,5
V004193,C00237,P021,2025-07-14,2,Tarjeta Crédito,Online,Completada,11000.0,0
V004194,C00205,P001,2025-04-04,1,Tarjeta Crédito,Tienda,Completada,22000.0,0
V004195,C00619,P011,2025-03-11,3,Transferencia,Marketplace,Completada,1800.0,5
V004196,C00770,P006,2025-09-15,4,Transferencia,Online,Cancelada,1800.0,0
V004197,C00974,P022,2025-04-18,2,Transferencia,Tienda,Completada,1200.0,20
V004198,C00436,P027,2025-06-07,1,Tarjeta Crédito,Tienda,Completada,6000.0,5
V004199,C00402,P014,2025-06-21,2,Tarjeta Crédito,Online,Completada,5500.0,0
V004200,C01080,P001,2025-06-07,5,Tarjeta Crédito,Tienda,Completada,22000.0,10
V004201,C00180,P023,2025-10-30,1,Tarjeta Crédito,Online,Devuelta,8500.0,10
V004202,C00544,P009,2025-10-21,1,Efectivo,Tienda,Cancelada,1300.0,10
V004203,C00829,P023,2025-06-12,1,Tarjeta Débito,Marketplace,Completada,8500.0,0
V004204,C00073,P002,2025-02-12,2,Tarjeta Débito,Online,Completada,14000.0,10
V004205,C01054,P030,2025-05-13,3,Tarjeta Débito,Online,Completada,3200.0,10
V004206,C00973,P027,2025-08-27,4,Tarjeta Débito,Online,Devuelta,6000.0,5
V004207,C00812,P009,2025-12-10,3,Transferencia,Tienda,Devuelta,1300.0,10
V004208,C01118,P005,2025-09-02,2,Tarjeta Crédito,Tienda,Completada,12000.0,5
V004209,C00971,P002,2025-06-08,2,Tarjeta Débito,Marketplace,Completada,14000.0,0
V004210,C01175,P003,2025-08-04,5,Tarjeta Crédito,Online,Devuelta,6500.0,0
V004211,C00604,P007,2025-10-24,1,Tarjeta Crédito,Tienda,Cancelada,1400.0,0
V004212,C00586,P011,2025-10-31,2,Transferencia,Tienda,Devuelta,1800.0,15
V004213,C00605,P029,2025-04-04,5,Transferencia,Online,Devuelta,350.0,5
V004214,C00376,P017,2025-07-10,5,Tarjeta Débito,Online,Completada,2200.0,10
V004215,C00533,P023,2025-01-09,1,Tarjeta Crédito,Online,Completada,8500.0,0
V004216,C00083,P017,2025-10-06,3,Tarjeta Crédito,Online,Devuelta,2200.0,5
V004217,C01117,P007,2025-06-07,4,Efectivo,Marketplace,Devuelta,1400.0,0
V004218,C00987,P015,2025-09-15,4,Tarjeta Crédito,Marketplace,Devuelta,2600.0,15
V004219,C00132,P028,2025-06-21,4,Tarjeta Crédito,Online,Cancelada,250.0,0
V004220,C00087,P006,2025-02-02,5,Tarjeta Crédito,Online,Completada,1800.0,0
V004221,C00166,P014,2025-02-10,2,Tarjeta Crédito,Online,Completada,5500.0,0
V004222,C01024,P030,2025-03-09,1,Tarjeta Crédito,Tienda,Completada,3200.0,15
V004223,C00494,P020,2025-10-13,3,Tarjeta Débito,Tienda,Completada,1500.0,10
V004224,C00696,P021,2025-01-08,4,Transferencia,Online,Completada,11000.0,5
V004225,C00472,P022,2025-12-21,3,Tarjeta Crédito,Tienda,Completada,1200.0,5
V004226,C00804,P014,2025-05-11,4,Tarjeta Débito,Online,Completada,5500.0,10
V004227,C01194,P019,2025-06-28,2,Efectivo,Online,Cancelada,1800.0,15
V004228,C01074,P002,2025-06-15,2,Tarjeta Crédito,Tienda,Completada,14000.0,10
V004229,C00572,P017,2025-03-15,3,Transferencia,Tienda,Completada,2200.0,5
V004230,C01146,P004,2025-09-18,4,Tarjeta Débito,Marketplace,Completada,9000.0,10
V004231,C00809,P030,2025-01-31,5,Tarjeta Crédito,Online,Completada,3200.0,0
V004232,C00952,P008,2025-06-13,2,Tarjeta Crédito,Online,Cancelada,700.0,0
V004233,C01011,P013,2025-04-15,2,Tarjeta Crédito,Marketplace,Completada,2200.0,5
V004234,C00830,P009,2025-09-09,5,Transferencia,Online,Completada,1300.0,5
V004235,C00047,P014,2025-02-06,5,Tarjeta Crédito,Marketplace,Devuelta,5500.0,0
V004236,C00326,P004,2025-04-30,1,Tarjeta Crédito,Online,Cancelada,9000.0,5
V004237,C00586,P007,2025-12-27,1,Tarjeta Crédito,Tienda,Completada,1400.0,5
V004238,C00094,P008,2025-10-08,3,Tarjeta Crédito,Online,Cancelada,700.0,0
V004239,C00797,P012,2025-03-13,5,Tarjeta Débito,Tienda,Completada,1700.0,5
V004240,C00590,P005,2025-01-26,3,Tarjeta Crédito,Online,Devuelta,12000.0,5
V004241,C00166,P011,2025-01-28,3,Tarjeta Débito,Online,Completada,1800.0,5
V004242,C00456,P013,2025-05-18,5,Tarjeta Crédito,Online,Cancelada,2200.0,5
V004243,C00706,P019,2025-02-22,2,Tarjeta Crédito,Online,Completada,1800.0,10
V004244,C01155,P021,2025-11-12,4,Tarjeta Débito,Online,Completada,11000.0,5
V004245,C01137,P008,2025-06-23,1,Tarjeta Crédito,Online,Completada,700.0,5
V004246,C00663,P023,2025-08-30,3,Tarjeta Crédito,Tienda,Devuelta,8500.0,10
V004247,C00680,P019,2025-09-29,3,Transferencia,Tienda,Completada,1800.0,0
V004248,C00242,P012,2025-04-30,2,Tarjeta Crédito,Online,Cancelada,1700.0,0
V004249,C00798,P028,2025-04-13,1,Tarjeta Crédito,Online,Completada,250.0,0
V004250,C00853,P004,2025-10-16,2,Tarjeta Crédito,Online,Cancelada,9000.0,0
V004251,C00599,P030,2025-04-19,5,Tarjeta Débito,Marketplace,Completada,3200.0,0
V004252,C00285,P024,2025-01-22,2,Transferencia,Online,Completada,14500.0,0
V004253,C00165,P010,2025-04-23,2,Transferencia,Tienda,Devuelta,4500.0,0
V004254,C00671,P009,2025-07-14,2,Efectivo,Marketplace,Completada,1300.0,0
V004255,C00223,P014,2025-07-15,1,Tarjeta Crédito,Marketplace,Completada,5500.0,0
V004256,C00060,P007,2025-10-10,4,Tarjeta Crédito,Online,Cancelada,1400.0,5
V004257,C00082,P006,2025-04-07,3,Tarjeta Crédito,Tienda,Cancelada,1800.0,0
V004258,C00227,P024,2025-07-04,5,Tarjeta Crédito,Marketplace,Completada,14500.0,0
V004259,C01068,P009,2025-07-01,1,Efectivo,Tienda,Cancelada,1300.0,5
V004260,C00780,P030,2025-01-05,2,Tarjeta Débito,Online,Cancelada,3200.0,0
V004261,C00338,P017,2025-09-17,1,Tarjeta Crédito,Online,Cancelada,2200.0,10
V004262,C01065,P030,2025-06-19,3,Transferencia,Marketplace,Completada,3200.0,5
V004263,C00112,P015,2025-11-05,2,Tarjeta Crédito,Marketplace,Completada,2600.0,0
V004264,C00216,P001,2025-06-01,4,Tarjeta Crédito,Online,Completada,22000.0,0
V004265,C00104,P018,2025-02-22,5,Transferencia,Tienda,Devuelta,900.0,0
V004266,C01067,P008,2025-12-24,4,Tarjeta Débito,Online,Devuelta,700.0,20
V004267,C00077,P023,2025-06-13,1,Transferencia,Online,Completada,8500.0,10
V004268,C00449,P012,2025-02-06,4,Transferencia,Tienda,Cancelada,1700.0,0
V004269,C00637,P006,2025-04-16,2,Transferencia,Online,Cancelada,1800.0,10
V004270,C00294,P029,2025-10-05,2,Tarjeta Crédito,Online,Completada,350.0,0
V004271,C00029,P012,2025-09-10,2,Transferencia,Online,Completada,1700.0,0
V004272,C00697,P008,2025-01-12,1,Tarjeta Crédito,Marketplace,Completada,700.0,20
V004273,C00487,P022,2025-03-01,5,Transferencia,Tienda,Cancelada,1200.0,0
V004274,C00484,P006,2025-01-29,5,Efectivo,Online,Devuelta,1800.0,0
V004275,C00726,P005,2025-11-08,1,Tarjeta Crédito,Online,Completada,12000.0,0
V004276,C00100,P013,2025-12-17,5,Tarjeta Crédito,Online,Completada,2200.0,0
V004277,C00264,P023,2025-02-09,2,Transferencia,Online,Completada,8500.0,0
V004278,C01032,P014,2025-09-25,3,Tarjeta Crédito,Online,Completada,5500.0,0
V004279,C00711,P005,2025-06-02,4,Tarjeta Débito,Tienda,Completada,12000.0,0
V004280,C00527,P010,2025-12-25,5,Efectivo,Marketplace,Devuelta,4500.0,10
V004281,C00948,P014,2025-09-16,3,Tarjeta Crédito,Tienda,Completada,5500.0,0
V004282,C00748,P030,2025-02-22,5,Tarjeta Crédito,Online,Devuelta,3200.0,5
V004283,C00463,P028,2025-05-22,5,Tarjeta Débito,Online,Devuelta,250.0,20
V004284,C00271,P023,2025-02-06,4,Tarjeta Crédito,Online,Devuelta,8500.0,0
V004285,C00574,P011,2025-10-19,3,Tarjeta Débito,Online,Devuelta,1800.0,10
V004286,C00625,P005,2025-03-29,2,Tarjeta Débito,Online,Cancelada,12000.0,10
V004287,C00307,P009,2025-08-19,1,Tarjeta Débito,Online,Completada,1300.0,5
V004288,C00837,P028,2025-07-04,5,Tarjeta Débito,Online,Completada,250.0,15
V004289,C00838,P005,2025-01-21,1,Tarjeta Débito,Online,Completada,12000.0,5
V004290,C00240,P016,2025-07-04,4,Tarjeta Crédito,Marketplace,Completada,4500.0,20
V004291,C00680,P002,2025-11-19,4,Efectivo,Online,Completada,14000.0,15
V004292,C00700,P028,2025-11-02,3,Transferencia,Tienda,Completada,250.0,15
V004293,C00303,P008,2025-06-04,1,Transferencia,Online,Completada,700.0,5
V004294,C00879,P027,2025-03-28,1,Tarjeta Débito,Online,Devuelta,6000.0,10
V004295,C00870,P004,2025-10-02,3,Tarjeta Crédito,Online,Completada,9000.0,10
V004296,C00733,P004,2025-08-22,3,Efectivo,Online,Completada,9000.0,0
V004297,C00186,P018,2025-10-31,4,Tarjeta Débito,Online,Completada,900.0,10
V004298,C00221,P030,2025-09-30,3,Tarjeta Crédito,Online,Cancelada,3200.0,0
V004299,C00566,P030,2025-03-15,5,Tarjeta Débito,Online,Completada,3200.0,5
V004300,C00961,P001,2025-01-09,5,Efectivo,Tienda,Cancelada,22000.0,0
V004301,C00620,P012,2025-03-16,5,Tarjeta Crédito,Online,Completada,1700.0,0
V004302,C01088,P011,2025-06-28,2,Tarjeta Débito,Online,Completada,1800.0,10
V004303,C00643,P019,2025-01-20,2,Efectivo,Online,Cancelada,1800.0,10
V004304,C00112,P028,2025-12-30,1,Tarjeta Crédito,Online,Devuelta,250.0,10
V004305,C00179,P010,2025-04-20,4,Efectivo,Online,Completada,4500.0,0
V004306,C00959,P002,2025-06-02,1,Tarjeta Débito,Online,Completada,14000.0,15
V004307,C00407,P027,2025-10-05,5,Tarjeta Crédito,Tienda,Devuelta,6000.0,10
V004308,C00580,P012,2025-05-05,2,Tarjeta Débito,Tienda,Cancelada,1700.0,5
V004309,C01096,P006,2025-11-20,4,Transferencia,Tienda,Cancelada,1800.0,20
V004310,C01144,P007,2025-10-17,5,Tarjeta Crédito,Tienda,Devuelta,1400.0,15
V004311,C00312,P016,2025-12-31,5,Tarjeta Crédito,Marketplace,Completada,4500.0,20
V004312,C00608,P008,2025-10-10,4,Tarjeta Débito,Tienda,Completada,840.0,0
V004313,C00442,P011,2025-11-29,3,Tarjeta Crédito,Tienda,Cancelada,1800.0,5
V004314,C00600,P028,2025-04-23,5,Efectivo,Online,Devuelta,250.0,0
V004315,C00434,P007,2025-07-26,5,Tarjeta Débito,Tienda,Completada,1400.0,5
V004316,C01200,P001,2025-11-04,2,Tarjeta Débito,Online,Completada,22000.0,0
V004317,C00381,P004,2025-06-28,4,Tarjeta Crédito,Tienda,Completada,9000.0,5
V004318,C00004,P022,2025-11-11,1,Tarjeta Crédito,Tienda,Completada,1200.0,0
V004319,C00141,P023,2025-11-22,3,Efectivo,Marketplace,Completada,8500.0,15
V004320,C00410,P014,2025-12-09,2,Transferencia,Online,Completada,5500.0,0
V004321,C00581,P005,2025-04-09,4,Tarjeta Crédito,Online,Cancelada,12000.0,10
V004322,C00123,P013,2025-01-27,4,Tarjeta Débito,Online,Devuelta,2200.0,10
V004323,C00032,P004,2025-12-15,5,Transferencia,Tienda,Cancelada,9000.0,10
V004324,C00370,P002,2025-11-21,5,Tarjeta Débito,Online,Completada,14000.0,10
V004325,C00739,P001,2025-03-09,3,Tarjeta Débito,Online,Completada,22000.0,10
V004326,C00027,P020,2025-06-09,3,Tarjeta Débito,Online,Completada,1500.0,5
V004327,C00366,P012,2025-07-15,1,Tarjeta Débito,Tienda,Completada,1700.0,5
V004328,C00815,P016,2025-08-04,2,Efectivo,Online,Completada,4500.0,10
V004329,C01127,P010,2025-09-06,4,Tarjeta Crédito,Tienda,Completada,4500.0,0
V004330,C00227,P009,2025-11-08,1,Tarjeta Débito,Online,Completada,1300.0,0
V004331,C00441,P022,2025-04-26,4,Efectivo,Online,Completada,1200.0,0
V004332,C00377,P028,2025-10-04,3,Transferencia,Marketplace,Completada,250.0,5
V004333,C00334,P010,2025-10-23,2,Tarjeta Crédito,Marketplace,Devuelta,4500.0,15
V004334,C00335,P026,2025-09-13,2,Transferencia,Online,Completada,800.0,0
V004335,C00962,P030,2025-10-11,4,Tarjeta Crédito,Online,Devuelta,3200.0,0
V004336,C00570,P017,2025-04-08,5,Tarjeta Débito,Online,Cancelada,2200.0,0
V004337,C00253,P024,2025-09-17,1,Tarjeta Crédito,Online,Completada,14500.0,5
V004338,C00372,P012,2025-12-18,3,Tarjeta Débito,Online,Completada,1700.0,0
V004339,C01156,P010,2025-03-21,5,Tarjeta Crédito,Online,Completada,4500.0,10
V004340,C00311,P002,2025-09-27,3,Tarjeta Débito,Online,Completada,14000.0,5
V004341,C00036,P013,2025-03-04,5,Tarjeta Débito,Online,Completada,2200.0,10
V004342,C00439,P013,2025-04-15,1,Tarjeta Débito,Marketplace,Completada,2200.0,10
V004343,C00333,P027,2025-03-13,2,Transferencia,Online,Completada,6000.0,10
V004344,C00907,P003,2025-11-27,1,Tarjeta Crédito,Marketplace,Completada,6500.0,5
V004345,C00881,P005,2025-07-10,3,Transferencia,Tienda,Completada,12000.0,10
V004346,C00276,P023,2025-08-04,4,Transferencia,Online,Cancelada,8500.0,20
V004347,C00008,P019,2025-12-26,4,Transferencia,Marketplace,Completada,1800.0,5
V004348,C01002,P002,2025-07-04,1,Tarjeta Crédito,Tienda,Completada,14000.0,0
V004349,C00524,P023,2025-10-20,5,Tarjeta Crédito,Tienda,Completada,8500.0,10
V004350,C00570,P002,2025-08-03,2,Tarjeta Crédito,Tienda,Devuelta,14000.0,0
V004351,C01122,P027,2025-08-18,2,Tarjeta Débito,Online,Devuelta,5400.0,5
V004352,C00031,P002,2025-07-05,4,Tarjeta Débito,Online,Completada,14000.0,10
V004353,C00699,P005,2025-02-23,4,Tarjeta Crédito,Online,Completada,12000.0,10
V004354,C01119,P006,2025-06-20,3,Tarjeta Débito,Online,Completada,1800.0,15
V004355,C00539,P016,2025-12-06,2,Tarjeta Crédito,Tienda,Completada,4500.0,5
V004356,C00008,P029,2025-07-18,1,Tarjeta Crédito,Marketplace,Completada,350.0,15
V004357,C00782,P008,2025-06-23,4,Tarjeta Débito,Online,Completada,700.0,10
V004358,C00366,P004,2025-06-07,1,Tarjeta Débito,Online,Devuelta,9000.0,0
V004359,C00383,P018,2025-09-20,5,Tarjeta Crédito,Online,Completada,900.0,5
V004360,C00084,P024,2025-11-07,4,Tarjeta Débito,Tienda,Completada,14500.0,0
V004361,C00497,P015,2025-07-08,1,Transferencia,Tienda,Devuelta,2600.0,20
V004362,C00095,P021,2025-03-30,1,Tarjeta Crédito,Marketplace,Completada,11000.0,0
V004363,C00586,P010,2025-10-26,1,Transferencia,Online,Completada,4500.0,0
V004364,C00267,P018,2025-12-08,1,Transferencia,Online,Devuelta,900.0,0
V004365,C00172,P010,2025-11-07,4,Tarjeta Crédito,Online,Completada,4500.0,5
V004366,C00358,P011,2025-10-28,2,Tarjeta Débito,Marketplace,Completada,1800.0,10
V004367,C00223,P011,2025-02-26,2,Efectivo,Tienda,Devuelta,1800.0,0
V004368,C01017,P007,2025-09-14,2,Tarjeta Crédito,Tienda,Cancelada,1400.0,5
V004369,C01168,P007,2025-11-27,3,Tarjeta Crédito,Marketplace,Completada,1400.0,0
V004370,C00253,P026,2025-01-10,5,Tarjeta Crédito,Marketplace,Completada,800.0,0
V004371,C00042,P027,2025-04-26,3,Tarjeta Débito,Online,Completada,4800.0,15
V004372,C00795,P007,2025-09-15,4,Tarjeta Crédito,Online,Devuelta,1400.0,5
V004373,C00233,P024,2025-01-07,3,Efectivo,Online,Completada,14500.0,0
V004374,C00908,P013,2025-01-13,1,Tarjeta Crédito,Tienda,Cancelada,2200.0,15
V004375,C00893,P004,2025-11-11,1,Tarjeta Crédito,Marketplace,Devuelta,9000.0,0
V004376,C01088,P025,2025-10-26,1,Tarjeta Crédito,Tienda,Cancelada,4200.0,10
V004377,C00412,P003,2025-05-01,1,Tarjeta Crédito,Tienda,Completada,6500.0,5
V004378,C00847,P028,2025-12-18,1,Tarjeta Débito,Online,Devuelta,250.0,15
V004379,C01188,P002,2025-05-26,3,Tarjeta Crédito,Online,Completada,14000.0,0
V004380,C00121,P001,2025-11-13,5,Efectivo,Online,Completada,19800.0,20
V004381,C00036,P015,2025-05-04,5,Efectivo,Online,Completada,2600.0,0
V004382,C00205,P012,2025-01-16,5,Tarjeta Crédito,Tienda,Completada,1700.0,0
V004383,C00476,P013,2025-11-27,3,Tarjeta Débito,Tienda,Completada,2200.0,0
V004384,C00904,P004,2025-08-16,3,Tarjeta Débito,Online,Cancelada,9000.0,0
V004385,C00051,P006,2025-07-18,1,Tarjeta Crédito,Online,Cancelada,1800.0,0
V004386,C01176,P030,2025-02-03,5,Tarjeta Crédito,Marketplace,Devuelta,3200.0,0
V004387,C00673,P003,2025-08-12,5,Tarjeta Débito,Marketplace,Completada,6500.0,10
V004388,C00695,P001,2025-05-13,3,Tarjeta Débito,Marketplace,Cancelada,22000.0,10
V004389,C00127,P022,2025-12-25,4,Efectivo,Online,Completada,1200.0,15
V004390,C00904,P011,2025-08-31,5,Tarjeta Débito,Online,Completada,1800.0,20
V004391,C00723,P004,2025-06-19,3,Tarjeta Crédito,Online,Devuelta,9000.0,15
V004392,C00952,P029,2025-10-27,2,Tarjeta Crédito,Tienda,Completada,350.0,15
V004393,C00817,P028,2025-11-28,5,Tarjeta Débito,Online,Completada,250.0,5
V004394,C00075,P012,2025-06-29,5,Tarjeta Crédito,Online,Completada,1700.0,15
V004395,C00472,P020,2025-01-11,3,Tarjeta Crédito,Online,Completada,1500.0,0
V004396,C00009,P012,2025-02-18,4,Tarjeta Crédito,Online,Completada,1700.0,5
V004397,C00509,P019,2025-10-27,5,Tarjeta Crédito,Online,Devuelta,1800.0,5
V004398,C00902,P009,2025-10-23,2,Tarjeta Débito,Online,Completada,1300.0,5
V004399,C00939,P024,2025-09-12,3,Tarjeta Crédito,Online,Completada,14500.0,5
V004400,C00981,P008,2025-02-25,2,Efectivo,Online,Cancelada,700.0,0
V004401,C00194,P016,2025-08-19,3,Tarjeta Débito,Online,Completada,4500.0,0
V004402,C00810,P014,2025-07-03,3,Tarjeta Crédito,Marketplace,Cancelada,5500.0,0
V004403,C01164,P012,2025-04-18,4,Tarjeta Débito,Tienda,Devuelta,1700.0,5
V004404,C00519,P015,2025-07-18,5,Tarjeta Crédito,Online,Completada,2600.0,10
V004405,C00678,P007,2025-04-08,4,Transferencia,Tienda,Completada,1400.0,0
V004406,C01074,P002,2025-09-07,4,Tarjeta Débito,Tienda,Completada,14000.0,0
V004407,C01083,P005,2025-07-26,1,Tarjeta Débito,Online,Completada,12000.0,0
V004408,C01179,P021,2025-02-19,5,Tarjeta Débito,Marketplace,Devuelta,11000.0,0
V004409,C01158,P026,2025-05-24,5,Tarjeta Crédito,Marketplace,Completada,800.0,0
V004410,C00207,P023,2025-02-28,4,Transferencia,Online,Completada,8500.0,0
V004411,C00698,P027,2025-03-04,1,Tarjeta Débito,Online,Cancelada,6000.0,0
V004412,C01038,P006,2025-09-12,2,Efectivo,Online,Completada,1800.0,10
V004413,C00570,P001,2025-12-03,3,Transferencia,Marketplace,Completada,22000.0,10
V004414,C00339,P013,2025-10-16,3,Tarjeta Crédito,Tienda,Completada,2200.0,20
V004415,C00098,P030,2025-12-09,4,Tarjeta Crédito,Tienda,Cancelada,3200.0,0
V004416,C00357,P001,2025-09-09,4,Tarjeta Débito,Tienda,Cancelada,22000.0,5
V004417,C00182,P006,2025-02-03,3,Tarjeta Crédito,Online,Completada,1800.0,0
V004418,C00951,P018,2025-07-08,5,Tarjeta Débito,Online,Devuelta,900.0,5
V004419,C01160,P010,2025-01-08,1,Tarjeta Crédito,Tienda,Completada,4500.0,10
V004420,C00853,P014,2025-07-31,1,Tarjeta Débito,Marketplace,Completada,5500.0,10
V004421,C00075,P013,2025-12-03,2,Tarjeta Débito,Marketplace,Devuelta,2200.0,10
V004422,C00188,P021,2025-04-05,2,Efectivo,Marketplace,Cancelada,11000.0,0
V004423,C00561,P002,2025-03-19,2,Transferencia,Online,Completada,14000.0,5
V004424,C01139,P030,2025-12-20,4,Tarjeta Débito,Tienda,Devuelta,3200.0,5
V004425,C00883,P007,2025-05-14,3,Tarjeta Crédito,Marketplace,Cancelada,1400.0,0
V004426,C00001,P002,2025-09-17,3,Transferencia,Online,Completada,14000.0,0
V004427,C00588,P019,2025-07-21,2,Tarjeta Crédito,Tienda,Completada,1800.0,0
V004428,C00506,P001,2025-05-01,1,Tarjeta Crédito,Online,Devuelta,22000.0,10
V004429,C00023,P012,2025-04-03,1,Tarjeta Débito,Marketplace,Devuelta,1700.0,0
V004430,C00834,P012,2025-11-06,1,Tarjeta Crédito,Online,Completada,1700.0,10
V004431,C00766,P017,2025-04-11,2,Efectivo,Online,Completada,2200.0,5
V004432,C00013,P022,2025-07-26,1,Transferencia,Marketplace,Cancelada,1200.0,10
V004433,C00148,P005,2025-02-21,1,Tarjeta Débito,Online,Completada,12000.0,5
V004434,C00661,P005,2025-03-21,1,Tarjeta Crédito,Online,Completada,12000.0,5
V004435,C00586,P028,2025-03-26,2,Tarjeta Crédito,Marketplace,Devuelta,250.0,0
V004436,C00777,P018,2025-10-31,2,Tarjeta Crédito,Marketplace,Devuelta,900.0,5
V004437,C00240,P028,2025-10-29,4,Tarjeta Crédito,Tienda,Devuelta,250.0,5
V004438,C00372,P017,2025-06-19,1,Tarjeta Crédito,Tienda,Cancelada,2200.0,5
V004439,C00443,P007,2025-01-31,4,Efectivo,Online,Completada,1400.0,15
V004440,C00756,P022,2025-12-23,4,Tarjeta Crédito,Online,Completada,1200.0,0
V004441,C01183,P009,2025-01-16,2,Tarjeta Débito,Online,Completada,1300.0,5
V004442,C00146,P010,2025-11-18,2,Tarjeta Débito,Tienda,Completada,4500.0,0
V004443,C00006,P009,2025-12-16,1,Efectivo,Tienda,Completada,1300.0,0
V004444,C01021,P017,2025-03-16,4,Tarjeta Crédito,Online,Completada,2200.0,0
V004445,C00179,P018,2025-03-22,1,Tarjeta Crédito,Marketplace,Completada,900.0,0
V004446,C00316,P011,2025-02-15,1,Efectivo,Online,Devuelta,1800.0,0
V004447,C00080,P014,2025-07-18,5,Tarjeta Crédito,Tienda,Completada,5500.0,15
V004448,C00585,P001,2025-02-05,2,Efectivo,Marketplace,Cancelada,22000.0,5
V004449,C01148,P022,2025-09-19,1,Transferencia,Marketplace,Cancelada,1200.0,5
V004450,C00688,P017,2025-04-18,3,Transferencia,Online,Completada,2200.0,5
V004451,C00677,P021,2025-10-08,3,Efectivo,Marketplace,Completada,11000.0,10
V004452,C01054,P019,2025-12-16,3,Transferencia,Online,Completada,1800.0,0
V004453,C00675,P007,2025-08-23,4,Tarjeta Débito,Online,Devuelta,1400.0,15
V004454,C00275,P015,2025-07-16,5,Tarjeta Débito,Tienda,Devuelta,2600.0,0
V004455,C00145,P010,2025-11-02,1,Tarjeta Débito,Online,Completada,4500.0,0
V004456,C00920,P028,2025-11-01,2,Tarjeta Crédito,Marketplace,Completada,250.0,0
V004457,C00086,P014,2025-12-22,3,Efectivo,Tienda,Completada,5500.0,15
V004458,C00612,P017,2025-09-18,3,Efectivo,Online,Completada,2200.0,10
V004459,C00539,P020,2025-03-27,1,Tarjeta Crédito,Marketplace,Completada,1500.0,0
V004460,C00906,P016,2025-02-27,5,Tarjeta Crédito,Online,Devuelta,4500.0,0
V004461,C01129,P004,2025-10-25,4,Transferencia,Online,Completada,9000.0,10
V004462,C00313,P024,2025-11-05,1,Transferencia,Tienda,Devuelta,14500.0,5
V004463,C01064,P019,2025-08-20,5,Tarjeta Crédito,Online,Cancelada,1980.0000000000002,20
V004464,C01003,P020,2025-12-22,4,Transferencia,Tienda,Completada,1500.0,10
V004465,C00139,P016,2025-11-13,5,Tarjeta Crédito,Online,Completada,4500.0,15
V004466,C00067,P026,2025-02-04,3,Transferencia,Online,Cancelada,800.0,0
V004467,C00259,P007,2025-02-18,1,Tarjeta Débito,Marketplace,Devuelta,1400.0,5
V004468,C00451,P019,2025-06-25,5,Tarjeta Débito,Online,Cancelada,1800.0,0
V004469,C00335,P026,2025-05-18,5,Tarjeta Crédito,Tienda,Completada,800.0,5
V004470,C00196,P016,2025-11-08,3,Tarjeta Débito,Tienda,Cancelada,4500.0,15
V004471,C00769,P010,2025-10-02,3,Transferencia,Online,Cancelada,4500.0,0
V004472,C00060,P003,2025-08-29,3,Tarjeta Débito,Tienda,Completada,6500.0,0
V004473,C00965,P003,2025-02-15,4,Tarjeta Crédito,Online,Completada,6500.0,0
V004474,C01156,P024,2025-09-18,3,Tarjeta Débito,Online,Completada,14500.0,5
V004475,C00524,P013,2025-12-26,5,Tarjeta Crédito,Tienda,Completada,2200.0,10
V004476,C00024,P005,2025-12-07,1,Tarjeta Débito,Tienda,Devuelta,12000.0,0
V004477,C00304,P011,2025-03-15,2,Tarjeta Crédito,Tienda,Devuelta,1800.0,0
V004478,C00735,P011,2025-06-07,5,Tarjeta Crédito,Online,Cancelada,1800.0,0
V004479,C00490,P005,2025-04-01,5,Tarjeta Crédito,Online,Devuelta,12000.0,0
V004480,C00622,P023,2025-10-05,4,Tarjeta Crédito,Online,Completada,8500.0,0
V004481,C00514,P017,2025-02-16,2,Tarjeta Crédito,Online,Completada,2200.0,20
V004482,C00620,P014,2025-02-07,3,Tarjeta Crédito,Marketplace,Completada,5500.0,5
V004483,C00096,P029,2025-11-07,2,Tarjeta Crédito,Online,Completada,350.0,0
V004484,C00269,P005,2025-07-08,4,Transferencia,Online,Completada,12000.0,10
V004485,C00005,P019,2025-11-10,1,Tarjeta Débito,Tienda,Completada,1800.0,0
V004486,C00649,P017,2025-04-13,1,Tarjeta Crédito,Marketplace,Devuelta,2200.0,5
V004487,C00379,P004,2025-03-26,2,Tarjeta Débito,Online,Completada,9000.0,0
V004488,C00202,P003,2025-12-19,4,Tarjeta Crédito,Online,Devuelta,6500.0,0
V004489,C01163,P024,2025-04-27,4,Tarjeta Débito,Online,Completada,14500.0,20
V004490,C01176,P022,2025-04-24,2,Tarjeta Crédito,Online,Cancelada,1200.0,20
V004491,C00548,P002,2025-06-22,5,Efectivo,Online,Devuelta,14000.0,5
V004492,C00376,P011,2025-12-19,5,Tarjeta Débito,Tienda,Cancelada,1800.0,10
V004493,C00175,P012,2025-01-26,1,Efectivo,Online,Completada,1700.0,15
V004494,C01111,P002,2025-08-03,1,Tarjeta Crédito,Marketplace,Completada,14000.0,0
V004495,C00011,P011,2025-08-14,5,Transferencia,Online,Devuelta,1800.0,10
V004496,C00457,P026,2025-10-07,5,Tarjeta Crédito,Online,Devuelta,800.0,5
V004497,C00916,P001,2025-11-01,2,Tarjeta Débito,Marketplace,Devuelta,22000.0,0
V004498,C00804,P001,2025-07-19,2,Transferencia,Tienda,Cancelada,22000.0,20
V004499,C00030,P023,2025-10-05,3,Efectivo,Online,Completada,8500.0,5
V004500,C00725,P006,2025-09-16,3,Tarjeta Crédito,Online,Completada,1800.0,0
V004501,C00682,P026,2025-03-14,1,Tarjeta Crédito,Tienda,Completada,800.0,0
V004502,C00482,P010,2025-12-24,1,Tarjeta Crédito,Tienda,Cancelada,4500.0,10
V004503,C01148,P016,2025-12-07,3,Tarjeta Crédito,Tienda,Completada,4500.0,20
V004504,C00991,P027,2025-08-19,4,Tarjeta Crédito,Tienda,Devuelta,6000.0,0
V004505,C01175,P028,2025-06-14,3,Tarjeta Débito,Online,Completada,250.0,5
V004506,C00987,P006,2025-12-28,4,Tarjeta Débito,Tienda,Devuelta,1800.0,15
V004507,C00459,P026,2025-03-22,4,Transferencia,Tienda,Cancelada,800.0,0
V004508,C00324,P006,2025-06-19,3,Tarjeta Débito,Marketplace,Completada,1800.0,5
V004509,C00235,P025,2025-09-10,2,Transferencia,Tienda,Completada,4200.0,0
V004510,C00515,P019,2025-05-20,3,Tarjeta Débito,Tienda,Completada,1800.0,15
V004511,C00203,P011,2025-02-10,4,Tarjeta Débito,Online,Cancelada,1800.0,0
V004512,C00202,P029,2025-05-26,1,Tarjeta Crédito,Tienda,Completada,350.0,0
V004513,C00798,P004,2025-05-02,5,Tarjeta Crédito,Tienda,Completada,9000.0,10
V004514,C00179,P005,2025-10-14,2,Transferencia,Online,Cancelada,12000.0,0
V004515,C00360,P002,2025-10-23,1,Tarjeta Crédito,Marketplace,Completada,14000.0,5
V004516,C00976,P019,2025-12-06,3,Tarjeta Crédito,Online,Completada,1800.0,5
V004517,C00101,P028,2025-04-29,4,Tarjeta Crédito,Marketplace,Devuelta,250.0,20
V004518,C01186,P026,2025-03-05,2,Tarjeta Crédito,Marketplace,Cancelada,800.0,5
V004519,C00831,P017,2025-08-15,3,Tarjeta Débito,Online,Completada,1760.0,10
V004520,C00597,P003,2025-05-09,3,Tarjeta Débito,Online,Cancelada,6500.0,0
V004521,C00184,P027,2025-08-30,5,Tarjeta Débito,Marketplace,Completada,6000.0,10
V004522,C01196,P022,2025-06-03,1,Transferencia,Marketplace,Cancelada,1200.0,15
V004523,C00775,P015,2025-05-23,1,Tarjeta Crédito,Online,Completada,2600.0,0
V004524,C00002,P013,2025-09-01,3,Efectivo,Online,Completada,2200.0,10
V004525,C00772,P012,2025-10-28,5,Transferencia,Online,Completada,1700.0,0
V004526,C00553,P025,2025-05-25,5,Tarjeta Crédito,Tienda,Completada,4200.0,10
V004527,C00385,P008,2025-08-22,1,Tarjeta Crédito,Marketplace,Completada,700.0,20
V004528,C00345,P015,2025-06-12,4,Tarjeta Débito,Online,Completada,2600.0,15
V004529,C01081,P026,2025-01-17,5,Tarjeta Crédito,Online,Cancelada,800.0,5
V004530,C00688,P013,2025-10-20,1,Tarjeta Crédito,Marketplace,Cancelada,2200.0,10
V004531,C00232,P020,2025-09-18,2,Tarjeta Débito,Online,Completada,1500.0,15
V004532,C00362,P004,2025-03-28,2,Transferencia,Online,Completada,9000.0,10
V004533,C00878,P024,2025-04-09,3,Transferencia,Tienda,Cancelada,14500.0,5
V004534,C00464,P008,2025-08-22,5,Tarjeta Crédito,Tienda,Completada,700.0,10
V004535,C00029,P009,2025-10-31,4,Tarjeta Débito,Online,Completada,1300.0,0
V004536,C00070,P027,2025-03-18,2,Tarjeta Débito,Marketplace,Cancelada,6000.0,15
V004537,C00041,P012,2025-11-30,3,Tarjeta Crédito,Online,Cancelada,1700.0,0
V004538,C00351,P016,2025-08-22,3,Tarjeta Crédito,Tienda,Devuelta,4500.0,0
V004539,C00949,P015,2025-09-03,3,Tarjeta Crédito,Tienda,Completada,2600.0,10
V004540,C00033,P012,2025-06-04,5,Tarjeta Débito,Tienda,Cancelada,1700.0,10
V004541,C00598,P019,2025-10-31,5,Tarjeta Crédito,Online,Devuelta,1800.0,10
V004542,C00821,P022,2025-05-24,1,Tarjeta Crédito,Tienda,Completada,1200.0,10
V004543,C00210,P027,2025-12-07,3,Tarjeta Crédito,Tienda,Devuelta,6000.0,5
V004544,C00376,P024,2025-01-17,5,Tarjeta Débito,Online,Devuelta,14500.0,5
V004545,C00554,P026,2025-04-29,2,Tarjeta Débito,Tienda,Completada,800.0,0
V004546,C00150,P023,2025-04-09,4,Tarjeta Débito,Online,Completada,8500.0,10
V004547,C00511,P006,2025-01-31,5,Tarjeta Débito,Tienda,Completada,1800.0,0
V004548,C00976,P001,2025-08-01,5,Tarjeta Débito,Online,Cancelada,22000.0,5
V004549,C00001,P003,2025-03-01,5,Efectivo,Online,Devuelta,6500.0,0
V004550,C00717,P017,2025-12-22,5,Efectivo,Online,Completada,2200.0,0
V004551,C00846,P017,2025-08-14,4,Tarjeta Crédito,Online,Completada,2200.0,0
V004552,C00339,P007,2025-01-15,2,Transferencia,Marketplace,Completada,1400.0,10
V004553,C00166,P023,2025-07-10,2,Efectivo,Online,Cancelada,8500.0,0
V004554,C00594,P018,2025-04-10,4,Tarjeta Crédito,Online,Completada,900.0,5
V004555,C01073,P006,2025-10-13,3,Transferencia,Tienda,Cancelada,1800.0,0
V004556,C00407,P024,2025-09-18,2,Tarjeta Crédito,Marketplace,Completada,14500.0,0
V004557,C00557,P017,2025-02-20,3,Tarjeta Débito,Online,Devuelta,2200.0,15
V004558,C00940,P005,2025-08-10,1,Transferencia,Tienda,Cancelada,12000.0,10
V004559,C00725,P001,2025-05-04,1,Tarjeta Débito,Online,Completada,22000.0,20
V004560,C01003,P017,2025-04-29,3,Tarjeta Débito,Online,Devuelta,2200.0,5
V004561,C00121,P021,2025-05-21,2,Transferencia,Online,Cancelada,11000.0,0
V004562,C00630,P009,2025-05-03,1,Tarjeta Débito,Online,Completada,1300.0,0
V004563,C00039,P012,2025-08-19,2,Tarjeta Crédito,Online,Cancelada,1700.0,5
V004564,C00583,P016,2025-07-31,5,Tarjeta Crédito,Online,Devuelta,4500.0,10
V004565,C00442,P013,2025-01-29,3,Tarjeta Débito,Tienda,Completada,2200.0,0
V004566,C01200,P002,2025-03-07,2,Tarjeta Crédito,Tienda,Cancelada,14000.0,10
V004567,C00750,P017,2025-04-01,1,Transferencia,Online,Completada,2200.0,0
V004568,C00022,P011,2025-09-20,3,Tarjeta Crédito,Online,Cancelada,1800.0,20
V004569,C00180,P013,2025-11-08,4,Tarjeta Débito,Tienda,Completada,2200.0,0
V004570,C00439,P011,2025-09-15,4,Transferencia,Marketplace,Completada,1800.0,0
V004571,C00371,P025,2025-09-23,5,Tarjeta Crédito,Marketplace,Completada,4200.0,10
V004572,C00789,P011,2025-09-11,3,Tarjeta Crédito,Marketplace,Completada,1800.0,0
V004573,C00389,P019,2025-10-24,3,Tarjeta Crédito,Tienda,Devuelta,1800.0,0
V004574,C00350,P002,2025-07-26,3,Tarjeta Débito,Online,Devuelta,14000.0,0
V004575,C00827,P027,2025-10-08,5,Tarjeta Crédito,Online,Completada,6000.0,10
V004576,C00202,P014,2025-04-19,1,Efectivo,Online,Devuelta,5500.0,15
V004577,C00362,P017,2025-04-26,2,Tarjeta Crédito,Online,Devuelta,2200.0,15
V004578,C00165,P004,2025-03-05,3,Tarjeta Crédito,Marketplace,Completada,9000.0,0
V004579,C00331,P005,2025-02-14,5,Tarjeta Crédito,Online,Devuelta,12000.0,0
V004580,C00024,P005,2025-10-02,5,Transferencia,Online,Devuelta,12000.0,0
V004581,C00406,P004,2025-11-07,1,Tarjeta Débito,Tienda,Cancelada,9000.0,10
V004582,C00552,P010,2025-03-06,1,Tarjeta Crédito,Tienda,Completada,4500.0,5
V004583,C00833,P018,2025-08-07,3,Tarjeta Crédito,Tienda,Completada,900.0,5
V004584,C00333,P025,2025-08-18,1,Tarjeta Crédito,Tienda,Completada,4200.0,20
V004585,C00747,P003,2025-03-28,4,Tarjeta Crédito,Marketplace,Completada,6500.0,15
V004586,C00825,P011,2025-07-09,4,Transferencia,Online,Devuelta,1440.0,0
V004587,C00133,P004,2025-03-12,4,Tarjeta Débito,Tienda,Completada,9000.0,10
V004588,C00940,P030,2025-05-13,1,Tarjeta Débito,Online,Devuelta,3200.0,5
V004589,C01109,P016,2025-02-21,4,Efectivo,Tienda,Completada,4500.0,10
V004590,C00538,P008,2025-03-01,2,Tarjeta Débito,Online,Completada,700.0,0
V004591,C00402,P021,2025-12-19,5,Transferencia,Online,Devuelta,11000.0,10
V004592,C00407,P008,2025-07-30,2,Tarjeta Crédito,Online,Completada,700.0,0
V004593,C01037,P019,2025-02-03,3,Tarjeta Débito,Tienda,Completada,1800.0,0
V004594,C00902,P014,2025-07-25,3,Tarjeta Débito,Tienda,Completada,5500.0,0
V004595,C00751,P019,2025-05-04,2,Tarjeta Crédito,Marketplace,Completada,1800.0,10
V004596,C00265,P002,2025-08-17,1,Tarjeta Crédito,Online,Completada,14000.0,0
V004597,C00447,P003,2025-03-28,2,Tarjeta Débito,Online,Completada,6500.0,0
V004598,C00294,P028,2025-01-23,5,Transferencia,Online,Cancelada,250.0,0
V004599,C00432,P023,2025-01-22,2,Tarjeta Débito,Marketplace,Devuelta,8500.0,0
V004600,C00310,P008,2025-04-23,4,Tarjeta Débito,Online,Completada,700.0,5
V004601,C00677,P012,2025-05-17,2,Efectivo,Online,Cancelada,1700.0,15
V004602,C00612,P004,2025-12-29,2,Tarjeta Débito,Online,Devuelta,9000.0,5
V004603,C01127,P029,2025-12-20,4,Tarjeta Crédito,Online,Completada,350.0,15
V004604,C00344,P011,2025-03-21,5,Tarjeta Débito,Online,Completada,1800.0,20
V004605,C01137,P023,2025-07-18,3,Transferencia,Online,Completada,8500.0,0
V004606,C00528,P030,2025-03-24,5,Tarjeta Débito,Online,Completada,3200.0,0
V004607,C00982,P013,2025-06-12,4,Efectivo,Online,Completada,2200.0,10
V004608,C00730,P027,2025-10-06,4,Tarjeta Débito,Online,Completada,6000.0,5
V004609,C00601,P001,2025-08-31,3,Efectivo,Online,Completada,22000.0,0
V004610,C00258,P010,2025-12-31,4,Tarjeta Débito,Online,Completada,4500.0,0
V004611,C00791,P023,2025-02-07,1,Tarjeta Crédito,Online,Cancelada,8500.0,0
V004612,C00447,P020,2025-09-28,5,Transferencia,Tienda,Devuelta,1500.0,0
V004613,C00327,P002,2025-12-04,5,Tarjeta Débito,Online,Completada,14000.0,15
V004614,C00353,P016,2025-12-20,4,Tarjeta Crédito,Online,Completada,4500.0,5
V004615,C00080,P027,2025-10-25,5,Tarjeta Crédito,Marketplace,Completada,6000.0,20
V004616,C00865,P022,2025-11-03,4,Tarjeta Crédito,Tienda,Completada,1200.0,10
V004617,C00414,P014,2025-10-24,3,Tarjeta Crédito,Online,Completada,5500.0,15
V004618,C01046,P024,2025-03-06,5,Tarjeta Crédito,Tienda,Cancelada,14500.0,0
V004619,C00086,P011,2025-11-24,2,Tarjeta Débito,Online,Completada,1800.0,15
V004620,C00030,P029,2025-07-19,2,Transferencia,Marketplace,Completada,350.0,5
V004621,C01139,P016,2025-01-23,4,Tarjeta Crédito,Online,Completada,4500.0,5
V004622,C00585,P013,2025-03-06,1,Tarjeta Crédito,Online,Completada,2200.0,5
V004623,C00032,P016,2025-04-01,3,Tarjeta Crédito,Online,Completada,4500.0,10
V004624,C00689,P010,2025-06-03,1,Tarjeta Débito,Online,Completada,4500.0,5
V004625,C00164,P012,2025-03-17,3,Tarjeta Crédito,Online,Completada,1700.0,10
V004626,C00350,P022,2025-09-13,5,Tarjeta Débito,Tienda,Completada,1200.0,5
V004627,C00415,P013,2025-02-19,4,Efectivo,Tienda,Cancelada,2200.0,0
V004628,C01079,P030,2025-08-16,3,Efectivo,Marketplace,Devuelta,3200.0,5
V004629,C00630,P026,2025-05-10,2,Tarjeta Débito,Online,Cancelada,800.0,5
V004630,C01098,P007,2025-11-15,3,Tarjeta Crédito,Tienda,Devuelta,1400.0,10
V004631,C00781,P016,2025-06-18,5,Tarjeta Débito,Online,Completada,4500.0,20
V004632,C00219,P009,2025-11-14,5,Tarjeta Crédito,Tienda,Completada,1300.0,10
V004633,C01028,P019,2025-07-16,1,Tarjeta Crédito,Tienda,Completada,1800.0,0
V004634,C00997,P030,2025-09-24,4,Transferencia,Marketplace,Completada,3200.0,5
V004635,C00975,P025,2025-03-30,3,Tarjeta Crédito,Online,Devuelta,4200.0,5
V004636,C00412,P004,2025-10-11,5,Tarjeta Débito,Online,Completada,9000.0,5
V004637,C01185,P030,2025-06-25,5,Efectivo,Marketplace,Devuelta,3200.0,15
V004638,C00881,P027,2025-07-29,4,Tarjeta Débito,Online,Completada,6000.0,5
V004639,C01196,P008,2025-05-12,5,Tarjeta Crédito,Online,Devuelta,700.0,10
V004640,C00812,P021,2025-04-05,4,Tarjeta Débito,Online,Completada,11000.0,5
V004641,C00971,P015,2025-11-28,2,Tarjeta Débito,Online,Devuelta,2600.0,10
V004642,C00540,P029,2025-06-22,1,Efectivo,Marketplace,Completada,350.0,0
V004643,C00581,P011,2025-02-19,3,Tarjeta Crédito,Online,Completada,1800.0,10
V004644,C00732,P003,2025-05-25,3,Tarjeta Débito,Tienda,Devuelta,6500.0,10
V004645,C00307,P026,2025-01-04,2,Tarjeta Crédito,Online,Completada,800.0,0
V004646,C00735,P021,2025-06-26,4,Tarjeta Débito,Tienda,Devuelta,9900.0,5
V004647,C00558,P018,2025-05-17,2,Tarjeta Crédito,Online,Completada,900.0,5
V004648,C00686,P008,2025-01-28,3,Tarjeta Débito,Online,Completada,700.0,15
V004649,C00992,P001,2025-12-16,4,Efectivo,Marketplace,Completada,22000.0,0
V004650,C00613,P019,2025-11-01,3,Transferencia,Tienda,Devuelta,1800.0,10
V004651,C00538,P022,2025-05-31,3,Tarjeta Débito,Tienda,Devuelta,1200.0,5
V004652,C01043,P011,2025-05-18,5,Tarjeta Crédito,Online,Devuelta,1800.0,0
V004653,C00212,P017,2025-03-08,2,Tarjeta Débito,Online,Completada,2200.0,10
V004654,C00614,P010,2025-08-26,1,Efectivo,Marketplace,Completada,4500.0,5
V004655,C00387,P025,2025-03-27,5,Tarjeta Crédito,Marketplace,Completada,4200.0,5
V004656,C00366,P002,2025-06-03,1,Tarjeta Crédito,Online,Completada,14000.0,5
V004657,C00658,P022,2025-10-28,2,Tarjeta Crédito,Tienda,Cancelada,1200.0,10
V004658,C00102,P027,2025-10-09,5,Tarjeta Crédito,Online,Completada,6000.0,10
V004659,C00154,P006,2025-12-16,3,Tarjeta Débito,Tienda,Devuelta,1800.0,10
V004660,C01144,P001,2025-06-12,1,Tarjeta Crédito,Online,Completada,22000.0,0
V004661,C00981,P019,2025-07-30,1,Efectivo,Marketplace,Completada,1800.0,0
V004662,C00537,P010,2025-09-28,1,Tarjeta Crédito,Online,Cancelada,4500.0,0
V004663,C00789,P014,2025-05-29,5,Tarjeta Crédito,Online,Completada,5500.0,0
V004664,C00948,P024,2025-05-17,5,Tarjeta Débito,Online,Completada,14500.0,0
V004665,C00414,P028,2025-01-10,5,Tarjeta Crédito,Tienda,Devuelta,250.0,10
V004666,C00414,P020,2025-02-05,4,Tarjeta Crédito,Tienda,Completada,1500.0,0
V004667,C00544,P014,2025-04-19,3,Transferencia,Tienda,Completada,5500.0,0
V004668,C00624,P019,2025-05-16,4,Tarjeta Crédito,Online,Completada,1800.0,0
V004669,C00015,P012,2025-03-25,1,Tarjeta Débito,Tienda,Completada,1700.0,0
V004670,C01154,P028,2025-09-13,2,Tarjeta Crédito,Online,Completada,250.0,20
V004671,C00233,P011,2025-09-27,5,Tarjeta Crédito,Online,Cancelada,1800.0,15
V004672,C00726,P026,2025-05-05,3,Tarjeta Débito,Tienda,Cancelada,800.0,5
V004673,C00130,P008,2025-03-04,4,Efectivo,Marketplace,Cancelada,700.0,10
V004674,C01126,P023,2025-07-07,2,Tarjeta Débito,Online,Completada,8500.0,0
V004675,C00816,P028,2025-09-18,1,Tarjeta Crédito,Online,Cancelada,250.0,0
V004676,C00584,P030,2025-03-15,1,Tarjeta Crédito,Online,Completada,3200.0,5
V004677,C00942,P013,2025-08-25,3,Transferencia,Tienda,Completada,2200.0,5
V004678,C00521,P021,2025-09-28,1,Transferencia,Tienda,Cancelada,11000.0,0
V004679,C00274,P001,2025-11-13,1,Tarjeta Crédito,Tienda,Completada,22000.0,10
V004680,C00906,P002,2025-10-29,5,Tarjeta Crédito,Online,Completada,14000.0,5
V004681,C00810,P016,2025-12-13,5,Tarjeta Débito,Online,Cancelada,4500.0,0
V004682,C00305,P008,2025-03-27,2,Tarjeta Crédito,Tienda,Cancelada,700.0,0
V004683,C00053,P028,2025-02-15,4,Efectivo,Marketplace,Completada,250.0,0
V004684,C00732,P014,2025-03-25,1,Efectivo,Online,Completada,5500.0,15
V004685,C00913,P009,2025-05-29,1,Tarjeta Crédito,Marketplace,Devuelta,1300.0,10
V004686,C00046,P023,2025-09-15,3,Tarjeta Débito,Online,Completada,8500.0,5
V004687,C01084,P029,2025-01-08,4,Efectivo,Online,Completada,350.0,5
V004688,C00962,P022,2025-10-31,3,Transferencia,Tienda,Cancelada,1200.0,10
V004689,C00451,P009,2025-12-13,5,Tarjeta Débito,Marketplace,Completada,1300.0,0
V004690,C00035,P014,2025-11-01,2,Transferencia,Marketplace,Completada,5500.0,0
V004691,C00219,P005,2025-09-26,2,Efectivo,Tienda,Devuelta,12000.0,5
V004692,C00069,P025,2025-06-07,4,Transferencia,Marketplace,Devuelta,4200.0,5
V004693,C01027,P007,2025-05-22,1,Transferencia,Online,Completada,1400.0,5
V004694,C00017,P014,2025-11-17,4,Tarjeta Crédito,Online,Completada,5500.0,5
V004695,C00894,P001,2025-12-18,3,Tarjeta Crédito,Marketplace,Devuelta,22000.0,5
V004696,C00876,P006,2025-11-28,5,Tarjeta Débito,Marketplace,Cancelada,1800.0,10
V004697,C00954,P018,2025-12-02,4,Transferencia,Tienda,Completada,900.0,5
V004698,C00022,P029,2025-08-25,5,Tarjeta Débito,Tienda,Completada,350.0,0
V004699,C00830,P017,2025-01-09,2,Tarjeta Débito,Online,Devuelta,2200.0,15
V004700,C01072,P020,2025-08-11,3,Tarjeta Débito,Tienda,Completada,1500.0,5
V004701,C00007,P019,2025-09-19,3,Tarjeta Débito,Online,Devuelta,1620.0,0
V004702,C00927,P009,2025-01-12,2,Tarjeta Débito,Online,Devuelta,1300.0,0
V004703,C00857,P023,2025-01-11,5,Transferencia,Tienda,Completada,8500.0,0
V004704,C00520,P005,2025-12-18,2,Efectivo,Online,Devuelta,12000.0,5
V004705,C00600,P026,2025-12-16,1,Tarjeta Débito,Tienda,Completada,800.0,5
V004706,C00031,P001,2025-08-08,2,Transferencia,Online,Completada,22000.0,5
V004707,C00714,P017,2025-11-11,1,Transferencia,Marketplace,Completada,2200.0,10
V004708,C00932,P025,2025-01-09,4,Tarjeta Débito,Tienda,Cancelada,4200.0,5
V004709,C00866,P030,2025-03-10,1,Tarjeta Débito,Online,Completada,3200.0,0
V004710,C00015,P003,2025-12-10,3,Tarjeta Crédito,Online,Completada,6500.0,0
V004711,C00083,P003,2025-12-09,1,Tarjeta Débito,Tienda,Completada,6500.0,0
V004712,C00025,P022,2025-12-11,2,Tarjeta Crédito,Tienda,Completada,1200.0,15
V004713,C01048,P027,2025-10-24,1,Tarjeta Débito,Online,Completada,6000.0,10
V004714,C00344,P020,2025-01-28,2,Tarjeta Débito,Marketplace,Completada,1500.0,5
V004715,C00865,P028,2025-04-29,3,Tarjeta Crédito,Online,Completada,250.0,10
V004716,C00709,P009,2025-09-22,3,Tarjeta Crédito,Marketplace,Completada,1300.0,0
V004717,C01026,P005,2025-08-16,1,Tarjeta Crédito,Online,Completada,12000.0,0
V004718,C00882,P009,2025-04-16,5,Tarjeta Débito,Marketplace,Completada,1300.0,5
V004719,C01097,P005,2025-11-24,1,Transferencia,Marketplace,Cancelada,12000.0,5
V004720,C01026,P027,2025-06-25,1,Tarjeta Débito,Online,Completada,6000.0,0
V004721,C00940,P011,2025-01-23,3,Transferencia,Online,Completada,1800.0,0
V004722,C00812,P019,2025-09-27,1,Tarjeta Débito,Online,Completada,1800.0,15
V004723,C01159,P013,2025-08-16,4,Tarjeta Crédito,Online,Completada,2200.0,0
V004724,C01017,P001,2025-09-30,2,Tarjeta Débito,Online,Completada,22000.0,0
V004725,C00343,P008,2025-01-05,1,Tarjeta Débito,Marketplace,Cancelada,700.0,0
V004726,C01024,P024,2025-12-24,5,Tarjeta Crédito,Online,Completada,14500.0,15
V004727,C01093,P010,2025-11-11,1,Tarjeta Crédito,Online,Devuelta,4500.0,0
V004728,C00383,P009,2025-09-29,1,Efectivo,Tienda,Cancelada,1300.0,10
V004729,C00510,P006,2025-07-14,3,Tarjeta Débito,Online,Completada,1800.0,5
V004730,C00439,P012,2025-10-25,5,Tarjeta Crédito,Online,Devuelta,1700.0,0
V004731,C00733,P003,2025-11-09,1,Efectivo,Online,Completada,6500.0,5
V004732,C00136,P028,2025-03-12,5,Tarjeta Crédito,Tienda,Cancelada,250.0,10
V004733,C00973,P022,2025-05-15,4,Tarjeta Crédito,Marketplace,Completada,1200.0,0
V004734,C00795,P014,2025-10-01,1,Tarjeta Crédito,Online,Completada,5500.0,5
V004735,C00649,P029,2025-03-24,1,Transferencia,Marketplace,Completada,350.0,5
V004736,C01019,P006,2025-03-24,3,Tarjeta Débito,Online,Completada,1800.0,0
V004737,C00099,P012,2025-02-19,5,Tarjeta Débito,Tienda,Cancelada,1700.0,5
V004738,C00456,P019,2025-02-20,1,Tarjeta Débito,Online,Cancelada,1800.0,0
V004739,C01041,P004,2025-06-16,2,Transferencia,Online,Completada,9900.0,20
V004740,C00662,P013,2025-04-26,3,Tarjeta Débito,Tienda,Completada,2200.0,0
V004741,C00530,P007,2025-03-24,2,Tarjeta Crédito,Tienda,Completada,1400.0,0
V004742,C01136,P018,2025-09-25,1,Transferencia,Online,Completada,900.0,0
V004743,C00811,P003,2025-02-09,1,Transferencia,Online,Completada,6500.0,10
V004744,C00356,P014,2025-08-22,3,Tarjeta Débito,Tienda,Completada,5500.0,20
V004745,C00199,P016,2025-03-14,2,Tarjeta Crédito,Marketplace,Completada,4500.0,5
V004746,C00292,P025,2025-05-15,5,Tarjeta Débito,Marketplace,Cancelada,4200.0,15
V004747,C01002,P004,2025-06-29,2,Tarjeta Débito,Tienda,Completada,9000.0,15
V004748,C00540,P016,2025-01-16,2,Tarjeta Débito,Marketplace,Cancelada,4500.0,10
V004749,C00026,P002,2025-07-07,4,Efectivo,Tienda,Completada,14000.0,15
V004750,C01139,P002,2025-03-12,3,Tarjeta Crédito,Marketplace,Cancelada,14000.0,5
V004751,C00912,P030,2025-01-15,3,Tarjeta Débito,Online,Devuelta,3200.0,10
V004752,C01108,P023,2025-06-30,4,Tarjeta Crédito,Online,Devuelta,8500.0,10
V004753,C01012,P010,2025-09-02,1,Transferencia,Online,Completada,4500.0,15
V004754,C00285,P018,2025-08-29,2,Tarjeta Crédito,Marketplace,Completada,900.0,5
V004755,C00470,P006,2025-12-13,2,Tarjeta Crédito,Online,Completada,1800.0,5
V004756,C00676,P003,2025-05-03,5,Tarjeta Débito,Tienda,Completada,6500.0,10
V004757,C00919,P001,2025-11-09,2,Tarjeta Débito,Online,Devuelta,22000.0,15
V004758,C00480,P027,2025-02-24,5,Tarjeta Crédito,Marketplace,Devuelta,6000.0,20
V004759,C00007,P003,2025-04-25,1,Tarjeta Crédito,Online,Cancelada,6500.0,10
V004760,C00518,P011,2025-03-04,5,Transferencia,Online,Completada,1800.0,0
V004761,C01009,P026,2025-06-02,1,Tarjeta Crédito,Marketplace,Cancelada,800.0,5
V004762,C00069,P030,2025-09-03,5,Tarjeta Débito,Tienda,Completada,3200.0,10
V004763,C00143,P016,2025-03-22,2,Transferencia,Online,Completada,4500.0,0
V004764,C01016,P024,2025-06-10,5,Transferencia,Online,Completada,14500.0,0
V004765,C00557,P008,2025-04-05,4,Tarjeta Crédito,Online,Completada,700.0,5
V004766,C00179,P025,2025-09-06,5,Tarjeta Crédito,Marketplace,Cancelada,4200.0,20
V004767,C00216,P025,2025-08-05,4,Tarjeta Crédito,Online,Devuelta,4200.0,0
V004768,C00905,P025,2025-03-23,3,Tarjeta Débito,Tienda,Completada,3780.0,0
V004769,C01087,P018,2025-06-09,5,Tarjeta Débito,Online,Cancelada,900.0,0
V004770,C00679,P001,2025-09-24,3,Tarjeta Crédito,Online,Cancelada,22000.0,5
V004771,C00010,P023,2025-08-27,4,Tarjeta Crédito,Online,Completada,8500.0,0
V004772,C00234,P029,2025-03-22,2,Tarjeta Débito,Online,Completada,350.0,5
V004773,C00356,P025,2025-04-13,3,Transferencia,Online,Completada,4200.0,5
V004774,C01098,P010,2025-08-19,5,Tarjeta Crédito,Online,Completada,4500.0,20
V004775,C00570,P009,2025-09-12,2,Tarjeta Crédito,Tienda,Devuelta,1300.0,15
V004776,C00563,P001,2025-12-21,1,Tarjeta Débito,Marketplace,Devuelta,22000.0,0
V004777,C00196,P014,2025-06-18,2,Transferencia,Online,Completada,5500.0,0
V004778,C01093,P025,2025-01-21,1,Transferencia,Marketplace,Completada,4200.0,5
V004779,C00167,P026,2025-04-29,5,Tarjeta Débito,Online,Completada,800.0,5
V004780,C00492,P008,2025-05-25,2,Tarjeta Crédito,Tienda,Completada,700.0,0
V004781,C00157,P022,2025-12-30,3,Transferencia,Tienda,Devuelta,1200.0,0
V004782,C00626,P001,2025-04-24,5,Tarjeta Crédito,Online,Cancelada,22000.0,5
V004783,C00315,P017,2025-06-21,3,Tarjeta Crédito,Online,Completada,2200.0,0
V004784,C01160,P021,2025-01-07,2,Transferencia,Marketplace,Completada,11000.0,5
V004785,C01107,P009,2025-01-19,3,Transferencia,Online,Completada,1300.0,0
V004786,C00910,P015,2025-01-10,2,Tarjeta Débito,Tienda,Completada,2600.0,0
V004787,C00747,P030,2025-12-30,1,Tarjeta Crédito,Online,Completada,3200.0,10
V004788,C00365,P016,2025-01-16,1,Tarjeta Crédito,Tienda,Cancelada,4500.0,5
V004789,C00196,P002,2025-08-23,1,Tarjeta Crédito,Tienda,Completada,14000.0,5
V004790,C00633,P016,2025-12-25,5,Tarjeta Débito,Online,Completada,4500.0,5
V004791,C00694,P004,2025-04-21,2,Tarjeta Débito,Online,Completada,9000.0,0
V004792,C00460,P030,2025-02-22,4,Efectivo,Online,Devuelta,3200.0,0
V004793,C00740,P028,2025-01-06,3,Tarjeta Crédito,Tienda,Devuelta,250.0,10
V004794,C00986,P027,2025-12-01,1,Transferencia,Online,Completada,6000.0,0
V004795,C00280,P009,2025-04-24,5,Tarjeta Crédito,Online,Completada,1300.0,10
V004796,C00244,P026,2025-11-05,1,Tarjeta Débito,Tienda,Completada,800.0,10
V004797,C00979,P014,2025-01-27,3,Tarjeta Débito,Tienda,Completada,5500.0,0
V004798,C00332,P025,2025-12-02,3,Transferencia,Tienda,Completada,4200.0,0
V004799,C00488,P015,2025-04-02,5,Tarjeta Débito,Marketplace,Completada,2600.0,20
V004800,C00493,P021,2025-10-12,2,Tarjeta Débito,Marketplace,Cancelada,11000.0,0
V004801,C00630,P019,2025-07-12,1,Efectivo,Tienda,Completada,1800.0,0
V004802,C00268,P018,2025-04-16,2,Tarjeta Crédito,Marketplace,Completada,900.0,15
V004803,C00481,P014,2025-01-23,1,Tarjeta Débito,Online,Devuelta,5500.0,15
V004804,C00938,P003,2025-05-28,1,Transferencia,Tienda,Completada,6500.0,0
V004805,C01070,P021,2025-08-04,1,Tarjeta Crédito,Online,Completada,11000.0,5
V004806,C01061,P009,2025-11-22,5,Tarjeta Crédito,Tienda,Cancelada,1300.0,10
V004807,C00219,P027,2025-09-20,2,Tarjeta Crédito,Online,Completada,6000.0,10
V004808,C01032,P016,2025-09-27,4,Tarjeta Débito,Marketplace,Cancelada,4500.0,0
V004809,C00787,P002,2025-09-08,5,Efectivo,Online,Completada,14000.0,0
V004810,C00379,P010,2025-09-01,3,Efectivo,Online,Completada,4500.0,5
V004811,C00435,P013,2025-03-30,2,Tarjeta Débito,Marketplace,Completada,2200.0,0
V004812,C00725,P020,2025-10-25,4,Transferencia,Online,Completada,1500.0,10
V004813,C00388,P019,2025-03-20,2,Transferencia,Tienda,Cancelada,1800.0,5
V004814,C00024,P021,2025-04-01,1,Tarjeta Débito,Tienda,Completada,11000.0,20
V004815,C00927,P012,2025-11-14,2,Transferencia,Tienda,Cancelada,1700.0,15
V004816,C00550,P003,2025-08-23,5,Transferencia,Online,Cancelada,6500.0,10
V004817,C00586,P007,2025-10-19,2,Tarjeta Crédito,Tienda,Cancelada,1400.0,0
V004818,C00208,P019,2025-12-02,4,Efectivo,Tienda,Completada,1800.0,5
V004819,C00115,P021,2025-11-21,4,Tarjeta Crédito,Online,Completada,11000.0,15
V004820,C00940,P010,2025-02-06,5,Tarjeta Crédito,Online,Completada,4500.0,5
V004821,C00456,P006,2025-11-09,1,Tarjeta Crédito,Tienda,Completada,1800.0,10
V004822,C00077,P025,2025-11-10,3,Tarjeta Débito,Tienda,Completada,4200.0,0
V004823,C01059,P007,2025-11-02,5,Transferencia,Tienda,Devuelta,1400.0,10
V004824,C00643,P011,2025-05-27,4,Tarjeta Crédito,Online,Completada,1800.0,10
V004825,C00849,P013,2025-05-15,3,Tarjeta Crédito,Online,Completada,2200.0,20
V004826,C00703,P020,2025-02-18,1,Transferencia,Marketplace,Cancelada,1500.0,0
V004827,C00072,P018,2025-09-27,1,Efectivo,Tienda,Completada,900.0,0
V004828,C00050,P008,2025-09-29,3,Tarjeta Débito,Online,Completada,700.0,0
V004829,C00478,P010,2025-06-08,4,Efectivo,Tienda,Completada,4500.0,0
V004830,C00298,P010,2025-09-04,1,Transferencia,Online,Devuelta,4500.0,0
V004831,C00303,P005,2025-01-10,2,Transferencia,Online,Devuelta,12000.0,10
V004832,C00808,P017,2025-12-06,2,Tarjeta Crédito,Online,Completada,2200.0,0
V004833,C00272,P012,2025-01-11,4,Tarjeta Crédito,Marketplace,Completada,1700.0,0
V004834,C01054,P010,2025-05-18,5,Transferencia,Tienda,Completada,4500.0,0
V004835,C00076,P017,2025-10-30,4,Transferencia,Online,Completada,2200.0,0
V004836,C01063,P015,2025-06-15,2,Tarjeta Débito,Online,Completada,2600.0,10
V004837,C00190,P009,2025-12-21,1,Tarjeta Crédito,Tienda,Completada,1300.0,0
V004838,C00753,P019,2025-04-23,5,Tarjeta Débito,Online,Completada,1800.0,15
V004839,C00413,P024,2025-06-23,5,Tarjeta Crédito,Tienda,Completada,14500.0,15
V004840,C00587,P008,2025-04-01,1,Tarjeta Débito,Online,Completada,700.0,5
V004841,C00858,P028,2025-02-08,3,Tarjeta Débito,Tienda,Completada,250.0,15
V004842,C00605,P016,2025-02-08,2,Transferencia,Online,Devuelta,4500.0,5
V004843,C00136,P009,2025-03-08,1,Tarjeta Crédito,Marketplace,Completada,1300.0,5
V004844,C00262,P019,2025-07-22,1,Transferencia,Tienda,Devuelta,1800.0,0
V004845,C01104,P025,2025-01-03,5,Tarjeta Crédito,Tienda,Devuelta,4200.0,5
V004846,C00123,P026,2025-07-13,5,Tarjeta Débito,Marketplace,Devuelta,800.0,0
V004847,C00626,P009,2025-01-09,4,Transferencia,Online,Completada,1300.0,5
V004848,C00277,P017,2025-03-12,4,Tarjeta Débito,Tienda,Devuelta,2200.0,15
V004849,C00913,P018,2025-01-24,4,Tarjeta Crédito,Online,Cancelada,900.0,0
V004850,C00582,P012,2025-02-06,5,Tarjeta Crédito,Online,Completada,1700.0,0
V004851,C00397,P003,2025-08-21,3,Tarjeta Débito,Marketplace,Cancelada,6500.0,20
V004852,C00181,P021,2025-07-25,5,Tarjeta Débito,Tienda,Devuelta,11000.0,10
V004853,C00920,P028,2025-02-08,2,Tarjeta Crédito,Online,Completada,250.0,5
V004854,C00874,P005,2025-08-30,3,Tarjeta Crédito,Online,Completada,12000.0,15
V004855,C01082,P001,2025-10-08,3,Tarjeta Crédito,Online,Completada,22000.0,5
V004856,C00531,P013,2025-05-25,5,Transferencia,Tienda,Completada,2200.0,15
V004857,C00123,P027,2025-05-25,2,Tarjeta Crédito,Online,Cancelada,6000.0,5
V004858,C00286,P002,2025-10-29,3,Transferencia,Online,Devuelta,14000.0,15
V004859,C00445,P021,2025-11-30,5,Tarjeta Crédito,Online,Completada,11000.0,0
V004860,C00716,P028,2025-08-04,2,Efectivo,Tienda,Completada,250.0,10
V004861,C00809,P005,2025-08-03,1,Transferencia,Marketplace,Cancelada,12000.0,0
V004862,C01084,P026,2025-10-09,5,Efectivo,Tienda,Cancelada,800.0,0
V004863,C01112,P012,2025-12-16,4,Tarjeta Crédito,Tienda,Completada,1700.0,5
V004864,C00827,P010,2025-06-04,4,Tarjeta Crédito,Tienda,Completada,4500.0,0
V004865,C00587,P013,2025-12-21,1,Efectivo,Marketplace,Completada,2200.0,0
V004866,C01117,P028,2025-12-06,4,Transferencia,Online,Completada,250.0,5
V004867,C00785,P019,2025-11-06,5,Tarjeta Débito,Tienda,Completada,1800.0,0
V004868,C00669,P012,2025-05-13,2,Tarjeta Crédito,Online,Devuelta,1700.0,5
V004869,C00490,P001,2025-08-07,1,Tarjeta Débito,Online,Completada,22000.0,5
V004870,C00591,P027,2025-10-08,1,Tarjeta Débito,Marketplace,Completada,6000.0,5
V004871,C00735,P006,2025-10-01,3,Transferencia,Tienda,Cancelada,1800.0,5
V004872,C00338,P019,2025-01-11,4,Tarjeta Crédito,Tienda,Devuelta,1800.0,0
V004873,C00683,P027,2025-06-24,4,Transferencia,Marketplace,Completada,6600.000000000001,0
V004874,C00012,P005,2025-09-05,1,Tarjeta Crédito,Tienda,Cancelada,12000.0,15
V004875,C01122,P010,2025-10-21,1,Tarjeta Débito,Tienda,Cancelada,4500.0,0
V004876,C00186,P006,2025-03-24,3,Tarjeta Crédito,Tienda,Completada,1800.0,15
V004877,C00747,P008,2025-09-10,1,Tarjeta Crédito,Marketplace,Completada,700.0,0
V004878,C00015,P024,2025-08-20,3,Tarjeta Crédito,Online,Completada,14500.0,20
V004879,C00202,P020,2025-10-15,3,Transferencia,Online,Completada,1500.0,0
V004880,C00166,P017,2025-11-04,2,Tarjeta Débito,Tienda,Completada,2200.0,5
V004881,C00606,P018,2025-03-20,3,Tarjeta Débito,Tienda,Completada,900.0,0
V004882,C01160,P008,2025-01-18,2,Tarjeta Débito,Online,Completada,700.0,5
V004883,C01132,P022,2025-09-26,4,Efectivo,Tienda,Cancelada,1200.0,5
V004884,C00442,P027,2025-07-22,4,Efectivo,Online,Completada,6000.0,5
V004885,C00847,P012,2025-02-15,4,Tarjeta Crédito,Tienda,Devuelta,1700.0,5
V004886,C00414,P011,2025-01-30,5,Transferencia,Marketplace,Completada,1800.0,0
V004887,C00320,P003,2025-05-10,2,Tarjeta Débito,Online,Completada,6500.0,10
V004888,C00510,P023,2025-07-22,1,Tarjeta Crédito,Online,Completada,8500.0,0
V004889,C00973,P004,2025-10-16,5,Tarjeta Crédito,Marketplace,Completada,9000.0,0
V004890,C01070,P019,2025-05-16,5,Tarjeta Crédito,Marketplace,Cancelada,1800.0,0
V004891,C00810,P006,2025-11-20,5,Tarjeta Débito,Tienda,Completada,1800.0,0
V004892,C00011,P013,2025-11-16,2,Tarjeta Crédito,Online,Devuelta,2200.0,5
V004893,C00489,P007,2025-02-01,4,Tarjeta Crédito,Marketplace,Devuelta,1400.0,15
V004894,C00158,P021,2025-06-03,4,Transferencia,Tienda,Completada,11000.0,5
V004895,C00114,P021,2025-11-21,3,Tarjeta Crédito,Tienda,Cancelada,11000.0,10
V004896,C00881,P010,2025-03-13,4,Tarjeta Débito,Online,Completada,4500.0,0
V004897,C00045,P015,2025-02-08,1,Transferencia,Online,Completada,2600.0,5
V004898,C00021,P024,2025-02-23,2,Tarjeta Débito,Online,Completada,14500.0,0
V004899,C01182,P027,2025-06-01,5,Tarjeta Crédito,Online,Devuelta,6000.0,5
V004900,C00385,P008,2025-01-02,2,Tarjeta Crédito,Online,Devuelta,700.0,10
V004901,C00751,P013,2025-02-01,5,Transferencia,Marketplace,Completada,2200.0,5
V004902,C00150,P019,2025-05-15,2,Tarjeta Crédito,Online,Completada,1800.0,20
V004903,C00260,P023,2025-10-25,2,Tarjeta Crédito,Tienda,Devuelta,8500.0,0
V004904,C00009,P021,2025-03-09,5,Tarjeta Débito,Online,Completada,11000.0,0
V004905,C00322,P006,2025-09-22,3,Transferencia,Marketplace,Cancelada,1800.0,0
V004906,C00748,P024,2025-10-03,1,Transferencia,Online,Devuelta,14500.0,5
V004907,C00336,P003,2025-10-17,4,Tarjeta Débito,Tienda,Devuelta,6500.0,5
V004908,C00938,P014,2025-05-10,1,Tarjeta Crédito,Online,Completada,5500.0,0
V004909,C00859,P030,2025-08-14,3,Efectivo,Tienda,Completada,3200.0,0
V004910,C01037,P016,2025-12-04,5,Tarjeta Crédito,Online,Cancelada,4500.0,0
V004911,C00391,P004,2025-09-04,5,Transferencia,Tienda,Completada,9000.0,0
V004912,C00452,P018,2025-04-21,5,Tarjeta Crédito,Online,Completada,900.0,5
V004913,C00908,P022,2025-05-28,3,Efectivo,Online,Completada,1200.0,5
V004914,C00539,P018,2025-03-31,2,Tarjeta Débito,Marketplace,Cancelada,900.0,0
V004915,C01084,P027,2025-04-20,5,Tarjeta Débito,Marketplace,Cancelada,6000.0,10
V004916,C00678,P018,2025-03-28,4,Tarjeta Débito,Tienda,Completada,900.0,0
V004917,C00649,P028,2025-05-01,5,Tarjeta Crédito,Marketplace,Completada,250.0,0
V004918,C00178,P021,2025-06-18,1,Efectivo,Tienda,Completada,11000.0,0
V004919,C00040,P028,2025-05-28,1,Tarjeta Débito,Marketplace,Completada,250.0,15
V004920,C00727,P014,2025-09-01,4,Transferencia,Online,Devuelta,5500.0,10
V004921,C00998,P028,2025-05-26,2,Tarjeta Crédito,Online,Cancelada,250.0,0
V004922,C00643,P011,2025-06-12,4,Tarjeta Crédito,Online,Cancelada,1800.0,5
V004923,C00662,P024,2025-03-11,5,Tarjeta Débito,Online,Devuelta,14500.0,20
V004924,C00072,P019,2025-12-03,1,Tarjeta Crédito,Online,Cancelada,1800.0,0
V004925,C00180,P001,2025-08-16,5,Tarjeta Crédito,Online,Completada,22000.0,0
V004926,C00909,P008,2025-08-27,1,Tarjeta Crédito,Online,Completada,700.0,15
V004927,C00337,P006,2025-01-24,4,Tarjeta Débito,Online,Cancelada,1800.0,10
V004928,C00843,P026,2025-07-04,2,Tarjeta Débito,Online,Completada,800.0,15
V004929,C00303,P026,2025-03-04,5,Efectivo,Marketplace,Completada,800.0,0
V004930,C00252,P011,2025-01-05,2,Tarjeta Débito,Marketplace,Devuelta,1800.0,20
V004931,C00833,P024,2025-07-25,3,Tarjeta Crédito,Tienda,Completada,14500.0,5
V004932,C01174,P008,2025-06-01,3,Tarjeta Crédito,Marketplace,Completada,700.0,5
V004933,C00740,P021,2025-02-16,5,Tarjeta Crédito,Marketplace,Cancelada,11000.0,15
V004934,C00503,P021,2025-09-03,4,Tarjeta Crédito,Online,Completada,11000.0,5
V004935,C01083,P022,2025-12-18,5,Transferencia,Online,Cancelada,1200.0,5
V004936,C00782,P002,2025-12-24,4,Transferencia,Tienda,Cancelada,14000.0,10
V004937,C00521,P017,2025-05-07,4,Tarjeta Crédito,Tienda,Completada,2200.0,0
V004938,C01050,P003,2025-06-16,2,Tarjeta Crédito,Online,Cancelada,6500.0,15
V004939,C00264,P006,2025-01-18,5,Tarjeta Débito,Online,Devuelta,1800.0,15
V004940,C00991,P011,2025-02-12,2,Transferencia,Tienda,Completada,1800.0,0
V004941,C00214,P004,2025-02-19,1,Tarjeta Crédito,Tienda,Devuelta,9000.0,5
V004942,C00284,P004,2025-09-20,3,Tarjeta Débito,Online,Completada,9000.0,10
V004943,C00512,P030,2025-02-19,3,Tarjeta Débito,Tienda,Completada,3200.0,0
V004944,C00739,P010,2025-04-24,3,Tarjeta Crédito,Marketplace,Completada,4500.0,10
V004945,C00644,P025,2025-05-10,4,Tarjeta Crédito,Tienda,Completada,4200.0,0
V004946,C00274,P010,2025-08-06,5,Efectivo,Tienda,Completada,4500.0,0
V004947,C00424,P002,2025-09-09,1,Tarjeta Crédito,Online,Devuelta,14000.0,10
V004948,C00750,P003,2025-05-01,1,Tarjeta Débito,Tienda,Completada,6500.0,0
V004949,C00878,P020,2025-11-21,4,Tarjeta Crédito,Online,Completada,1500.0,10
V004950,C00233,P019,2025-04-12,5,Tarjeta Débito,Tienda,Completada,1800.0,10
V004951,C00243,P025,2025-03-15,3,Tarjeta Débito,Marketplace,Completada,4200.0,5
V004952,C00981,P028,2025-08-08,1,Transferencia,Tienda,Devuelta,250.0,0
V004953,C00503,P009,2025-11-09,3,Efectivo,Tienda,Cancelada,1300.0,0
V004954,C00604,P029,2025-10-10,2,Transferencia,Online,Devuelta,350.0,10
V004955,C00800,P023,2025-05-08,1,Tarjeta Débito,Online,Devuelta,8500.0,10
V004956,C00364,P019,2025-11-25,4,Tarjeta Débito,Online,Devuelta,1800.0,20
V004957,C00019,P003,2025-08-26,3,Transferencia,Tienda,Cancelada,6500.0,10
V004958,C01036,P014,2025-12-26,1,Transferencia,Online,Devuelta,5500.0,5
V004959,C01144,P009,2025-08-09,2,Transferencia,Tienda,Cancelada,1300.0,20
V004960,C00940,P006,2025-09-29,3,Tarjeta Crédito,Tienda,Completada,1800.0,0
V004961,C00730,P030,2025-04-23,4,Efectivo,Tienda,Completada,3200.0,0
V004962,C00892,P023,2025-03-22,5,Tarjeta Crédito,Online,Completada,8500.0,10
V004963,C00185,P021,2025-05-19,5,Tarjeta Débito,Tienda,Cancelada,11000.0,0
V004964,C00450,P004,2025-09-01,3,Tarjeta Débito,Marketplace,Completada,9000.0,0
V004965,C00086,P008,2025-09-12,2,Tarjeta Crédito,Marketplace,Cancelada,700.0,0
V004966,C00647,P016,2025-11-04,2,Tarjeta Crédito,Online,Cancelada,4500.0,0
V004967,C00351,P007,2025-04-22,1,Tarjeta Débito,Marketplace,Cancelada,1400.0,5
V004968,C00042,P016,2025-07-19,2,Tarjeta Crédito,Tienda,Devuelta,4500.0,5
V004969,C00614,P001,2025-07-11,5,Tarjeta Débito,Online,Completada,22000.0,10
V004970,C00513,P022,2025-09-19,1,Tarjeta Crédito,Tienda,Completada,1200.0,15
V004971,C01165,P017,2025-09-24,1,Efectivo,Online,Devuelta,2200.0,5
V004972,C01062,P017,2025-01-08,5,Tarjeta Débito,Tienda,Completada,2200.0,10
V004973,C01103,P028,2025-01-02,2,Tarjeta Débito,Online,Completada,250.0,5
V004974,C00699,P014,2025-01-27,2,Efectivo,Online,Completada,5500.0,0
V004975,C00028,P020,2025-09-18,5,Tarjeta Débito,Tienda,Devuelta,1500.0,5
V004976,C00296,P002,2025-05-18,4,Efectivo,Marketplace,Completada,14000.0,5
V004977,C00978,P019,2025-02-08,4,Tarjeta Débito,Online,Completada,1800.0,10
V004978,C01013,P018,2025-10-06,5,Tarjeta Crédito,Online,Cancelada,900.0,15
V004979,C00760,P012,2025-10-06,5,Tarjeta Débito,Tienda,Cancelada,1700.0,10
V004980,C00723,P022,2025-12-13,3,Tarjeta Crédito,Tienda,Devuelta,1200.0,0
V004981,C01161,P022,2025-11-22,5,Tarjeta Crédito,Online,Completada,1200.0,10
V004982,C01183,P020,2025-04-14,3,Tarjeta Crédito,Online,Devuelta,1500.0,0
V004983,C00157,P023,2025-08-29,2,Transferencia,Online,Completada,8500.0,5
V004984,C00210,P026,2025-06-16,1,Tarjeta Crédito,Tienda,Completada,800.0,5
V004985,C00357,P026,2025-12-27,5,Transferencia,Online,Completada,800.0,0
V004986,C00426,P016,2025-12-26,3,Tarjeta Crédito,Online,Completada,4500.0,10
V004987,C00208,P030,2025-07-05,4,Efectivo,Online,Completada,3200.0,0
V004988,C00800,P022,2025-01-17,1,Tarjeta Crédito,Online,Devuelta,1200.0,0
V004989,C00697,P019,2025-09-12,4,Tarjeta Crédito,Online,Completada,1800.0,0
V004990,C00167,P014,2025-11-27,2,Tarjeta Crédito,Online,Completada,5500.0,5
V004991,C00058,P003,2025-03-03,1,Efectivo,Online,Cancelada,6500.0,0
V004992,C01177,P024,2025-08-23,2,Tarjeta Crédito,Online,Completada,14500.0,0
V004993,C01190,P007,2025-12-19,2,Efectivo,Tienda,Completada,1400.0,0
V004994,C00164,P029,2025-09-15,3,Tarjeta Crédito,Marketplace,Devuelta,350.0,10
V004995,C00097,P009,2025-01-11,4,Tarjeta Débito,Online,Completada,1300.0,15
V004996,C00002,P003,2025-05-27,4,Tarjeta Crédito,Online,Cancelada,6500.0,5
V004997,C00275,P030,2025-01-07,4,Tarjeta Débito,Online,Completada,3200.0,10
V004998,C00140,P029,2025-11-08,5,Tarjeta Débito,Tienda,Completada,350.0,5
V004999,C00306,P021,2025-06-22,3,Transferencia,Online,Completada,11000.0,0
V005000,C00277,P011,2025-05-22,3,Transferencia,Tienda,Completada,1800.0,5
V005001,C00852,P018,2025-05-19,3,Tarjeta Débito,Tienda,Completada,900.0,0
V005002,C00174,P019,2025-02-28,5,Efectivo,Online,Devuelta,1800.0,0
V005003,C00521,P008,2025-08-17,2,Tarjeta Débito,Online,Completada,700.0,10
V005004,C00005,P018,2025-10-09,1,Tarjeta Débito,Marketplace,Devuelta,900.0,0
V005005,C00412,P014,2025-11-11,4,Tarjeta Crédito,Online,Completada,5500.0,10
V005006,C00879,P022,2025-12-27,3,Tarjeta Crédito,Tienda,Cancelada,1200.0,0
V005007,C00251,P029,2025-08-28,1,Tarjeta Crédito,Marketplace,Completada,350.0,10
V005008,C00695,P025,2025-08-26,3,Tarjeta Crédito,Tienda,Completada,4200.0,0
V005009,C00126,P011,2025-04-19,2,Tarjeta Crédito,Online,Devuelta,1800.0,0
V005010,C01161,P018,2025-11-12,3,Tarjeta Crédito,Online,Completada,720.0,0
V005011,C00257,P011,2025-11-06,2,Transferencia,Tienda,Completada,1800.0,10
V005012,C01129,P030,2025-06-09,2,Tarjeta Crédito,Tienda,Completada,3200.0,15
V005013,C00227,P010,2025-04-18,1,Tarjeta Débito,Online,Completada,4500.0,20
V005014,C01028,P015,2025-04-04,5,Tarjeta Crédito,Tienda,Completada,2600.0,0
V005015,C00728,P011,2025-07-05,2,Tarjeta Débito,Tienda,Completada,1800.0,15
V005016,C00943,P003,2025-06-28,2,Tarjeta Crédito,Marketplace,Devuelta,6500.0,0
V005017,C00779,P001,2025-07-16,2,Tarjeta Crédito,Tienda,Devuelta,22000.0,0
V005018,C00311,P017,2025-05-03,5,Tarjeta Débito,Online,Cancelada,2200.0,15
V005019,C00956,P024,2025-05-31,1,Tarjeta Crédito,Online,Completada,14500.0,5
V005020,C01131,P006,2025-01-23,3,Tarjeta Débito,Marketplace,Completada,1800.0,5
V005021,C00125,P024,2025-12-01,4,Tarjeta Crédito,Marketplace,Completada,14500.0,0
V005022,C01116,P004,2025-02-28,1,Tarjeta Crédito,Marketplace,Completada,9000.0,10
V005023,C00327,P029,2025-12-04,2,Efectivo,Online,Completada,350.0,5
V005024,C00227,P016,2025-03-05,1,Tarjeta Crédito,Tienda,Cancelada,4500.0,5
V005025,C00287,P001,2025-10-14,5,Tarjeta Débito,Tienda,Completada,22000.0,0
V005026,C01124,P019,2025-01-09,5,Transferencia,Marketplace,Completada,1800.0,0
V005027,C00599,P010,2025-04-06,1,Tarjeta Crédito,Online,Cancelada,4500.0,5
V005028,C00238,P008,2025-03-12,2,Tarjeta Crédito,Online,Completada,700.0,0
V005029,C00258,P007,2025-09-13,5,Tarjeta Débito,Online,Completada,1400.0,5
V005030,C01130,P015,2025-03-10,2,Tarjeta Débito,Online,Devuelta,2600.0,0
V005031,C00266,P029,2025-08-02,4,Tarjeta Débito,Marketplace,Devuelta,350.0,20
V005032,C01168,P020,2025-10-20,4,Transferencia,Tienda,Completada,1500.0,15
V005033,C00134,P014,2025-03-30,2,Tarjeta Débito,Online,Completada,5500.0,5
V005034,C00645,P001,2025-02-25,2,Tarjeta Crédito,Online,Completada,24200.000000000004,0
V005035,C00034,P021,2025-03-24,5,Tarjeta Crédito,Online,Completada,11000.0,10
V005036,C00077,P024,2025-12-14,3,Tarjeta Crédito,Online,Completada,14500.0,5
V005037,C00852,P003,2025-09-24,1,Tarjeta Débito,Online,Completada,6500.0,10
V005038,C01138,P001,2025-06-26,5,Tarjeta Crédito,Marketplace,Completada,22000.0,0
V005039,C00822,P013,2025-10-02,5,Tarjeta Crédito,Online,Completada,2200.0,0
V005040,C00756,P007,2025-09-20,2,Tarjeta Crédito,Online,Devuelta,1400.0,0
V005041,C00984,P002,2025-03-26,3,Tarjeta Débito,Online,Cancelada,14000.0,5
V005042,C00973,P014,2025-09-04,2,Tarjeta Débito,Tienda,Cancelada,5500.0,0
V005043,C00442,P029,2025-06-05,2,Transferencia,Marketplace,Devuelta,350.0,0
V005044,C00152,P029,2025-07-25,4,Tarjeta Débito,Online,Devuelta,350.0,0
V005045,C01020,P010,2025-03-17,3,Tarjeta Crédito,Online,Devuelta,4500.0,5
V005046,C00490,P009,2025-08-26,5,Transferencia,Marketplace,Cancelada,1300.0,0
V005047,C00671,P030,2025-12-18,3,Tarjeta Crédito,Tienda,Completada,3200.0,0
V005048,C00762,P010,2025-11-26,2,Tarjeta Crédito,Marketplace,Completada,4500.0,5
V005049,C00750,P006,2025-08-21,3,Tarjeta Crédito,Online,Cancelada,1800.0,10
V005050,C00597,P005,2025-09-02,1,Transferencia,Online,Completada,12000.0,0
V005051,C00398,P006,2025-02-05,2,Tarjeta Crédito,Tienda,Devuelta,1800.0,5
V005052,C00122,P012,2025-11-05,5,Tarjeta Crédito,Online,Devuelta,1700.0,15
V005053,C00242,P023,2025-03-13,5,Tarjeta Crédito,Marketplace,Devuelta,8500.0,5
V005054,C00739,P022,2025-06-30,4,Tarjeta Crédito,Online,Cancelada,1200.0,5
V005055,C01079,P006,2025-01-06,4,Tarjeta Crédito,Online,Devuelta,1800.0,0
V005056,C00858,P022,2025-04-16,3,Efectivo,Online,Cancelada,1200.0,20
V005057,C00937,P014,2025-01-15,4,Transferencia,Online,Completada,5500.0,0
V005058,C00550,P003,2025-04-23,5,Tarjeta Crédito,Marketplace,Cancelada,6500.0,5
V005059,C00661,P012,2025-11-08,4,Tarjeta Débito,Tienda,Completada,1700.0,0
V005060,C00162,P004,2025-11-18,5,Tarjeta Crédito,Tienda,Cancelada,9000.0,10
V005061,C00394,P027,2025-09-23,3,Tarjeta Débito,Tienda,Completada,6000.0,0
V005062,C00978,P005,2025-08-30,5,Tarjeta Débito,Online,Completada,12000.0,0
V005063,C00852,P030,2025-06-05,2,Tarjeta Crédito,Online,Cancelada,3200.0,0
V005064,C00375,P003,2025-01-15,1,Tarjeta Crédito,Online,Completada,6500.0,5
V005065,C00948,P023,2025-01-30,1,Tarjeta Crédito,Marketplace,Completada,8500.0,0
V005066,C00893,P019,2025-02-25,5,Tarjeta Crédito,Online,Completada,1800.0,10
V005067,C00199,P022,2025-01-22,3,Tarjeta Crédito,Tienda,Completada,1200.0,5
V005068,C00111,P003,2025-12-27,4,Transferencia,Tienda,Devuelta,6500.0,15
V005069,C00653,P008,2025-10-22,4,Tarjeta Crédito,Online,Completada,700.0,20
V005070,C00167,P025,2025-06-14,1,Tarjeta Débito,Online,Completada,4200.0,10
V005071,C00494,P002,2025-05-08,1,Tarjeta Crédito,Tienda,Cancelada,14000.0,0
V005072,C00297,P026,2025-08-06,3,Transferencia,Online,Cancelada,800.0,20
V005073,C00881,P016,2025-05-26,4,Tarjeta Crédito,Marketplace,Cancelada,4500.0,5
V005074,C00420,P018,2025-01-30,2,Tarjeta Crédito,Online,Completada,900.0,10
V005075,C00689,P001,2025-12-31,5,Tarjeta Crédito,Online,Completada,22000.0,5
V005076,C00636,P017,2025-01-17,4,Tarjeta Débito,Online,Completada,2200.0,0
V005077,C00337,P018,2025-09-23,2,Tarjeta Débito,Tienda,Completada,900.0,0
V005078,C01024,P014,2025-07-24,2,Transferencia,Online,Completada,5500.0,5
V005079,C00056,P015,2025-01-30,3,Tarjeta Crédito,Tienda,Devuelta,2600.0,0
V005080,C00246,P026,2025-04-09,5,Tarjeta Crédito,Online,Completada,800.0,5
V005081,C00790,P007,2025-02-08,1,Tarjeta Crédito,Tienda,Completada,1400.0,0
V005082,C00733,P002,2025-07-08,5,Tarjeta Crédito,Online,Cancelada,14000.0,5
V005083,C00408,P019,2025-08-09,2,Tarjeta Crédito,Marketplace,Devuelta,1800.0,0
V005084,C00380,P004,2025-01-01,1,Transferencia,Tienda,Completada,9000.0,5
V005085,C00597,P005,2025-10-23,1,Transferencia,Tienda,Cancelada,12000.0,5
V005086,C00648,P030,2025-01-29,4,Tarjeta Débito,Online,Completada,3200.0,10
V005087,C00344,P011,2025-02-20,5,Transferencia,Marketplace,Devuelta,1800.0,20
V005088,C00797,P019,2025-05-24,1,Transferencia,Tienda,Completada,1800.0,5
V005089,C00677,P001,2025-06-06,4,Tarjeta Débito,Online,Completada,22000.0,5
V005090,C00480,P020,2025-12-03,1,Tarjeta Crédito,Online,Completada,1500.0,0
V005091,C00363,P028,2025-08-27,2,Tarjeta Crédito,Online,Completada,250.0,5
V005092,C00911,P003,2025-08-09,3,Tarjeta Débito,Tienda,Cancelada,6500.0,5
V005093,C00486,P023,2025-06-16,2,Transferencia,Marketplace,Completada,8500.0,0
V005094,C00589,P022,2025-07-09,1,Tarjeta Débito,Online,Devuelta,1200.0,0
V005095,C00042,P021,2025-12-24,4,Efectivo,Tienda,Devuelta,11000.0,5
V005096,C00250,P028,2025-06-03,1,Tarjeta Débito,Online,Cancelada,250.0,5
V005097,C00617,P019,2025-08-04,5,Transferencia,Marketplace,Completada,1800.0,15
V005098,C00561,P017,2025-08-04,1,Transferencia,Tienda,Completada,2200.0,5
V005099,C00899,P027,2025-11-23,2,Transferencia,Tienda,Completada,6000.0,0
V005100,C00454,P026,2025-10-23,4,Tarjeta Débito,Tienda,Cancelada,800.0,20
V005101,C01146,P004,2025-11-26,1,Tarjeta Crédito,Tienda,Completada,9000.0,15
V005102,C00146,P002,2025-08-06,1,Tarjeta Crédito,Marketplace,Devuelta,14000.0,5
V005103,C00872,P020,2025-07-28,5,Transferencia,Tienda,Devuelta,1500.0,0
V005104,C00747,P007,2025-07-03,5,Tarjeta Crédito,Online,Completada,1400.0,15
V005105,C00755,P012,2025-03-20,3,Tarjeta Crédito,Online,Completada,1700.0,10
V005106,C00002,P002,2025-09-17,2,Transferencia,Online,Devuelta,14000.0,0
V005107,C00614,P025,2025-02-10,5,Tarjeta Débito,Tienda,Cancelada,4200.0,5
V005108,C00783,P028,2025-06-15,1,Tarjeta Crédito,Tienda,Completada,250.0,0
V005109,C00026,P021,2025-07-30,3,Tarjeta Crédito,Online,Devuelta,11000.0,0
V005110,C00466,P005,2025-11-09,4,Tarjeta Débito,Online,Completada,12000.0,0
V005111,C00339,P009,2025-08-28,3,Tarjeta Crédito,Tienda,Devuelta,1300.0,5
V005112,C01149,P024,2025-06-26,3,Efectivo,Tienda,Completada,14500.0,0
V005113,C00235,P020,2025-07-28,3,Tarjeta Crédito,Tienda,Completada,1500.0,0
V005114,C00847,P016,2025-11-26,1,Tarjeta Débito,Online,Cancelada,4500.0,5
V005115,C00383,P013,2025-01-16,4,Transferencia,Marketplace,Completada,2200.0,20
V005116,C00428,P008,2025-07-30,3,Tarjeta Crédito,Marketplace,Completada,700.0,10
V005117,C00801,P003,2025-04-06,3,Efectivo,Online,Cancelada,6500.0,0
V005118,C00321,P010,2025-08-01,5,Tarjeta Crédito,Online,Devuelta,4500.0,5
V005119,C00100,P005,2025-12-17,2,Transferencia,Tienda,Devuelta,12000.0,0
V005120,C00700,P017,2025-07-22,2,Tarjeta Crédito,Tienda,Completada,2200.0,15
V005121,C00285,P012,2025-09-13,5,Efectivo,Online,Cancelada,1700.0,0
V005122,C00231,P030,2025-02-08,2,Efectivo,Online,Completada,3200.0,5
V005123,C00489,P027,2025-10-06,5,Transferencia,Online,Devuelta,6000.0,5
V005124,C00674,P021,2025-09-23,5,Tarjeta Crédito,Tienda,Cancelada,11000.0,5
V005125,C01100,P006,2025-03-12,4,Tarjeta Crédito,Online,Completada,1800.0,0
V005126,C00903,P007,2025-04-22,2,Tarjeta Débito,Marketplace,Devuelta,1400.0,20
V005127,C00621,P021,2025-03-26,5,Tarjeta Crédito,Online,Completada,11000.0,0
V005128,C00179,P009,2025-01-22,2,Tarjeta Débito,Online,Completada,1300.0,15
V005129,C00821,P019,2025-01-11,2,Efectivo,Online,Devuelta,1800.0,0
V005130,C00761,P008,2025-03-22,3,Tarjeta Débito,Tienda,Devuelta,700.0,0
V005131,C01012,P025,2025-12-14,3,Tarjeta Débito,Online,Completada,4200.0,15
V005132,C00841,P010,2025-05-19,4,Tarjeta Débito,Tienda,Completada,4500.0,0
V005133,C00950,P018,2025-02-03,3,Transferencia,Online,Completada,900.0,5
V005134,C00359,P003,2025-08-26,4,Tarjeta Crédito,Tienda,Cancelada,6500.0,5
V005135,C00267,P022,2025-05-09,1,Tarjeta Débito,Tienda,Completada,1200.0,0
V005136,C00061,P028,2025-05-07,4,Transferencia,Online,Cancelada,250.0,0
V005137,C00257,P001,2025-01-21,1,Efectivo,Online,Completada,22000.0,10
V005138,C01029,P018,2025-05-05,2,Efectivo,Online,Completada,900.0,0
V005139,C00125,P017,2025-12-28,4,Tarjeta Crédito,Online,Completada,2200.0,0
V005140,C01043,P023,2025-02-17,2,Efectivo,Tienda,Completada,8500.0,15
V005141,C01098,P011,2025-01-26,1,Tarjeta Crédito,Tienda,Completada,1800.0,5
V005142,C00181,P008,2025-03-05,5,Tarjeta Crédito,Online,Devuelta,700.0,5
V005143,C00870,P024,2025-08-17,3,Transferencia,Online,Cancelada,14500.0,0
V005144,C00988,P023,2025-03-24,1,Transferencia,Tienda,Cancelada,8500.0,0
V005145,C01196,P020,2025-05-02,3,Efectivo,Online,Completada,1500.0,0
V005146,C01057,P028,2025-05-02,2,Transferencia,Tienda,Completada,250.0,5
V005147,C00279,P014,2025-05-19,4,Tarjeta Crédito,Online,Cancelada,5500.0,10
V005148,C00317,P020,2025-02-21,1,Tarjeta Débito,Online,Cancelada,1500.0,0
V005149,C00712,P013,2025-02-19,2,Tarjeta Débito,Online,Completada,2200.0,15
V005150,C00414,P015,2025-09-30,1,Tarjeta Débito,Online,Completada,2600.0,0
V005151,C00624,P025,2025-07-06,2,Tarjeta Crédito,Marketplace,Cancelada,4200.0,5
V005152,C01058,P012,2025-03-29,5,Tarjeta Débito,Online,Cancelada,1530.0,10
V005153,C00238,P025,2025-01-17,3,Tarjeta Débito,Tienda,Completada,4200.0,5
V005154,C00590,P016,2025-10-05,3,Tarjeta Débito,Online,Devuelta,4500.0,0
V005155,C00518,P027,2025-12-27,1,Tarjeta Crédito,Marketplace,Cancelada,6000.0,10
V005156,C00386,P012,2025-03-23,4,Tarjeta Crédito,Online,Cancelada,2040.0,5
V005157,C00284,P023,2025-07-25,2,Tarjeta Crédito,Tienda,Cancelada,8500.0,0
V005158,C00267,P003,2025-03-02,3,Tarjeta Crédito,Online,Completada,6500.0,0
V005159,C00240,P013,2025-09-06,5,Tarjeta Crédito,Online,Completada,2200.0,10
V005160,C00057,P006,2025-01-27,3,Tarjeta Crédito,Online,Completada,1800.0,15
V005161,C01077,P006,2025-07-04,5,Transferencia,Online,Completada,1800.0,5
V005162,C00299,P009,2025-08-09,3,Tarjeta Débito,Online,Completada,1300.0,10
V005163,C00658,P022,2025-05-18,5,Tarjeta Débito,Online,Devuelta,1200.0,0
V005164,C01133,P023,2025-02-21,4,Tarjeta Crédito,Tienda,Completada,8500.0,10
V005165,C00046,P008,2025-02-25,1,Tarjeta Débito,Tienda,Completada,700.0,0
V005166,C00837,P005,2025-01-15,3,Transferencia,Marketplace,Devuelta,12000.0,5
V005167,C01140,P027,2025-04-08,4,Tarjeta Crédito,Tienda,Devuelta,6000.0,10
V005168,C00842,P013,2025-07-27,5,Transferencia,Online,Devuelta,2200.0,0
V005169,C00077,P002,2025-06-21,3,Tarjeta Débito,Online,Completada,14000.0,5
V005170,C00099,P027,2025-01-19,2,Tarjeta Crédito,Online,Completada,6000.0,5
V005171,C00378,P014,2025-05-08,1,Tarjeta Crédito,Online,Completada,5500.0,0
V005172,C00724,P022,2025-02-05,3,Tarjeta Débito,Online,Devuelta,1200.0,0
V005173,C01066,P002,2025-01-13,4,Tarjeta Débito,Online,Completada,14000.0,0
V005174,C00659,P003,2025-10-21,3,Tarjeta Crédito,Marketplace,Completada,6500.0,0
V005175,C00305,P013,2025-02-11,4,Tarjeta Crédito,Online,Completada,2200.0,0
V005176,C00403,P015,2025-02-05,3,Tarjeta Débito,Online,Completada,2600.0,10
V005177,C00252,P009,2025-09-16,3,Transferencia,Tienda,Completada,1300.0,5
V005178,C00061,P008,2025-06-15,5,Tarjeta Débito,Online,Completada,700.0,5
V005179,C01163,P027,2025-06-18,3,Tarjeta Débito,Marketplace,Devuelta,6000.0,0
V005180,C00952,P016,2025-06-24,1,Tarjeta Crédito,Online,Completada,4500.0,0
V005181,C00342,P008,2025-11-11,5,Efectivo,Online,Cancelada,700.0,5
V005182,C01125,P021,2025-09-07,5,Transferencia,Online,Cancelada,11000.0,0
V005183,C00101,P024,2025-04-16,5,Tarjeta Crédito,Marketplace,Completada,14500.0,0
V005184,C00498,P021,2025-09-30,2,Tarjeta Débito,Online,Completada,11000.0,0
V005185,C00347,P008,2025-01-09,4,Tarjeta Crédito,Online,Completada,700.0,0
V005186,C01019,P015,2025-10-28,1,Tarjeta Crédito,Tienda,Devuelta,2600.0,5
V005187,C00782,P019,2025-12-19,1,Tarjeta Crédito,Marketplace,Completada,1800.0,0
V005188,C00857,P006,2025-10-29,5,Tarjeta Crédito,Online,Devuelta,1800.0,0
V005189,C00710,P020,2025-01-01,5,Transferencia,Online,Devuelta,1500.0,5
V005190,C00278,P007,2025-08-08,5,Tarjeta Débito,Tienda,Cancelada,1400.0,15
V005191,C00650,P002,2025-09-22,1,Tarjeta Crédito,Online,Cancelada,14000.0,0
V005192,C01107,P013,2025-08-29,1,Tarjeta Débito,Marketplace,Completada,2200.0,10
V005193,C00096,P007,2025-07-19,3,Tarjeta Crédito,Marketplace,Cancelada,1400.0,15
V005194,C00524,P015,2025-07-24,5,Efectivo,Online,Completada,2600.0,5
V005195,C00275,P009,2025-01-18,5,Tarjeta Débito,Tienda,Completada,1300.0,0
V005196,C00017,P022,2025-10-17,1,Tarjeta Crédito,Online,Cancelada,1200.0,5
V005197,C00723,P003,2025-01-18,2,Tarjeta Crédito,Online,Cancelada,6500.0,0
V005198,C00637,P019,2025-11-14,4,Transferencia,Tienda,Devuelta,1800.0,15
V005199,C00132,P019,2025-05-27,1,Tarjeta Crédito,Tienda,Devuelta,1800.0,20
V005200,C00136,P016,2025-09-24,1,Transferencia,Tienda,Completada,4500.0,15
V005201,C00809,P013,2025-12-10,4,Tarjeta Crédito,Marketplace,Completada,2200.0,5
V005202,C00527,P025,2025-10-26,5,Tarjeta Débito,Tienda,Completada,4200.0,0
V005203,C00479,P002,2025-04-22,4,Tarjeta Crédito,Marketplace,Devuelta,14000.0,15
V005204,C01193,P016,2025-05-10,3,Tarjeta Crédito,Online,Cancelada,4500.0,0
V005205,C00906,P005,2025-03-20,5,Tarjeta Crédito,Marketplace,Completada,12000.0,15
V005206,C00895,P001,2025-05-20,4,Efectivo,Online,Devuelta,22000.0,5
V005207,C00131,P004,2025-02-04,3,Tarjeta Débito,Tienda,Completada,9000.0,10
V005208,C00239,P022,2025-06-29,4,Transferencia,Online,Completada,1200.0,0
V005209,C01135,P003,2025-09-22,5,Tarjeta Débito,Online,Cancelada,6500.0,0
V005210,C00067,P016,2025-05-29,4,Transferencia,Online,Completada,4500.0,5
V005211,C00224,P004,2025-02-08,1,Tarjeta Débito,Online,Completada,9000.0,0
V005212,C00371,P022,2025-12-17,4,Tarjeta Débito,Online,Completada,960.0,0
V005213,C00375,P028,2025-02-01,5,Tarjeta Crédito,Marketplace,Completada,250.0,10
V005214,C00852,P010,2025-11-27,2,Tarjeta Crédito,Marketplace,Cancelada,4500.0,0
V005215,C00137,P020,2025-11-28,3,Tarjeta Crédito,Online,Completada,1500.0,0
V005216,C00473,P025,2025-11-13,2,Tarjeta Crédito,Online,Completada,4200.0,5
V005217,C00935,P008,2025-01-08,1,Tarjeta Crédito,Online,Completada,700.0,0
V005218,C00920,P018,2025-10-06,2,Tarjeta Débito,Marketplace,Completada,900.0,0
V005219,C01158,P016,2025-02-21,2,Tarjeta Crédito,Online,Completada,4500.0,10
V005220,C00472,P018,2025-11-03,5,Tarjeta Débito,Online,Completada,900.0,0
V005221,C00825,P001,2025-06-26,3,Tarjeta Débito,Online,Completada,22000.0,5
V005222,C01156,P021,2025-06-09,3,Transferencia,Online,Devuelta,11000.0,0
V005223,C00983,P020,2025-01-23,5,Tarjeta Crédito,Online,Completada,1500.0,15
V005224,C01137,P020,2025-04-12,2,Efectivo,Online,Cancelada,1500.0,15
V005225,C00796,P029,2025-12-31,3,Transferencia,Marketplace,Completada,350.0,0
V005226,C00250,P029,2025-08-09,3,Tarjeta Crédito,Online,Cancelada,350.0,5
V005227,C00421,P013,2025-01-19,5,Transferencia,Online,Completada,2200.0,10
V005228,C00953,P015,2025-06-16,2,Efectivo,Tienda,Completada,2600.0,15
V005229,C00994,P014,2025-03-29,4,Efectivo,Online,Cancelada,5500.0,5
V005230,C00687,P020,2025-06-10,5,Tarjeta Crédito,Online,Completada,1350.0,15
V005231,C00724,P028,2025-09-08,4,Tarjeta Crédito,Tienda,Devuelta,250.0,10
V005232,C00488,P016,2025-02-26,2,Transferencia,Marketplace,Cancelada,4500.0,10
V005233,C00484,P014,2025-01-20,3,Efectivo,Online,Devuelta,5500.0,0
V005234,C00637,P015,2025-12-08,2,Efectivo,Marketplace,Completada,2600.0,5
V005235,C00902,P016,2025-07-28,1,Tarjeta Crédito,Online,Completada,4500.0,10
V005236,C00909,P002,2025-04-02,3,Transferencia,Marketplace,Cancelada,14000.0,0
V005237,C00649,P022,2025-10-18,2,Tarjeta Débito,Online,Completada,1200.0,5
V005238,C00376,P026,2025-11-08,1,Tarjeta Crédito,Tienda,Cancelada,800.0,5
V005239,C00934,P024,2025-06-19,4,Transferencia,Online,Completada,14500.0,0
V005240,C00467,P024,2025-01-17,3,Tarjeta Crédito,Tienda,Completada,14500.0,10
V005241,C00937,P019,2025-06-17,5,Tarjeta Crédito,Marketplace,Devuelta,1800.0,0
V005242,C00821,P011,2025-07-02,5,Tarjeta Crédito,Online,Devuelta,1800.0,0
V005243,C00175,P005,2025-05-14,3,Tarjeta Débito,Online,Devuelta,12000.0,5
V005244,C00170,P019,2025-10-09,1,Tarjeta Débito,Online,Devuelta,1800.0,15
V005245,C00641,P013,2025-06-11,4,Tarjeta Débito,Marketplace,Cancelada,2200.0,5
V005246,C00663,P017,2025-01-09,3,Tarjeta Débito,Marketplace,Completada,2200.0,0
V005247,C00642,P021,2025-10-31,1,Transferencia,Online,Devuelta,11000.0,0
V005248,C00835,P026,2025-01-11,5,Efectivo,Marketplace,Devuelta,800.0,5
V005249,C00437,P002,2025-01-06,3,Tarjeta Débito,Tienda,Devuelta,14000.0,10
V005250,C00807,P007,2025-11-20,3,Tarjeta Crédito,Online,Cancelada,1400.0,0
V005251,C00958,P017,2025-10-31,5,Efectivo,Online,Cancelada,2200.0,0
V005252,C00594,P001,2025-05-30,5,Tarjeta Débito,Online,Completada,22000.0,0
V005253,C01149,P001,2025-05-05,3,Tarjeta Crédito,Tienda,Devuelta,22000.0,5
V005254,C00240,P030,2025-04-27,2,Transferencia,Online,Completada,3200.0,10
V005255,C00884,P028,2025-07-27,1,Tarjeta Débito,Online,Completada,250.0,5
V005256,C00443,P022,2025-08-17,1,Tarjeta Crédito,Online,Completada,1200.0,0
V005257,C00527,P005,2025-07-01,1,Tarjeta Débito,Marketplace,Completada,12000.0,0
V005258,C00862,P016,2025-11-14,3,Transferencia,Marketplace,Completada,4500.0,5
V005259,C00746,P029,2025-06-27,2,Tarjeta Crédito,Online,Devuelta,350.0,20
V005260,C00745,P021,2025-08-20,5,Transferencia,Tienda,Completada,11000.0,5
V005261,C00284,P026,2025-07-14,4,Tarjeta Crédito,Online,Completada,800.0,5
V005262,C00317,P025,2025-06-10,2,Transferencia,Online,Devuelta,4200.0,0
V005263,C00589,P003,2025-12-02,3,Tarjeta Crédito,Online,Completada,6500.0,0
V005264,C00018,P019,2025-10-20,5,Efectivo,Online,Devuelta,1800.0,0
V005265,C00770,P015,2025-11-27,3,Tarjeta Crédito,Online,Cancelada,2600.0,0
V005266,C00286,P022,2025-01-18,5,Tarjeta Crédito,Tienda,Cancelada,1200.0,20
V005267,C00220,P008,2025-04-28,5,Tarjeta Débito,Tienda,Cancelada,700.0,0
V005268,C01119,P023,2025-07-03,3,Efectivo,Tienda,Devuelta,8500.0,20
V005269,C00618,P030,2025-01-29,5,Tarjeta Débito,Online,Devuelta,3200.0,0
V005270,C00471,P003,2025-03-10,5,Tarjeta Débito,Online,Completada,6500.0,0
V005271,C01065,P003,2025-09-03,2,Tarjeta Débito,Marketplace,Completada,6500.0,5
V005272,C00368,P022,2025-07-21,1,Tarjeta Débito,Tienda,Completada,1200.0,0
V005273,C00407,P028,2025-12-20,2,Tarjeta Crédito,Marketplace,Devuelta,250.0,5
V005274,C01043,P001,2025-11-08,3,Tarjeta Débito,Online,Completada,22000.0,0
V005275,C00508,P007,2025-12-09,1,Tarjeta Crédito,Marketplace,Devuelta,1400.0,5
V005276,C00735,P009,2025-03-14,2,Tarjeta Débito,Marketplace,Cancelada,1300.0,10
V005277,C00637,P013,2025-07-29,4,Tarjeta Crédito,Tienda,Completada,2200.0,5
V005278,C00066,P006,2025-11-05,1,Tarjeta Crédito,Marketplace,Cancelada,1800.0,10
V005279,C00956,P007,2025-12-22,4,Tarjeta Débito,Online,Devuelta,1400.0,0
V005280,C00460,P005,2025-05-18,1,Efectivo,Tienda,Devuelta,12000.0,10
V005281,C01070,P016,2025-04-13,2,Tarjeta Crédito,Tienda,Cancelada,4500.0,5
V005282,C00445,P001,2025-12-18,3,Efectivo,Tienda,Completada,22000.0,5
V005283,C00633,P024,2025-12-09,1,Tarjeta Débito,Tienda,Completada,14500.0,10
V005284,C00470,P022,2025-07-19,5,Efectivo,Online,Completada,1200.0,10
V005285,C00390,P002,2025-08-17,3,Tarjeta Crédito,Tienda,Devuelta,14000.0,5
V005286,C00258,P012,2025-09-06,2,Transferencia,Online,Completada,1700.0,5
V005287,C01036,P019,2025-02-23,2,Efectivo,Online,Cancelada,1800.0,0
V005288,C00369,P012,2025-09-21,2,Tarjeta Débito,Online,Completada,1700.0,0
V005289,C00957,P025,2025-05-23,1,Efectivo,Online,Completada,4200.0,5
V005290,C00181,P004,2025-04-08,3,Transferencia,Tienda,Devuelta,9000.0,20
V005291,C00580,P028,2025-06-13,5,Transferencia,Online,Completada,250.0,0
V005292,C00861,P005,2025-05-13,3,Tarjeta Crédito,Online,Completada,12000.0,5
V005293,C00954,P026,2025-05-07,5,Tarjeta Débito,Tienda,Completada,800.0,5
V005294,C00515,P010,2025-04-26,5,Transferencia,Tienda,Cancelada,4500.0,5
V005295,C00717,P020,2025-02-02,5,Tarjeta Débito,Online,Devuelta,1500.0,0
V005296,C00591,P020,2025-12-18,2,Efectivo,Tienda,Devuelta,1500.0,0
V005297,C00428,P006,2025-09-01,5,Transferencia,Online,Completada,1800.0,0
V005298,C00581,P007,2025-01-10,1,Tarjeta Crédito,Marketplace,Devuelta,1400.0,0
V005299,C00292,P017,2025-09-01,2,Tarjeta Crédito,Online,Completada,2200.0,0
V005300,C00442,P026,2025-05-08,4,Tarjeta Crédito,Online,Devuelta,800.0,10
V005301,C00327,P025,2025-07-10,3,Transferencia,Marketplace,Completada,4200.0,5
V005302,C01116,P030,2025-12-31,4,Transferencia,Online,Completada,3200.0,0
V005303,C00878,P028,2025-09-19,2,Tarjeta Débito,Online,Devuelta,250.0,5
V005304,C00049,P026,2025-01-08,3,Tarjeta Crédito,Online,Completada,800.0,5
V005305,C00575,P021,2025-08-27,4,Transferencia,Online,Completada,11000.0,10
V005306,C00760,P024,2025-10-25,4,Tarjeta Débito,Tienda,Completada,14500.0,0
V005307,C01081,P009,2025-08-29,3,Tarjeta Crédito,Online,Completada,1300.0,20
V005308,C00111,P001,2025-12-07,1,Tarjeta Crédito,Online,Completada,22000.0,0
V005309,C00338,P019,2025-07-03,1,Tarjeta Crédito,Marketplace,Completada,1800.0,0
V005310,C00214,P030,2025-03-29,4,Tarjeta Crédito,Online,Devuelta,3200.0,5
V005311,C00693,P004,2025-02-28,4,Tarjeta Crédito,Online,Cancelada,9000.0,0
V005312,C00579,P003,2025-10-26,4,Tarjeta Débito,Online,Completada,6500.0,0
V005313,C00835,P010,2025-02-20,3,Tarjeta Crédito,Online,Completada,4500.0,5
V005314,C00299,P015,2025-08-23,4,Tarjeta Crédito,Online,Cancelada,2600.0,0
V005315,C00328,P027,2025-08-05,4,Tarjeta Débito,Online,Devuelta,6000.0,5
V005316,C00361,P023,2025-06-22,1,Tarjeta Crédito,Online,Completada,8500.0,10
V005317,C00241,P012,2025-05-09,4,Tarjeta Débito,Marketplace,Devuelta,1700.0,15
V005318,C00764,P010,2025-05-15,3,Tarjeta Débito,Online,Completada,4500.0,5
V005319,C00648,P018,2025-05-04,4,Transferencia,Online,Completada,900.0,0
V005320,C00571,P010,2025-06-01,5,Tarjeta Crédito,Tienda,Devuelta,4500.0,5
V005321,C00549,P005,2025-03-14,1,Efectivo,Marketplace,Completada,12000.0,0
V005322,C00133,P003,2025-01-19,1,Efectivo,Marketplace,Completada,6500.0,0
V005323,C00538,P024,2025-01-07,3,Efectivo,Online,Completada,14500.0,5
V005324,C00804,P004,2025-06-29,3,Tarjeta Débito,Tienda,Devuelta,9000.0,15
V005325,C00086,P013,2025-03-16,1,Efectivo,Tienda,Completada,2200.0,5
V005326,C00709,P017,2025-10-13,4,Tarjeta Crédito,Online,Completada,2200.0,0
V005327,C00781,P012,2025-12-01,2,Tarjeta Crédito,Online,Devuelta,1700.0,5
V005328,C00646,P003,2025-10-12,3,Tarjeta Débito,Online,Devuelta,6500.0,10
V005329,C00364,P014,2025-07-05,2,Transferencia,Tienda,Devuelta,5500.0,20
V005330,C00702,P018,2025-10-25,1,Tarjeta Crédito,Marketplace,Completada,900.0,0
V005331,C00545,P008,2025-01-25,2,Tarjeta Crédito,Online,Cancelada,700.0,0
V005332,C00064,P001,2025-03-31,4,Tarjeta Crédito,Tienda,Completada,22000.0,5
V005333,C00932,P015,2025-07-06,2,Efectivo,Marketplace,Completada,2600.0,0
V005334,C00981,P004,2025-04-03,5,Tarjeta Crédito,Online,Cancelada,9000.0,10
V005335,C01016,P021,2025-10-08,3,Efectivo,Online,Devuelta,11000.0,0
V005336,C00726,P024,2025-07-28,1,Tarjeta Crédito,Tienda,Completada,14500.0,15
V005337,C00687,P027,2025-02-18,5,Tarjeta Débito,Marketplace,Completada,6000.0,5
V005338,C01176,P013,2025-06-29,1,Tarjeta Débito,Marketplace,Cancelada,2200.0,0
V005339,C00133,P007,2025-01-31,4,Tarjeta Débito,Marketplace,Cancelada,1400.0,0
V005340,C00451,P030,2025-11-09,5,Tarjeta Crédito,Tienda,Completada,3200.0,10
V005341,C00665,P020,2025-07-25,3,Transferencia,Online,Completada,1500.0,15
V005342,C00720,P019,2025-05-16,5,Transferencia,Online,Completada,1800.0,0
V005343,C00817,P012,2025-09-21,3,Tarjeta Crédito,Tienda,Completada,1700.0,0
V005344,C00447,P027,2025-10-06,1,Tarjeta Débito,Marketplace,Devuelta,6000.0,20
V005345,C00829,P015,2025-06-29,4,Transferencia,Tienda,Completada,2600.0,15
V005346,C00855,P026,2025-03-30,1,Tarjeta Crédito,Tienda,Devuelta,800.0,15
V005347,C00129,P025,2025-05-23,4,Transferencia,Online,Completada,4200.0,0
V005348,C00390,P025,2025-08-08,4,Tarjeta Crédito,Online,Completada,4200.0,0
V005349,C00495,P012,2025-07-30,1,Tarjeta Crédito,Online,Completada,1700.0,10
V005350,C00589,P025,2025-06-19,2,Tarjeta Crédito,Tienda,Devuelta,4200.0,0
V005351,C01186,P026,2025-07-20,1,Tarjeta Débito,Online,Cancelada,800.0,10
V005352,C00086,P019,2025-05-20,3,Efectivo,Online,Completada,1800.0,0
V005353,C00296,P006,2025-09-02,3,Tarjeta Crédito,Online,Devuelta,1800.0,15
V005354,C00890,P008,2025-06-05,2,Tarjeta Débito,Online,Cancelada,700.0,5
V005355,C00968,P004,2025-04-28,1,Tarjeta Débito,Tienda,Completada,9000.0,0
V005356,C00366,P010,2025-07-14,5,Tarjeta Crédito,Online,Completada,4500.0,10
V005357,C00297,P003,2025-08-04,1,Tarjeta Débito,Tienda,Completada,6500.0,0
V005358,C00341,P005,2025-05-03,5,Tarjeta Débito,Marketplace,Completada,12000.0,5
V005359,C00096,P019,2025-04-03,3,Tarjeta Crédito,Tienda,Cancelada,1800.0,5
V005360,C00635,P027,2025-05-14,3,Transferencia,Online,Completada,6000.0,10
V005361,C01117,P003,2025-05-15,2,Tarjeta Débito,Tienda,Completada,6500.0,5
V005362,C00471,P004,2025-06-05,1,Tarjeta Crédito,Tienda,Cancelada,9000.0,10
V005363,C00841,P014,2025-09-09,1,Tarjeta Crédito,Online,Completada,5500.0,5
V005364,C00517,P017,2025-05-18,1,Transferencia,Tienda,Completada,2200.0,10
V005365,C00995,P008,2025-10-29,2,Tarjeta Crédito,Online,Devuelta,700.0,10
V005366,C00440,P030,2025-10-10,3,Tarjeta Débito,Online,Completada,3200.0,20
V005367,C00496,P011,2025-06-07,1,Tarjeta Crédito,Tienda,Completada,1800.0,5
V005368,C00148,P003,2025-01-02,2,Tarjeta Crédito,Marketplace,Devuelta,6500.0,0
V005369,C00170,P003,2025-10-31,4,Efectivo,Tienda,Completada,6500.0,0
V005370,C00983,P018,2025-10-17,1,Efectivo,Online,Completada,900.0,20
V005371,C01187,P024,2025-11-03,4,Transferencia,Tienda,Devuelta,14500.0,0
V005372,C01189,P002,2025-11-10,3,Efectivo,Tienda,Cancelada,14000.0,5
V005373,C00773,P026,2025-08-14,2,Tarjeta Crédito,Tienda,Completada,800.0,0
V005374,C00908,P029,2025-09-21,1,Efectivo,Online,Completada,350.0,0
V005375,C00444,P019,2025-02-28,2,Transferencia,Online,Devuelta,1800.0,15
V005376,C00124,P014,2025-08-24,1,Tarjeta Débito,Online,Completada,5500.0,0
V005377,C00172,P026,2025-11-20,4,Tarjeta Crédito,Online,Cancelada,800.0,20
V005378,C00376,P011,2025-10-23,1,Transferencia,Tienda,Completada,1800.0,10
V005379,C00510,P022,2025-10-12,1,Tarjeta Crédito,Online,Completada,1200.0,5
V005380,C00078,P024,2025-09-01,3,Tarjeta Débito,Marketplace,Devuelta,14500.0,15
V005381,C01162,P022,2025-04-20,2,Tarjeta Débito,Marketplace,Completada,1200.0,15
V005382,C00495,P009,2025-03-16,1,Tarjeta Crédito,Marketplace,Devuelta,1300.0,10
V005383,C00440,P027,2025-02-15,4,Tarjeta Crédito,Online,Cancelada,6000.0,0
V005384,C01177,P019,2025-08-13,1,Tarjeta Débito,Tienda,Cancelada,1800.0,0
V005385,C00829,P005,2025-05-09,1,Tarjeta Débito,Online,Completada,12000.0,5
V005386,C00064,P026,2025-02-17,4,Tarjeta Crédito,Tienda,Completada,800.0,10
V005387,C00258,P013,2025-08-24,2,Transferencia,Online,Completada,2200.0,5
V005388,C01057,P024,2025-05-07,3,Transferencia,Online,Completada,14500.0,0
V005389,C00664,P002,2025-09-16,2,Tarjeta Débito,Tienda,Cancelada,12600.0,20
V005390,C00704,P023,2025-09-07,1,Tarjeta Crédito,Tienda,Completada,8500.0,15
V005391,C00101,P027,2025-08-09,5,Tarjeta Crédito,Online,Completada,6000.0,20
V005392,C00374,P018,2025-05-26,2,Efectivo,Online,Completada,900.0,0
V005393,C00786,P023,2025-08-09,5,Tarjeta Débito,Tienda,Completada,8500.0,0
V005394,C00352,P029,2025-01-04,5,Efectivo,Marketplace,Completada,350.0,0
V005395,C00718,P007,2025-11-30,4,Transferencia,Online,Cancelada,1400.0,15
V005396,C01028,P011,2025-05-18,2,Tarjeta Débito,Tienda,Completada,1800.0,0
V005397,C00323,P024,2025-07-12,2,Efectivo,Online,Devuelta,14500.0,10
V005398,C00369,P011,2025-10-28,3,Transferencia,Online,Completada,1800.0,5
V005399,C00009,P015,2025-04-23,4,Tarjeta Débito,Online,Devuelta,2600.0,0
V005400,C00145,P008,2025-07-07,4,Tarjeta Débito,Tienda,Devuelta,700.0,15
V005401,C00419,P013,2025-09-13,4,Tarjeta Débito,Online,Completada,2200.0,10
V005402,C00907,P008,2025-05-12,5,Transferencia,Tienda,Completada,700.0,0
V005403,C01032,P025,2025-09-29,2,Tarjeta Crédito,Online,Devuelta,4200.0,0
V005404,C00315,P004,2025-12-20,4,Tarjeta Débito,Online,Completada,9000.0,0
V005405,C00775,P002,2025-12-15,3,Tarjeta Débito,Marketplace,Devuelta,14000.0,15
V005406,C00279,P027,2025-10-23,5,Efectivo,Marketplace,Completada,6000.0,10
V005407,C00906,P014,2025-09-07,2,Tarjeta Débito,Tienda,Completada,5500.0,0
V005408,C00151,P028,2025-08-11,3,Tarjeta Débito,Online,Cancelada,250.0,10
V005409,C00255,P026,2025-03-19,2,Tarjeta Débito,Tienda,Completada,800.0,10
V005410,C01065,P020,2025-04-13,3,Tarjeta Débito,Tienda,Devuelta,1500.0,10
V005411,C00178,P024,2025-09-10,2,Tarjeta Débito,Online,Cancelada,14500.0,5
V005412,C00365,P023,2025-01-01,1,Tarjeta Débito,Online,Completada,8500.0,0
V005413,C00839,P027,2025-05-11,3,Transferencia,Marketplace,Completada,6000.0,20
V005414,C00800,P012,2025-09-12,4,Tarjeta Crédito,Online,Cancelada,1700.0,10
V005415,C00908,P007,2025-09-28,2,Tarjeta Crédito,Tienda,Completada,1400.0,0
V005416,C00510,P021,2025-10-24,5,Tarjeta Crédito,Online,Cancelada,11000.0,20
V005417,C00527,P019,2025-11-17,1,Tarjeta Crédito,Tienda,Completada,1800.0,20
V005418,C00431,P026,2025-09-27,2,Tarjeta Crédito,Online,Devuelta,800.0,0
V005419,C00354,P005,2025-06-05,5,Tarjeta Crédito,Online,Cancelada,12000.0,0
V005420,C00816,P008,2025-11-03,4,Tarjeta Débito,Online,Devuelta,700.0,0
V005421,C00796,P022,2025-05-13,3,Tarjeta Débito,Tienda,Completada,1200.0,0
V005422,C00984,P009,2025-05-28,3,Transferencia,Online,Completada,1300.0,0
V005423,C00707,P015,2025-04-17,3,Tarjeta Débito,Marketplace,Devuelta,2600.0,0
V005424,C01026,P011,2025-01-24,3,Transferencia,Tienda,Completada,1800.0,10
V005425,C01193,P010,2025-05-07,5,Transferencia,Marketplace,Completada,4500.0,5
V005426,C01184,P030,2025-09-07,5,Tarjeta Crédito,Online,Completada,3200.0,10
V005427,C00951,P016,2025-05-16,5,Tarjeta Crédito,Tienda,Completada,4500.0,15
V005428,C01027,P023,2025-12-28,3,Tarjeta Crédito,Marketplace,Completada,8500.0,0
V005429,C00846,P002,2025-07-27,4,Tarjeta Débito,Online,Completada,14000.0,5
V005430,C00506,P019,2025-06-07,5,Tarjeta Crédito,Tienda,Cancelada,1800.0,20
V005431,C00890,P026,2025-11-17,2,Tarjeta Crédito,Marketplace,Completada,800.0,0
V005432,C00259,P019,2025-05-19,4,Tarjeta Crédito,Tienda,Completada,1800.0,10
V005433,C00121,P016,2025-07-04,3,Transferencia,Online,Cancelada,4500.0,0
V005434,C00205,P022,2025-05-10,2,Transferencia,Online,Completada,1200.0,0
V005435,C00501,P030,2025-02-17,1,Tarjeta Débito,Tienda,Devuelta,3200.0,15
V005436,C00370,P018,2025-06-22,3,Tarjeta Crédito,Tienda,Devuelta,900.0,0
V005437,C01066,P021,2025-03-29,3,Tarjeta Débito,Marketplace,Devuelta,11000.0,0
V005438,C00848,P020,2025-07-01,1,Tarjeta Crédito,Marketplace,Completada,1500.0,0
V005439,C00331,P002,2025-01-02,5,Transferencia,Online,Completada,14000.0,15
V005440,C00648,P024,2025-06-18,2,Tarjeta Crédito,Online,Completada,14500.0,10
V005441,C00093,P008,2025-07-04,2,Transferencia,Online,Completada,700.0,10
V005442,C00721,P002,2025-10-27,3,Tarjeta Débito,Online,Completada,14000.0,10
V005443,C00038,P006,2025-07-11,1,Tarjeta Débito,Online,Completada,1800.0,0
V005444,C00246,P003,2025-06-21,5,Tarjeta Crédito,Tienda,Cancelada,6500.0,10
V005445,C00652,P027,2025-09-03,1,Tarjeta Crédito,Online,Completada,6000.0,10
V005446,C00327,P006,2025-12-09,3,Tarjeta Débito,Marketplace,Cancelada,1800.0,0
V005447,C00418,P007,2025-03-24,2,Tarjeta Débito,Online,Completada,1400.0,5
V005448,C00013,P005,2025-02-05,4,Tarjeta Crédito,Online,Cancelada,12000.0,0
V005449,C00086,P027,2025-09-17,2,Tarjeta Débito,Tienda,Cancelada,6000.0,10
V005450,C00600,P001,2025-04-24,5,Tarjeta Crédito,Tienda,Completada,22000.0,0
V005451,C00815,P028,2025-09-10,4,Efectivo,Online,Completada,250.0,5
V005452,C00968,P005,2025-01-23,1,Tarjeta Crédito,Tienda,Devuelta,12000.0,0
V005453,C00732,P008,2025-04-02,3,Tarjeta Crédito,Online,Devuelta,700.0,10
V005454,C00007,P020,2025-06-30,5,Tarjeta Crédito,Tienda,Devuelta,1500.0,5
V005455,C00217,P009,2025-01-18,2,Tarjeta Crédito,Online,Cancelada,1300.0,0
V005456,C00571,P002,2025-03-25,2,Tarjeta Crédito,Online,Completada,14000.0,10
V005457,C01129,P005,2025-04-23,5,Efectivo,Online,Devuelta,12000.0,5
V005458,C00607,P004,2025-08-19,2,Tarjeta Crédito,Online,Completada,9000.0,5
V005459,C01150,P008,2025-12-10,1,Tarjeta Débito,Online,Completada,700.0,0
V005460,C00439,P015,2025-01-18,3,Tarjeta Crédito,Online,Devuelta,2600.0,5
V005461,C00233,P011,2025-03-15,5,Tarjeta Débito,Tienda,Completada,1800.0,20
V005462,C00196,P023,2025-06-21,4,Tarjeta Crédito,Tienda,Completada,8500.0,5
V005463,C00969,P019,2025-04-04,5,Tarjeta Crédito,Online,Devuelta,1800.0,0
V005464,C00158,P025,2025-07-27,4,Tarjeta Crédito,Tienda,Cancelada,4200.0,0
V005465,C00737,P028,2025-08-04,1,Tarjeta Débito,Tienda,Completada,250.0,10
V005466,C00310,P015,2025-06-19,3,Transferencia,Online,Completada,2600.0,5
V005467,C00874,P027,2025-07-13,5,Tarjeta Débito,Marketplace,Devuelta,6000.0,0
V005468,C00601,P010,2025-04-12,2,Transferencia,Online,Completada,4500.0,0
V005469,C00698,P030,2025-04-13,2,Tarjeta Débito,Online,Completada,3200.0,10
V005470,C00639,P009,2025-02-15,5,Tarjeta Débito,Online,Completada,1300.0,0
V005471,C01138,P014,2025-10-13,3,Tarjeta Crédito,Marketplace,Completada,5500.0,10
V005472,C00058,P024,2025-02-25,1,Tarjeta Crédito,Tienda,Completada,14500.0,5
V005473,C00088,P018,2025-02-17,1,Tarjeta Débito,Tienda,Completada,900.0,0
V005474,C00647,P014,2025-01-30,2,Tarjeta Crédito,Online,Devuelta,5500.0,15
V005475,C00899,P003,2025-10-06,3,Tarjeta Débito,Tienda,Completada,6500.0,5
V005476,C00070,P021,2025-10-17,1,Tarjeta Débito,Marketplace,Completada,11000.0,0
V005477,C01028,P015,2025-02-21,5,Efectivo,Marketplace,Cancelada,2600.0,0
V005478,C00354,P004,2025-07-31,1,Tarjeta Crédito,Tienda,Completada,9000.0,0
V005479,C00102,P018,2025-10-09,1,Transferencia,Online,Devuelta,900.0,0
V005480,C00789,P010,2025-07-21,1,Transferencia,Online,Completada,4500.0,10
V005481,C00486,P011,2025-12-09,2,Tarjeta Crédito,Online,Cancelada,1800.0,10
V005482,C00258,P003,2025-11-20,1,Efectivo,Online,Devuelta,6500.0,5
V005483,C00105,P020,2025-06-26,1,Efectivo,Online,Completada,1500.0,0
V005484,C01111,P021,2025-11-20,2,Tarjeta Crédito,Online,Devuelta,11000.0,10
V005485,C00052,P011,2025-03-19,1,Tarjeta Débito,Online,Completada,1800.0,20
V005486,C01129,P014,2025-01-15,2,Tarjeta Crédito,Marketplace,Cancelada,5500.0,0
V005487,C00656,P026,2025-06-22,3,Tarjeta Crédito,Marketplace,Completada,800.0,5
V005488,C00051,P010,2025-05-22,3,Efectivo,Online,Cancelada,4500.0,0
V005489,C00013,P002,2025-08-05,2,Tarjeta Crédito,Marketplace,Completada,14000.0,5
V005490,C00636,P016,2025-09-12,1,Tarjeta Débito,Online,Devuelta,4500.0,5
V005491,C00432,P001,2025-09-21,2,Tarjeta Débito,Marketplace,Completada,22000.0,0
V005492,C00888,P016,2025-05-23,2,Efectivo,Online,Cancelada,4500.0,20
V005493,C00208,P018,2025-02-28,1,Tarjeta Crédito,Tienda,Completada,900.0,0
V005494,C00522,P026,2025-02-16,5,Tarjeta Crédito,Marketplace,Devuelta,800.0,0
V005495,C00676,P020,2025-02-07,1,Transferencia,Online,Devuelta,1500.0,20
V005496,C01079,P013,2025-04-01,2,Transferencia,Online,Devuelta,2200.0,0
V005497,C01165,P016,2025-09-09,3,Efectivo,Online,Devuelta,4500.0,5
V005498,C00763,P008,2025-04-26,5,Tarjeta Débito,Online,Completada,700.0,10
V005499,C00699,P021,2025-08-07,4,Tarjeta Débito,Tienda,Cancelada,11000.0,0
V005500,C00985,P001,2025-01-19,5,Transferencia,Online,Completada,22000.0,5
V005501,C00695,P007,2025-11-15,1,Transferencia,Online,Completada,1400.0,15
V005502,C00787,P018,2025-03-27,4,Efectivo,Online,Cancelada,900.0,15
V005503,C00447,P009,2025-11-10,2,Tarjeta Débito,Marketplace,Devuelta,1300.0,0
V005504,C00831,P012,2025-03-09,2,Tarjeta Débito,Tienda,Devuelta,1700.0,0
V005505,C00489,P013,2025-11-03,3,Tarjeta Débito,Online,Cancelada,2200.0,0
V005506,C01197,P001,2025-01-14,1,Tarjeta Crédito,Online,Completada,19800.0,5
V005507,C00263,P012,2025-08-27,1,Tarjeta Crédito,Tienda,Devuelta,1700.0,5
V005508,C00680,P024,2025-02-11,5,Tarjeta Crédito,Online,Cancelada,14500.0,0
V005509,C00890,P002,2025-02-03,4,Transferencia,Online,Completada,11200.0,10
V005510,C00404,P011,2025-12-14,1,Transferencia,Tienda,Cancelada,1800.0,15
V005511,C00728,P008,2025-03-21,2,Tarjeta Crédito,Marketplace,Completada,700.0,5
V005512,C01037,P025,2025-09-09,4,Tarjeta Crédito,Tienda,Cancelada,4200.0,5
V005513,C00350,P026,2025-03-16,5,Transferencia,Online,Devuelta,800.0,0
V005514,C00604,P029,2025-12-12,4,Tarjeta Crédito,Online,Cancelada,350.0,0
V005515,C00627,P019,2025-02-28,4,Transferencia,Online,Completada,1800.0,5
V005516,C00660,P030,2025-10-04,5,Transferencia,Marketplace,Cancelada,3200.0,15
V005517,C00628,P009,2025-03-13,1,Tarjeta Débito,Tienda,Cancelada,1300.0,5
V005518,C00930,P012,2025-08-04,1,Efectivo,Online,Completada,1700.0,0
V005519,C01121,P024,2025-10-06,5,Tarjeta Débito,Tienda,Completada,14500.0,10
V005520,C00669,P008,2025-04-15,1,Efectivo,Marketplace,Cancelada,700.0,5
V005521,C00054,P013,2025-08-27,2,Transferencia,Online,Completada,2200.0,0
V005522,C00337,P002,2025-12-07,3,Transferencia,Tienda,Completada,12600.0,0
V005523,C00971,P004,2025-07-30,2,Tarjeta Crédito,Tienda,Devuelta,9000.0,5
V005524,C00092,P023,2025-03-21,1,Transferencia,Online,Completada,8500.0,10
V005525,C01098,P005,2025-10-22,1,Tarjeta Débito,Tienda,Devuelta,12000.0,10
V005526,C00899,P001,2025-09-07,5,Tarjeta Débito,Online,Completada,22000.0,0
V005527,C01042,P003,2025-08-12,2,Tarjeta Débito,Online,Completada,6500.0,15
V005528,C01002,P003,2025-03-03,2,Tarjeta Crédito,Online,Completada,6500.0,5
V005529,C00123,P005,2025-04-17,1,Tarjeta Crédito,Online,Devuelta,12000.0,5
V005530,C00665,P009,2025-09-01,5,Efectivo,Marketplace,Completada,1300.0,0
V005531,C00451,P012,2025-06-07,2,Tarjeta Crédito,Online,Devuelta,1360.0,15
V005532,C00641,P009,2025-08-08,3,Transferencia,Online,Devuelta,1300.0,10
V005533,C00849,P005,2025-03-29,3,Tarjeta Crédito,Online,Cancelada,12000.0,0
V005534,C00466,P007,2025-07-25,2,Tarjeta Débito,Tienda,Completada,1400.0,5
V005535,C00123,P012,2025-01-07,4,Transferencia,Tienda,Completada,1700.0,5
V005536,C00076,P005,2025-01-09,1,Tarjeta Débito,Tienda,Devuelta,12000.0,5
V005537,C01004,P027,2025-08-19,5,Tarjeta Crédito,Online,Completada,6000.0,5
V005538,C00645,P021,2025-07-13,3,Efectivo,Tienda,Completada,11000.0,10
V005539,C00379,P029,2025-02-24,5,Tarjeta Débito,Tienda,Completada,350.0,5
V005540,C00176,P011,2025-05-11,4,Tarjeta Crédito,Online,Completada,1800.0,5
V005541,C00565,P016,2025-03-16,2,Tarjeta Débito,Online,Completada,4500.0,0
V005542,C00720,P019,2025-03-07,3,Tarjeta Débito,Online,Cancelada,1800.0,0
V005543,C00391,P024,2025-04-09,1,Tarjeta Débito,Marketplace,Devuelta,14500.0,0
V005544,C00203,P017,2025-06-17,5,Tarjeta Débito,Online,Completada,2200.0,5
V005545,C00452,P019,2025-09-10,5,Transferencia,Online,Completada,1800.0,0
V005546,C00106,P009,2025-11-17,1,Efectivo,Online,Cancelada,1300.0,0
V005547,C00188,P001,2025-08-26,5,Transferencia,Marketplace,Cancelada,22000.0,0
V005548,C01141,P028,2025-11-12,4,Tarjeta Débito,Online,Completada,250.0,0
V005549,C00242,P016,2025-05-25,2,Tarjeta Débito,Online,Devuelta,4500.0,5
V005550,C01124,P022,2025-06-27,1,Tarjeta Crédito,Online,Completada,1200.0,0
V005551,C00788,P016,2025-02-21,4,Tarjeta Crédito,Online,Completada,4500.0,5
V005552,C00865,P022,2025-06-09,4,Tarjeta Crédito,Tienda,Completada,1200.0,0
V005553,C00392,P028,2025-06-23,4,Tarjeta Débito,Online,Completada,250.0,15
V005554,C00823,P021,2025-09-17,3,Tarjeta Débito,Marketplace,Cancelada,11000.0,10
V005555,C00018,P028,2025-05-17,4,Tarjeta Crédito,Tienda,Completada,250.0,5
V005556,C01162,P010,2025-08-27,5,Transferencia,Online,Cancelada,4500.0,5
V005557,C00815,P027,2025-07-28,1,Transferencia,Online,Devuelta,6000.0,0
V005558,C00873,P011,2025-12-21,4,Tarjeta Crédito,Online,Completada,1800.0,10
V005559,C00003,P015,2025-03-21,4,Tarjeta Crédito,Marketplace,Devuelta,2600.0,0
V005560,C00898,P016,2025-02-11,1,Tarjeta Débito,Tienda,Completada,4500.0,5
V005561,C00084,P027,2025-06-07,5,Transferencia,Online,Devuelta,6000.0,10
V005562,C00250,P007,2025-09-09,4,Transferencia,Online,Completada,1400.0,0
V005563,C01151,P016,2025-04-13,5,Tarjeta Débito,Online,Cancelada,4500.0,0
V005564,C00534,P013,2025-02-24,3,Tarjeta Crédito,Online,Cancelada,2200.0,0
V005565,C00801,P001,2025-07-07,2,Tarjeta Débito,Online,Completada,22000.0,15
V005566,C00681,P007,2025-09-05,3,Tarjeta Débito,Tienda,Completada,1400.0,10
V005567,C00849,P019,2025-11-26,4,Efectivo,Marketplace,Completada,1800.0,10
V005568,C00395,P004,2025-08-26,5,Tarjeta Crédito,Marketplace,Completada,9000.0,0
V005569,C00433,P001,2025-12-22,4,Tarjeta Crédito,Online,Completada,22000.0,15
V005570,C00073,P018,2025-04-07,3,Tarjeta Débito,Online,Cancelada,900.0,5
V005571,C00861,P023,2025-12-20,4,Transferencia,Online,Completada,8500.0,10
V005572,C00399,P030,2025-07-15,3,Tarjeta Crédito,Marketplace,Cancelada,3200.0,0
V005573,C01141,P005,2025-06-22,4,Transferencia,Online,Completada,12000.0,15
V005574,C00632,P003,2025-01-15,5,Tarjeta Crédito,Tienda,Completada,6500.0,0
V005575,C00838,P007,2025-10-28,4,Tarjeta Débito,Marketplace,Completada,1400.0,0
V005576,C00483,P011,2025-08-19,3,Transferencia,Online,Cancelada,1800.0,0
V005577,C00616,P030,2025-11-28,3,Tarjeta Débito,Marketplace,Completada,3200.0,0
V005578,C00052,P012,2025-04-10,2,Tarjeta Crédito,Online,Cancelada,1700.0,5
V005579,C00786,P013,2025-12-19,3,Tarjeta Crédito,Online,Completada,2200.0,15
V005580,C00639,P004,2025-06-24,3,Efectivo,Tienda,Devuelta,9000.0,10
V005581,C00481,P004,2025-06-19,3,Tarjeta Crédito,Online,Completada,9000.0,0
V005582,C00725,P011,2025-08-29,2,Transferencia,Online,Completada,1800.0,0
V005583,C00847,P028,2025-10-11,3,Transferencia,Online,Completada,250.0,0
V005584,C00472,P024,2025-08-02,3,Tarjeta Crédito,Online,Completada,14500.0,10
V005585,C00367,P020,2025-10-30,4,Tarjeta Crédito,Marketplace,Completada,1500.0,0
V005586,C00564,P001,2025-09-27,4,Efectivo,Marketplace,Completada,22000.0,0
V005587,C01027,P001,2025-01-25,5,Tarjeta Crédito,Online,Completada,22000.0,5
V005588,C00717,P026,2025-01-09,4,Tarjeta Crédito,Marketplace,Devuelta,800.0,10
V005589,C00679,P001,2025-09-22,3,Efectivo,Online,Cancelada,22000.0,0
V005590,C00266,P023,2025-03-24,3,Efectivo,Online,Completada,8500.0,10
V005591,C00076,P002,2025-01-03,3,Efectivo,Marketplace,Completada,14000.0,0
V005592,C00378,P016,2025-03-31,3,Transferencia,Marketplace,Completada,4500.0,10
V005593,C00941,P029,2025-12-15,1,Tarjeta Crédito,Marketplace,Completada,350.0,5
V005594,C00290,P020,2025-05-21,2,Transferencia,Online,Completada,1500.0,10
V005595,C00590,P029,2025-12-09,4,Tarjeta Crédito,Online,Completada,350.0,5
V005596,C00542,P014,2025-07-04,2,Tarjeta Débito,Tienda,Completada,5500.0,10
V005597,C00198,P030,2025-02-19,3,Tarjeta Débito,Tienda,Completada,3200.0,5
V005598,C00317,P006,2025-05-07,2,Tarjeta Débito,Tienda,Cancelada,1800.0,0
V005599,C00256,P010,2025-02-24,4,Tarjeta Crédito,Online,Completada,4500.0,5
V005600,C00203,P012,2025-06-08,1,Tarjeta Crédito,Online,Completada,1700.0,0
V005601,C00252,P010,2025-07-14,2,Tarjeta Crédito,Online,Completada,4500.0,5
V005602,C00803,P025,2025-07-12,3,Efectivo,Online,Cancelada,4200.0,0
V005603,C00218,P026,2025-10-28,1,Tarjeta Crédito,Tienda,Cancelada,800.0,5
V005604,C00965,P030,2025-12-17,3,Transferencia,Online,Completada,3200.0,5
V005605,C00311,P022,2025-03-21,2,Transferencia,Online,Completada,1200.0,0
V005606,C00711,P014,2025-04-27,5,Tarjeta Crédito,Online,Cancelada,5500.0,0
V005607,C00045,P011,2025-09-01,3,Efectivo,Tienda,Completada,1800.0,10
V005608,C00830,P007,2025-07-21,3,Tarjeta Crédito,Tienda,Devuelta,1400.0,0
V005609,C00809,P005,2025-08-21,5,Tarjeta Débito,Tienda,Completada,12000.0,5
V005610,C00099,P018,2025-06-24,3,Tarjeta Crédito,Online,Devuelta,900.0,20
V005611,C00810,P030,2025-12-29,1,Transferencia,Online,Completada,3200.0,10
V005612,C00501,P028,2025-12-02,2,Transferencia,Online,Cancelada,250.0,0
V005613,C00647,P010,2025-09-21,4,Tarjeta Crédito,Marketplace,Completada,4500.0,0
V005614,C00997,P017,2025-09-09,5,Tarjeta Crédito,Online,Completada,2200.0,0
V005615,C00966,P020,2025-07-26,5,Tarjeta Crédito,Online,Cancelada,1500.0,20
V005616,C00999,P027,2025-10-05,4,Tarjeta Débito,Marketplace,Completada,6000.0,0
V005617,C00499,P014,2025-05-23,1,Tarjeta Débito,Marketplace,Completada,5500.0,0
V005618,C00131,P024,2025-06-07,2,Transferencia,Online,Completada,14500.0,0
V005619,C00090,P014,2025-12-22,1,Tarjeta Débito,Marketplace,Devuelta,5500.0,10
V005620,C00043,P028,2025-11-30,2,Transferencia,Online,Completada,225.0,5
V005621,C00208,P002,2025-09-23,3,Tarjeta Débito,Tienda,Devuelta,14000.0,10
V005622,C00344,P028,2025-02-11,5,Tarjeta Crédito,Online,Completada,250.0,0
V005623,C00504,P002,2025-02-16,1,Tarjeta Crédito,Online,Completada,14000.0,0
V005624,C00554,P028,2025-07-10,5,Tarjeta Crédito,Online,Completada,250.0,5
V005625,C01142,P029,2025-12-15,4,Tarjeta Crédito,Tienda,Completada,350.0,15
V005626,C00002,P007,2025-03-01,4,Tarjeta Crédito,Marketplace,Completada,1400.0,0
V005627,C00591,P029,2025-11-23,5,Tarjeta Débito,Online,Completada,350.0,10
V005628,C00427,P030,2025-09-20,3,Transferencia,Online,Completada,3200.0,5
V005629,C00698,P014,2025-08-02,1,Tarjeta Débito,Online,Cancelada,5500.0,20
V005630,C00410,P007,2025-04-14,2,Tarjeta Débito,Tienda,Devuelta,1400.0,0
V005631,C00523,P012,2025-11-08,1,Tarjeta Débito,Tienda,Completada,1700.0,0
V005632,C00857,P022,2025-11-27,4,Tarjeta Crédito,Online,Completada,1200.0,0
V005633,C00502,P028,2025-05-14,4,Transferencia,Tienda,Completada,250.0,0
V005634,C00770,P006,2025-06-29,2,Transferencia,Online,Completada,1800.0,10
V005635,C00645,P001,2025-05-04,5,Efectivo,Marketplace,Completada,22000.0,5
V005636,C00956,P017,2025-08-13,5,Tarjeta Crédito,Online,Cancelada,2200.0,0
V005637,C00860,P022,2025-09-21,4,Tarjeta Crédito,Tienda,Devuelta,1200.0,15
V005638,C00275,P001,2025-05-29,4,Efectivo,Online,Completada,22000.0,5
V005639,C00446,P019,2025-03-22,5,Tarjeta Débito,Tienda,Cancelada,1800.0,0
V005640,C00325,P006,2025-04-30,3,Tarjeta Débito,Online,Completada,1800.0,5
V005641,C00483,P015,2025-01-13,4,Tarjeta Débito,Online,Cancelada,2600.0,0
V005642,C01073,P024,2025-08-01,3,Tarjeta Crédito,Online,Completada,14500.0,0
V005643,C00348,P027,2025-08-07,1,Tarjeta Débito,Tienda,Completada,6000.0,0
V005644,C00209,P002,2025-05-18,3,Tarjeta Débito,Online,Completada,14000.0,5
V005645,C00877,P012,2025-10-03,4,Efectivo,Online,Cancelada,1700.0,0
V005646,C00873,P012,2025-07-05,3,Transferencia,Marketplace,Completada,1700.0,5
V005647,C00911,P020,2025-02-28,1,Tarjeta Crédito,Online,Completada,1500.0,0
V005648,C01064,P010,2025-09-13,2,Tarjeta Crédito,Tienda,Devuelta,4500.0,0
V005649,C00487,P021,2025-08-26,3,Transferencia,Online,Completada,11000.0,15
V005650,C01156,P002,2025-04-22,1,Transferencia,Online,Completada,14000.0,0
V005651,C00168,P022,2025-07-28,3,Tarjeta Crédito,Marketplace,Cancelada,1200.0,20
V005652,C00217,P012,2025-02-22,5,Tarjeta Débito,Online,Cancelada,1700.0,0
V005653,C00455,P009,2025-03-18,4,Tarjeta Débito,Marketplace,Devuelta,1300.0,10
V005654,C00731,P027,2025-03-16,1,Tarjeta Débito,Online,Cancelada,6000.0,0
V005655,C00296,P024,2025-07-16,2,Tarjeta Crédito,Tienda,Completada,14500.0,10
V005656,C00123,P024,2025-03-08,1,Tarjeta Débito,Tienda,Cancelada,14500.0,0
V005657,C00212,P014,2025-04-06,4,Tarjeta Crédito,Tienda,Completada,5500.0,5
V005658,C00168,P025,2025-05-14,5,Tarjeta Crédito,Marketplace,Completada,4200.0,15
V005659,C00927,P007,2025-06-25,2,Efectivo,Tienda,Completada,1400.0,5
V005660,C00650,P007,2025-07-17,1,Tarjeta Crédito,Tienda,Completada,1400.0,5
V005661,C00511,P020,2025-06-21,2,Efectivo,Online,Completada,1500.0,0
V005662,C00887,P022,2025-03-13,4,Tarjeta Crédito,Online,Cancelada,1200.0,10
V005663,C00561,P001,2025-11-11,1,Tarjeta Débito,Marketplace,Completada,22000.0,5
V005664,C00347,P026,2025-05-05,2,Tarjeta Débito,Online,Devuelta,800.0,0
V005665,C00850,P012,2025-03-26,3,Tarjeta Crédito,Online,Completada,1700.0,5
V005666,C01046,P009,2025-07-24,4,Tarjeta Débito,Marketplace,Completada,1300.0,10
V005667,C00411,P015,2025-01-26,4,Tarjeta Crédito,Tienda,Completada,2600.0,0
V005668,C01195,P004,2025-02-28,2,Efectivo,Online,Devuelta,9000.0,10
V005669,C00097,P005,2025-02-13,2,Tarjeta Crédito,Online,Devuelta,12000.0,0
V005670,C00984,P005,2025-02-15,4,Transferencia,Online,Devuelta,12000.0,15
V005671,C01182,P008,2025-08-06,4,Efectivo,Online,Cancelada,700.0,5
V005672,C00598,P029,2025-06-28,5,Tarjeta Crédito,Marketplace,Cancelada,350.0,0
V005673,C00532,P021,2025-06-17,2,Transferencia,Tienda,Devuelta,11000.0,10
V005674,C00539,P028,2025-12-16,1,Tarjeta Débito,Marketplace,Completada,250.0,5
V005675,C00785,P005,2025-05-03,1,Transferencia,Marketplace,Cancelada,12000.0,5
V005676,C01063,P026,2025-09-05,4,Tarjeta Crédito,Marketplace,Completada,800.0,15
V005677,C00055,P009,2025-02-17,2,Transferencia,Online,Completada,1300.0,0
V005678,C00327,P027,2025-04-04,5,Tarjeta Débito,Online,Completada,6000.0,10
V005679,C00017,P010,2025-04-12,1,Transferencia,Online,Completada,4500.0,10
V005680,C00335,P004,2025-02-10,5,Transferencia,Online,Devuelta,9000.0,5
V005681,C00532,P020,2025-03-03,4,Tarjeta Débito,Tienda,Completada,1500.0,10
V005682,C01016,P017,2025-04-27,5,Tarjeta Crédito,Online,Completada,2200.0,20
V005683,C00011,P024,2025-02-05,2,Tarjeta Crédito,Online,Cancelada,14500.0,5
V005684,C01095,P024,2025-09-04,5,Transferencia,Marketplace,Completada,14500.0,0
V005685,C00507,P004,2025-08-09,3,Tarjeta Crédito,Online,Completada,9000.0,0
V005686,C00597,P030,2025-12-15,5,Tarjeta Crédito,Online,Cancelada,3200.0,10
V005687,C00137,P017,2025-07-22,5,Tarjeta Crédito,Marketplace,Completada,2200.0,0
V005688,C00629,P026,2025-01-03,4,Tarjeta Débito,Marketplace,Completada,800.0,0
V005689,C00165,P027,2025-11-24,4,Transferencia,Marketplace,Cancelada,6000.0,5
V005690,C00889,P004,2025-01-02,1,Tarjeta Débito,Online,Devuelta,9000.0,0
V005691,C00964,P008,2025-12-06,2,Tarjeta Crédito,Online,Completada,700.0,15
V005692,C00658,P016,2025-07-23,4,Tarjeta Crédito,Tienda,Completada,4500.0,10
V005693,C00420,P010,2025-07-20,1,Transferencia,Online,Completada,4500.0,0
V005694,C00409,P015,2025-06-26,3,Tarjeta Crédito,Tienda,Completada,2600.0,0
V005695,C00907,P025,2025-03-15,4,Efectivo,Marketplace,Completada,4200.0,10
V005696,C00858,P015,2025-09-14,3,Tarjeta Débito,Marketplace,Devuelta,2600.0,5
V005697,C00569,P027,2025-01-17,5,Tarjeta Crédito,Online,Cancelada,6000.0,20
V005698,C00352,P001,2025-04-23,4,Efectivo,Marketplace,Devuelta,22000.0,5
V005699,C00195,P015,2025-08-02,3,Tarjeta Crédito,Marketplace,Completada,2600.0,15
V005700,C00658,P005,2025-09-30,4,Tarjeta Crédito,Tienda,Completada,12000.0,5
V005701,C00176,P011,2025-03-19,1,Tarjeta Crédito,Tienda,Completada,1800.0,5
V005702,C00751,P001,2025-04-16,1,Transferencia,Tienda,Completada,22000.0,10
V005703,C01108,P005,2025-04-22,4,Tarjeta Crédito,Online,Completada,12000.0,5
V005704,C00619,P016,2025-08-27,5,Transferencia,Tienda,Cancelada,4500.0,0
V005705,C00552,P007,2025-04-30,3,Efectivo,Tienda,Cancelada,1400.0,0
V005706,C00947,P013,2025-05-20,1,Tarjeta Débito,Online,Completada,2200.0,5
V005707,C00302,P001,2025-08-26,5,Tarjeta Débito,Online,Completada,22000.0,10
V005708,C00263,P029,2025-07-06,3,Efectivo,Tienda,Cancelada,350.0,10
V005709,C00305,P008,2025-03-23,4,Efectivo,Tienda,Completada,700.0,15
V005710,C00579,P004,2025-12-04,3,Tarjeta Crédito,Tienda,Completada,9000.0,10
V005711,C00258,P021,2025-12-24,1,Tarjeta Débito,Tienda,Devuelta,11000.0,10
V005712,C00286,P023,2025-01-27,3,Tarjeta Crédito,Online,Completada,8500.0,10
V005713,C01190,P014,2025-11-18,5,Tarjeta Débito,Tienda,Devuelta,5500.0,0
V005714,C00930,P030,2025-04-26,1,Tarjeta Crédito,Tienda,Cancelada,3200.0,0
V005715,C00848,P016,2025-04-05,5,Transferencia,Tienda,Devuelta,4500.0,15
V005716,C01146,P026,2025-08-19,2,Transferencia,Tienda,Completada,800.0,10
V005717,C00364,P014,2025-09-23,5,Tarjeta Crédito,Online,Devuelta,5500.0,10
V005718,C00560,P014,2025-05-21,3,Tarjeta Débito,Marketplace,Completada,5500.0,0
V005719,C00459,P022,2025-05-03,1,Tarjeta Débito,Marketplace,Completada,1200.0,5
V005720,C00259,P008,2025-08-12,5,Tarjeta Crédito,Marketplace,Completada,770.0000000000001,0
V005721,C00195,P020,2025-08-16,5,Tarjeta Crédito,Tienda,Cancelada,1500.0,5
V005722,C00372,P013,2025-02-18,5,Tarjeta Crédito,Online,Cancelada,2200.0,0
V005723,C00881,P012,2025-12-08,1,Tarjeta Débito,Tienda,Completada,1700.0,5
V005724,C01156,P028,2025-01-07,4,Tarjeta Crédito,Tienda,Completada,250.0,0
V005725,C00448,P019,2025-08-21,1,Tarjeta Crédito,Marketplace,Devuelta,1800.0,5
V005726,C01144,P015,2025-09-21,1,Tarjeta Crédito,Tienda,Devuelta,2600.0,5
V005727,C00743,P016,2025-07-08,1,Tarjeta Crédito,Online,Completada,4500.0,10
V005728,C01051,P004,2025-09-16,4,Tarjeta Crédito,Tienda,Devuelta,9000.0,5
V005729,C00689,P023,2025-07-12,5,Efectivo,Tienda,Completada,8500.0,0
V005730,C00237,P022,2025-11-24,2,Tarjeta Crédito,Marketplace,Completada,1200.0,0
V005731,C00689,P001,2025-06-26,1,Transferencia,Marketplace,Completada,22000.0,5
V005732,C00588,P013,2025-03-07,1,Tarjeta Débito,Online,Devuelta,2200.0,20
V005733,C01013,P001,2025-09-08,3,Tarjeta Débito,Tienda,Completada,22000.0,10
V005734,C00560,P003,2025-03-03,1,Tarjeta Crédito,Online,Cancelada,6500.0,5
V005735,C00343,P003,2025-03-11,3,Tarjeta Débito,Online,Completada,6500.0,5
V005736,C01020,P030,2025-07-21,3,Tarjeta Débito,Online,Cancelada,3200.0,10
V005737,C00771,P016,2025-08-23,4,Tarjeta Crédito,Marketplace,Completada,4500.0,10
V005738,C00915,P028,2025-10-08,5,Tarjeta Débito,Online,Completada,250.0,0
V005739,C00044,P016,2025-01-19,2,Tarjeta Débito,Tienda,Devuelta,4500.0,0
V005740,C00639,P021,2025-07-27,2,Tarjeta Débito,Online,Cancelada,11000.0,15
V005741,C00654,P002,2025-11-17,1,Tarjeta Débito,Tienda,Completada,14000.0,10
V005742,C00975,P002,2025-04-21,2,Tarjeta Débito,Tienda,Completada,14000.0,0
V005743,C00709,P008,2025-07-24,5,Tarjeta Crédito,Online,Cancelada,700.0,20
V005744,C00820,P017,2025-03-08,3,Tarjeta Crédito,Online,Cancelada,2200.0,0
V005745,C00874,P001,2025-10-19,5,Tarjeta Crédito,Online,Completada,22000.0,20
V005746,C00908,P016,2025-08-01,1,Transferencia,Online,Cancelada,4500.0,20
V005747,C00895,P027,2025-02-19,1,Tarjeta Débito,Marketplace,Cancelada,6000.0,0
V005748,C00628,P014,2025-07-20,4,Tarjeta Débito,Tienda,Devuelta,5500.0,5
V005749,C00704,P030,2025-10-19,3,Transferencia,Tienda,Devuelta,3200.0,15
V005750,C00806,P029,2025-12-09,5,Tarjeta Crédito,Online,Devuelta,350.0,20
V005751,C00988,P001,2025-09-15,5,Tarjeta Débito,Online,Cancelada,22000.0,10
V005752,C01178,P024,2025-05-05,3,Efectivo,Tienda,Cancelada,14500.0,20
V005753,C00665,P010,2025-07-28,2,Tarjeta Crédito,Online,Completada,4500.0,5
V005754,C00391,P004,2025-11-27,4,Tarjeta Crédito,Online,Completada,9000.0,5
V005755,C00799,P013,2025-07-16,3,Efectivo,Tienda,Completada,2200.0,20
V005756,C00500,P030,2025-08-30,3,Transferencia,Online,Cancelada,3200.0,5
V005757,C00894,P029,2025-07-04,5,Tarjeta Débito,Marketplace,Completada,350.0,0
V005758,C00018,P026,2025-10-16,3,Transferencia,Online,Devuelta,800.0,10
V005759,C00567,P013,2025-03-02,5,Transferencia,Marketplace,Completada,2200.0,5
V005760,C00620,P021,2025-11-26,2,Efectivo,Tienda,Completada,11000.0,0
V005761,C00795,P016,2025-08-16,1,Tarjeta Crédito,Tienda,Completada,4500.0,5
V005762,C01118,P023,2025-06-05,2,Transferencia,Online,Completada,8500.0,0
V005763,C00133,P008,2025-07-17,4,Tarjeta Crédito,Tienda,Completada,700.0,5
V005764,C01045,P011,2025-07-12,2,Transferencia,Online,Completada,1800.0,5
V005765,C00280,P023,2025-03-28,1,Transferencia,Marketplace,Completada,8500.0,5
V005766,C00583,P002,2025-10-15,2,Transferencia,Tienda,Devuelta,14000.0,0
V005767,C00273,P026,2025-10-29,5,Tarjeta Débito,Marketplace,Completada,800.0,15
V005768,C00431,P009,2025-05-19,2,Tarjeta Crédito,Tienda,Cancelada,1300.0,5
V005769,C00050,P020,2025-04-12,1,Tarjeta Débito,Online,Completada,1500.0,5
V005770,C00467,P010,2025-11-08,5,Transferencia,Tienda,Devuelta,4500.0,20
V005771,C00494,P022,2025-01-21,1,Tarjeta Crédito,Marketplace,Completada,1200.0,5
V005772,C00776,P011,2025-02-08,1,Transferencia,Online,Devuelta,1800.0,0
V005773,C00706,P015,2025-10-11,4,Tarjeta Crédito,Tienda,Cancelada,2600.0,10
V005774,C00230,P011,2025-08-13,1,Tarjeta Crédito,Marketplace,Devuelta,1800.0,5
V005775,C00598,P016,2025-07-29,2,Tarjeta Débito,Online,Cancelada,4500.0,0
V005776,C00750,P024,2025-12-18,3,Tarjeta Crédito,Tienda,Cancelada,14500.0,10
V005777,C01158,P021,2025-05-19,4,Tarjeta Débito,Tienda,Completada,11000.0,15
V005778,C00321,P014,2025-07-29,1,Tarjeta Crédito,Tienda,Completada,5500.0,0
V005779,C00114,P012,2025-03-30,2,Efectivo,Marketplace,Completada,1700.0,0
V005780,C00138,P014,2025-07-29,5,Tarjeta Crédito,Online,Completada,5500.0,10
V005781,C00560,P004,2025-03-01,1,Efectivo,Tienda,Completada,9000.0,0
V005782,C00607,P023,2025-11-05,4,Tarjeta Débito,Online,Cancelada,8500.0,20
V005783,C00885,P019,2025-06-15,4,Transferencia,Tienda,Completada,1800.0,20
V005784,C00292,P024,2025-01-10,4,Tarjeta Débito,Marketplace,Devuelta,14500.0,0
V005785,C00892,P006,2025-10-07,3,Tarjeta Crédito,Tienda,Devuelta,1800.0,0
V005786,C00473,P017,2025-07-15,4,Tarjeta Crédito,Online,Cancelada,2200.0,5
V005787,C01115,P005,2025-07-31,1,Tarjeta Débito,Online,Completada,12000.0,5
V005788,C01027,P024,2025-08-08,4,Tarjeta Débito,Tienda,Completada,14500.0,0
V005789,C00444,P019,2025-01-24,5,Tarjeta Débito,Online,Cancelada,1800.0,0
V005790,C00843,P011,2025-01-15,5,Tarjeta Crédito,Tienda,Completada,1800.0,0
V005791,C01019,P009,2025-02-03,3,Tarjeta Crédito,Online,Completada,1300.0,0
V005792,C00710,P002,2025-10-04,4,Tarjeta Crédito,Online,Devuelta,14000.0,5
V005793,C00022,P015,2025-01-05,5,Tarjeta Crédito,Tienda,Cancelada,2600.0,5
V005794,C00965,P003,2025-05-28,2,Transferencia,Marketplace,Completada,6500.0,10
V005795,C00855,P026,2025-09-01,2,Tarjeta Crédito,Tienda,Completada,800.0,0
V005796,C00751,P017,2025-05-12,5,Tarjeta Débito,Online,Cancelada,2200.0,20
V005797,C01185,P020,2025-06-20,5,Tarjeta Crédito,Marketplace,Completada,1500.0,10
V005798,C00885,P020,2025-12-08,4,Tarjeta Crédito,Online,Cancelada,1500.0,15
V005799,C00063,P030,2025-11-18,1,Transferencia,Online,Cancelada,3200.0,5
V005800,C00761,P003,2025-05-15,5,Tarjeta Crédito,Marketplace,Completada,6500.0,10
V005801,C00768,P006,2025-06-12,1,Transferencia,Online,Completada,1800.0,10
V005802,C00850,P006,2025-09-01,3,Efectivo,Online,Cancelada,1800.0,10
V005803,C00355,P003,2025-02-16,3,Tarjeta Crédito,Tienda,Cancelada,6500.0,0
V005804,C00682,P024,2025-06-22,3,Transferencia,Tienda,Completada,14500.0,0
V005805,C00146,P024,2025-03-02,2,Tarjeta Crédito,Online,Devuelta,14500.0,10
V005806,C01040,P022,2025-05-30,5,Transferencia,Tienda,Completada,1200.0,0
V005807,C00582,P021,2025-03-25,5,Tarjeta Débito,Online,Completada,11000.0,0
V005808,C00675,P005,2025-05-23,5,Tarjeta Crédito,Tienda,Cancelada,12000.0,15
V005809,C00183,P003,2025-06-08,5,Transferencia,Tienda,Completada,6500.0,5
V005810,C00503,P003,2025-12-26,3,Transferencia,Online,Completada,6500.0,0
V005811,C00895,P015,2025-09-13,3,Tarjeta Débito,Tienda,Completada,2600.0,0
V005812,C00574,P027,2025-10-15,3,Tarjeta Crédito,Tienda,Completada,6000.0,5
V005813,C00003,P030,2025-07-25,4,Tarjeta Crédito,Marketplace,Completada,3200.0,0
V005814,C00601,P027,2025-04-19,5,Tarjeta Crédito,Marketplace,Cancelada,6000.0,0
V005815,C00976,P006,2025-03-27,5,Tarjeta Débito,Online,Cancelada,1800.0,20
V005816,C00563,P023,2025-07-26,3,Tarjeta Crédito,Online,Completada,8500.0,5
V005817,C00902,P008,2025-05-31,1,Tarjeta Débito,Marketplace,Completada,700.0,0
V005818,C01174,P007,2025-04-12,5,Tarjeta Débito,Online,Completada,1400.0,20
V005819,C00538,P003,2025-11-05,2,Tarjeta Débito,Online,Cancelada,6500.0,10
V005820,C01049,P019,2025-02-05,1,Tarjeta Débito,Marketplace,Completada,1800.0,10
V005821,C01063,P002,2025-04-16,1,Efectivo,Online,Cancelada,14000.0,15
V005822,C00744,P020,2025-09-05,1,Transferencia,Tienda,Completada,1500.0,5
V005823,C00766,P020,2025-03-25,4,Tarjeta Crédito,Marketplace,Completada,1500.0,5
V005824,C00714,P018,2025-08-02,2,Efectivo,Online,Completada,900.0,5
V005825,C00609,P001,2025-12-05,2,Tarjeta Crédito,Online,Completada,22000.0,0
V005826,C00401,P001,2025-12-24,1,Tarjeta Crédito,Online,Completada,22000.0,15
V005827,C00430,P027,2025-12-16,4,Transferencia,Tienda,Devuelta,6000.0,10
V005828,C01151,P025,2025-05-07,3,Tarjeta Crédito,Online,Cancelada,4200.0,10
V005829,C00100,P023,2025-10-18,5,Transferencia,Online,Completada,8500.0,15
V005830,C00460,P016,2025-04-24,3,Tarjeta Crédito,Online,Devuelta,4500.0,5
V005831,C00124,P030,2025-03-19,1,Tarjeta Débito,Tienda,Completada,3200.0,0
V005832,C00497,P001,2025-10-30,5,Tarjeta Crédito,Marketplace,Cancelada,22000.0,15
V005833,C01104,P027,2025-12-27,1,Tarjeta Débito,Online,Devuelta,6000.0,10
V005834,C00988,P013,2025-04-29,2,Tarjeta Crédito,Online,Completada,2200.0,0
V005835,C00479,P005,2025-01-06,2,Transferencia,Marketplace,Devuelta,10800.0,10
V005836,C00022,P024,2025-09-10,4,Transferencia,Tienda,Completada,14500.0,0
V005837,C01118,P019,2025-04-08,5,Tarjeta Débito,Online,Completada,1800.0,5
V005838,C00876,P006,2025-11-16,2,Tarjeta Débito,Online,Devuelta,1800.0,0
V005839,C00789,P020,2025-04-13,4,Tarjeta Crédito,Tienda,Devuelta,1500.0,0
V005840,C01140,P028,2025-04-08,2,Transferencia,Tienda,Completada,250.0,0
V005841,C00624,P009,2025-12-22,4,Tarjeta Crédito,Online,Completada,1300.0,5
V005842,C00608,P022,2025-11-11,2,Tarjeta Crédito,Tienda,Cancelada,1200.0,5
V005843,C00787,P020,2025-03-24,1,Tarjeta Crédito,Online,Completada,1500.0,0
V005844,C00378,P008,2025-10-19,3,Tarjeta Crédito,Online,Completada,700.0,5
V005845,C00605,P012,2025-06-01,3,Tarjeta Débito,Marketplace,Cancelada,1700.0,0
V005846,C00831,P024,2025-10-17,5,Efectivo,Online,Cancelada,14500.0,20
V005847,C00090,P019,2025-07-16,3,Efectivo,Marketplace,Completada,1800.0,0
V005848,C00736,P011,2025-05-04,5,Tarjeta Débito,Marketplace,Completada,1800.0,15
V005849,C00642,P022,2025-05-31,4,Tarjeta Crédito,Tienda,Completada,1200.0,5
V005850,C00096,P028,2025-01-06,5,Tarjeta Crédito,Online,Cancelada,250.0,0
V005851,C00165,P018,2025-10-25,3,Tarjeta Débito,Online,Completada,900.0,0
V005852,C00819,P020,2025-01-06,4,Tarjeta Débito,Marketplace,Devuelta,1500.0,0
V005853,C00555,P008,2025-06-09,1,Tarjeta Crédito,Online,Devuelta,700.0,5
V005854,C00684,P022,2025-01-24,1,Tarjeta Débito,Online,Completada,1200.0,20
V005855,C00652,P026,2025-07-10,1,Tarjeta Crédito,Online,Devuelta,800.0,5
V005856,C00900,P017,2025-02-28,1,Tarjeta Crédito,Online,Devuelta,2200.0,10
V005857,C01090,P006,2025-08-31,4,Tarjeta Crédito,Online,Devuelta,1800.0,10
V005858,C00265,P012,2025-03-29,1,Tarjeta Crédito,Marketplace,Completada,1360.0,0
V005859,C01057,P015,2025-04-22,1,Tarjeta Crédito,Marketplace,Completada,2600.0,15
V005860,C00405,P024,2025-04-12,3,Efectivo,Online,Completada,14500.0,5
V005861,C00832,P007,2025-04-10,3,Tarjeta Crédito,Marketplace,Cancelada,1400.0,0
V005862,C00278,P007,2025-09-17,3,Efectivo,Tienda,Completada,1400.0,0
V005863,C00482,P016,2025-09-23,5,Tarjeta Crédito,Marketplace,Completada,4500.0,5
V005864,C00080,P012,2025-02-26,1,Tarjeta Crédito,Tienda,Completada,1700.0,0
V005865,C01132,P012,2025-01-10,4,Tarjeta Crédito,Online,Cancelada,1700.0,5
V005866,C00820,P010,2025-11-12,2,Tarjeta Débito,Tienda,Cancelada,4500.0,0
V005867,C00707,P021,2025-03-04,5,Efectivo,Marketplace,Completada,11000.0,0
V005868,C00901,P008,2025-07-19,5,Efectivo,Online,Completada,700.0,0
V005869,C00208,P025,2025-09-24,2,Tarjeta Crédito,Online,Devuelta,4200.0,0
V005870,C00213,P014,2025-12-05,4,Efectivo,Tienda,Completada,5500.0,0
V005871,C00981,P009,2025-06-05,2,Efectivo,Online,Cancelada,1300.0,0
V005872,C00963,P015,2025-01-26,4,Transferencia,Online,Completada,2600.0,15
V005873,C00618,P008,2025-07-16,1,Transferencia,Online,Devuelta,700.0,10
V005874,C00929,P029,2025-01-07,3,Transferencia,Marketplace,Completada,350.0,5
V005875,C00769,P019,2025-04-05,4,Tarjeta Crédito,Marketplace,Cancelada,1800.0,5
V005876,C00272,P004,2025-10-26,2,Efectivo,Tienda,Completada,9000.0,0
V005877,C00530,P019,2025-04-30,1,Efectivo,Online,Completada,1800.0,0
V005878,C00982,P022,2025-01-16,4,Tarjeta Débito,Online,Devuelta,1200.0,5
V005879,C00017,P014,2025-05-02,5,Tarjeta Crédito,Marketplace,Cancelada,5500.0,15
V005880,C00327,P025,2025-05-26,2,Transferencia,Online,Completada,4200.0,5
V005881,C00223,P022,2025-12-08,4,Tarjeta Débito,Online,Completada,1200.0,15
V005882,C00335,P008,2025-01-10,2,Tarjeta Crédito,Marketplace,Completada,700.0,15
V005883,C00124,P026,2025-05-11,3,Efectivo,Tienda,Devuelta,800.0,5
V005884,C00950,P029,2025-09-12,1,Transferencia,Tienda,Completada,350.0,0
V005885,C00309,P028,2025-09-06,4,Tarjeta Crédito,Marketplace,Devuelta,250.0,10
V005886,C01062,P017,2025-12-08,1,Transferencia,Online,Cancelada,2200.0,10
V005887,C00727,P016,2025-10-16,5,Tarjeta Crédito,Online,Completada,4500.0,10
V005888,C00907,P006,2025-11-10,2,Tarjeta Débito,Online,Completada,1800.0,0
V005889,C00247,P029,2025-04-16,3,Tarjeta Débito,Online,Cancelada,315.0,0
V005890,C00122,P026,2025-11-25,3,Tarjeta Crédito,Marketplace,Cancelada,800.0,0
V005891,C00569,P010,2025-02-02,2,Tarjeta Débito,Tienda,Cancelada,4500.0,0
V005892,C00874,P013,2025-09-30,3,Tarjeta Crédito,Online,Completada,2200.0,0
V005893,C00175,P001,2025-11-07,2,Tarjeta Débito,Online,Completada,22000.0,0
V005894,C00921,P018,2025-03-19,2,Efectivo,Tienda,Cancelada,900.0,5
V005895,C00133,P026,2025-03-17,1,Efectivo,Tienda,Cancelada,800.0,5
V005896,C00528,P029,2025-07-27,1,Tarjeta Débito,Online,Completada,350.0,0
V005897,C01092,P020,2025-01-15,4,Tarjeta Crédito,Tienda,Cancelada,1500.0,0
V005898,C00703,P008,2025-06-27,5,Tarjeta Débito,Tienda,Devuelta,700.0,5
V005899,C00381,P018,2025-05-06,1,Tarjeta Crédito,Tienda,Completada,900.0,0
V005900,C00042,P012,2025-03-23,4,Tarjeta Crédito,Online,Completada,1700.0,5
V005901,C00281,P030,2025-07-06,3,Tarjeta Crédito,Online,Devuelta,3200.0,0
V005902,C00826,P027,2025-08-26,1,Transferencia,Online,Completada,6000.0,0
V005903,C00185,P005,2025-03-26,2,Tarjeta Débito,Tienda,Completada,12000.0,0
V005904,C00773,P007,2025-04-21,5,Tarjeta Crédito,Tienda,Completada,1400.0,0
V005905,C00284,P018,2025-12-26,2,Tarjeta Crédito,Online,Devuelta,900.0,0
V005906,C01166,P013,2025-09-06,2,Tarjeta Crédito,Online,Completada,2200.0,5
V005907,C01037,P001,2025-03-10,2,Transferencia,Online,Devuelta,22000.0,0
V005908,C01035,P003,2025-05-05,2,Tarjeta Crédito,Marketplace,Devuelta,6500.0,20
V005909,C00088,P028,2025-01-02,1,Tarjeta Débito,Tienda,Completada,250.0,0
V005910,C00147,P030,2025-12-26,2,Tarjeta Débito,Tienda,Completada,3200.0,20
V005911,C00328,P007,2025-10-13,3,Tarjeta Crédito,Online,Cancelada,1400.0,10
V005912,C00097,P001,2025-05-14,5,Tarjeta Débito,Online,Completada,22000.0,5
V005913,C00884,P019,2025-10-08,1,Tarjeta Crédito,Marketplace,Completada,1800.0,5
V005914,C00098,P027,2025-04-09,2,Tarjeta Crédito,Tienda,Cancelada,6000.0,0
V005915,C00709,P005,2025-02-13,5,Tarjeta Débito,Online,Devuelta,12000.0,5
V005916,C01095,P027,2025-07-10,5,Efectivo,Online,Completada,6000.0,10
V005917,C00757,P008,2025-07-27,2,Tarjeta Débito,Marketplace,Cancelada,700.0,0
V005918,C00750,P003,2025-11-02,5,Tarjeta Débito,Online,Completada,6500.0,0
V005919,C00967,P015,2025-06-07,4,Tarjeta Débito,Online,Cancelada,2600.0,5
V005920,C00778,P017,2025-07-09,2,Transferencia,Marketplace,Completada,2200.0,10
V005921,C00159,P015,2025-01-14,2,Tarjeta Débito,Marketplace,Devuelta,2600.0,15
V005922,C00137,P030,2025-02-08,5,Tarjeta Débito,Marketplace,Completada,3200.0,5
V005923,C00093,P009,2025-05-30,4,Tarjeta Crédito,Online,Devuelta,1300.0,5
V005924,C00087,P016,2025-07-30,4,Tarjeta Crédito,Online,Completada,4500.0,5
V005925,C00956,P018,2025-12-09,3,Transferencia,Tienda,Completada,900.0,10
V005926,C01144,P011,2025-05-29,1,Tarjeta Débito,Online,Completada,1800.0,10
V005927,C00996,P006,2025-10-19,1,Tarjeta Crédito,Marketplace,Completada,1800.0,5
V005928,C00606,P009,2025-07-25,3,Transferencia,Online,Completada,1300.0,5
V005929,C01027,P014,2025-10-16,3,Efectivo,Online,Devuelta,5500.0,0
V005930,C01115,P014,2025-05-31,1,Tarjeta Crédito,Marketplace,Devuelta,5500.0,0
V005931,C00422,P016,2025-07-14,4,Tarjeta Crédito,Marketplace,Cancelada,4500.0,5
V005932,C00485,P010,2025-05-20,2,Tarjeta Crédito,Online,Completada,4500.0,5
V005933,C00829,P009,2025-02-21,2,Tarjeta Crédito,Online,Completada,1300.0,10
V005934,C01149,P013,2025-05-19,1,Tarjeta Débito,Online,Completada,2200.0,0
V005935,C00738,P030,2025-11-02,1,Transferencia,Online,Cancelada,3200.0,10
V005936,C01072,P013,2025-09-02,5,Efectivo,Tienda,Completada,2200.0,0
V005937,C00707,P023,2025-12-16,3,Tarjeta Crédito,Online,Devuelta,8500.0,5
V005938,C00881,P016,2025-01-28,1,Transferencia,Online,Completada,4500.0,10
V005939,C01005,P026,2025-08-20,1,Efectivo,Tienda,Completada,800.0,5
V005940,C00112,P016,2025-12-29,1,Tarjeta Crédito,Online,Cancelada,4500.0,0
V005941,C00999,P011,2025-07-11,4,Tarjeta Crédito,Tienda,Devuelta,1800.0,0
V005942,C00132,P030,2025-08-31,4,Tarjeta Crédito,Online,Completada,3200.0,5
V005943,C00002,P023,2025-09-16,4,Transferencia,Tienda,Completada,8500.0,0
V005944,C00028,P022,2025-10-17,1,Tarjeta Débito,Marketplace,Completada,1200.0,0
V005945,C00569,P022,2025-09-29,3,Tarjeta Crédito,Tienda,Completada,1200.0,20
V005946,C00682,P004,2025-12-05,2,Efectivo,Online,Devuelta,9000.0,5
V005947,C01010,P018,2025-10-20,3,Tarjeta Crédito,Tienda,Completada,900.0,0
V005948,C01002,P012,2025-04-29,2,Tarjeta Crédito,Tienda,Cancelada,1700.0,10
V005949,C00654,P021,2025-05-23,3,Transferencia,Tienda,Completada,11000.0,5
V005950,C00015,P029,2025-02-21,5,Tarjeta Crédito,Online,Devuelta,350.0,10
V005951,C00261,P021,2025-04-09,5,Tarjeta Crédito,Online,Devuelta,11000.0,10
V005952,C00453,P018,2025-03-21,4,Transferencia,Online,Completada,900.0,15
V005953,C00144,P026,2025-11-30,2,Transferencia,Tienda,Completada,800.0,10
V005954,C00968,P005,2025-08-05,4,Efectivo,Tienda,Completada,12000.0,10
V005955,C01046,P008,2025-06-22,1,Transferencia,Online,Completada,700.0,10
V005956,C00361,P018,2025-02-05,1,Tarjeta Crédito,Tienda,Completada,900.0,0
V005957,C01082,P019,2025-02-06,5,Tarjeta Débito,Tienda,Completada,1800.0,0
V005958,C00461,P027,2025-05-30,3,Tarjeta Débito,Tienda,Cancelada,6000.0,10
V005959,C00937,P009,2025-08-21,2,Tarjeta Crédito,Online,Cancelada,1300.0,10
V005960,C00056,P025,2025-03-02,2,Tarjeta Crédito,Online,Completada,4200.0,5
V005961,C00555,P011,2025-08-19,4,Tarjeta Crédito,Tienda,Completada,1800.0,0
V005962,C00859,P024,2025-10-27,3,Tarjeta Débito,Online,Completada,14500.0,0
V005963,C00133,P022,2025-02-07,4,Tarjeta Crédito,Online,Completada,1200.0,10
V005964,C01061,P011,2025-09-09,4,Tarjeta Crédito,Online,Completada,1800.0,5
V005965,C00036,P012,2025-07-30,5,Tarjeta Débito,Online,Completada,1700.0,15
V005966,C00460,P020,2025-03-11,5,Tarjeta Crédito,Online,Cancelada,1500.0,0
V005967,C00058,P007,2025-03-29,2,Tarjeta Crédito,Tienda,Completada,1400.0,0
V005968,C00115,P006,2025-06-29,3,Transferencia,Tienda,Devuelta,1800.0,0
V005969,C00297,P006,2025-04-27,4,Tarjeta Crédito,Online,Completada,1800.0,5
V005970,C00209,P027,2025-03-06,2,Transferencia,Marketplace,Cancelada,6000.0,20
V005971,C00174,P028,2025-06-02,4,Tarjeta Débito,Marketplace,Completada,250.0,0
V005972,C00952,P007,2025-02-13,2,Efectivo,Marketplace,Completada,1400.0,15
V005973,C00529,P001,2025-12-01,5,Transferencia,Online,Completada,22000.0,0
V005974,C00075,P009,2025-12-12,1,Tarjeta Crédito,Tienda,Completada,1300.0,5
V005975,C00366,P027,2025-12-09,4,Tarjeta Débito,Tienda,Completada,6000.0,5
V005976,C01071,P030,2025-11-22,5,Tarjeta Crédito,Online,Cancelada,3200.0,10
V005977,C00326,P004,2025-12-04,2,Transferencia,Online,Devuelta,9000.0,20
V005978,C00144,P030,2025-05-08,5,Efectivo,Marketplace,Completada,3200.0,15
V005979,C01161,P013,2025-04-26,3,Efectivo,Marketplace,Completada,2200.0,5
V005980,C00030,P029,2025-03-20,1,Tarjeta Crédito,Online,Completada,350.0,5
V005981,C00404,P004,2025-02-23,4,Transferencia,Online,Completada,9000.0,5
V005982,C00832,P007,2025-02-23,2,Efectivo,Online,Completada,1400.0,5
V005983,C00403,P002,2025-03-28,1,Tarjeta Débito,Online,Completada,14000.0,0
V005984,C01149,P021,2025-08-20,1,Transferencia,Online,Completada,11000.0,10
V005985,C00578,P024,2025-05-13,5,Tarjeta Crédito,Online,Completada,14500.0,0
V005986,C00225,P005,2025-08-26,5,Tarjeta Crédito,Tienda,Completada,12000.0,5
V005987,C00676,P012,2025-01-28,5,Transferencia,Online,Devuelta,1700.0,10
V005988,C00439,P028,2025-10-11,2,Tarjeta Débito,Online,Completada,250.0,10
V005989,C00488,P022,2025-11-06,2,Tarjeta Débito,Tienda,Cancelada,1200.0,10
V005990,C00456,P028,2025-05-04,1,Tarjeta Crédito,Tienda,Completada,250.0,0
V005991,C01193,P016,2025-02-15,3,Tarjeta Débito,Online,Completada,4500.0,0
V005992,C00629,P030,2025-07-16,5,Tarjeta Crédito,Online,Completada,3200.0,0
V005993,C00565,P025,2025-03-24,1,Tarjeta Crédito,Marketplace,Completada,4200.0,10
V005994,C00502,P016,2025-04-04,2,Transferencia,Online,Devuelta,4500.0,5
V005995,C00456,P010,2025-11-18,3,Efectivo,Online,Completada,4500.0,0
V005996,C00483,P030,2025-01-06,5,Tarjeta Débito,Tienda,Cancelada,3200.0,0
V005997,C00361,P002,2025-07-27,2,Tarjeta Crédito,Tienda,Devuelta,14000.0,0
V005998,C00162,P002,2025-12-13,1,Tarjeta Crédito,Marketplace,Completada,14000.0,0
V005999,C00251,P008,2025-05-09,5,Efectivo,Online,Completada,700.0,10
V006000,C00008,P005,2025-11-01,4,Tarjeta Débito,Online,Completada,12000.0,10
V006001,C01060,P001,2025-10-18,5,Transferencia,Tienda,Devuelta,22000.0,0
V006002,C00800,P025,2025-01-24,5,Tarjeta Débito,Tienda,Devuelta,4200.0,0
V006003,C00366,P002,2025-09-10,4,Efectivo,Online,Completada,14000.0,0
V006004,C00207,P005,2025-02-03,2,Tarjeta Crédito,Online,Completada,12000.0,5
V006005,C00099,P020,2025-08-08,1,Transferencia,Online,Completada,1500.0,10
V006006,C00625,P009,2025-05-23,5,Transferencia,Marketplace,Cancelada,1300.0,5
V006007,C00480,P002,2025-10-24,1,Tarjeta Crédito,Tienda,Devuelta,14000.0,15
V006008,C00052,P012,2025-08-03,1,Tarjeta Débito,Online,Completada,1700.0,0
V006009,C00611,P005,2025-06-10,5,Tarjeta Crédito,Tienda,Completada,12000.0,0
V006010,C00915,P029,2025-01-03,3,Tarjeta Crédito,Online,Cancelada,350.0,10
V006011,C00672,P012,2025-03-18,3,Tarjeta Débito,Online,Cancelada,1700.0,10
V006012,C00907,P016,2025-01-23,4,Tarjeta Débito,Marketplace,Completada,4500.0,0
V006013,C01083,P019,2025-01-06,3,Efectivo,Online,Completada,1800.0,15
V006014,C00353,P026,2025-12-15,3,Tarjeta Débito,Online,Completada,800.0,5
V006015,C01162,P013,2025-07-12,4,Tarjeta Crédito,Online,Completada,2200.0,10
V006016,C00772,P018,2025-11-30,4,Transferencia,Online,Completada,900.0,0
V006017,C00134,P013,2025-01-01,3,Tarjeta Débito,Online,Completada,2200.0,0
V006018,C00553,P001,2025-02-07,4,Tarjeta Crédito,Marketplace,Completada,22000.0,0
V006019,C00678,P006,2025-03-26,5,Tarjeta Crédito,Online,Cancelada,1800.0,20
V006020,C00556,P004,2025-12-03,2,Transferencia,Online,Devuelta,9000.0,15
V006021,C01063,P027,2025-02-06,1,Efectivo,Online,Completada,6000.0,5
V006022,C00769,P020,2025-06-21,4,Tarjeta Crédito,Online,Completada,1500.0,15
V006023,C00659,P029,2025-04-12,2,Tarjeta Crédito,Online,Completada,350.0,10
V006024,C00747,P029,2025-05-02,1,Tarjeta Débito,Online,Devuelta,350.0,20
V006025,C00530,P024,2025-11-27,2,Tarjeta Débito,Online,Completada,14500.0,0
V006026,C01197,P030,2025-07-14,2,Tarjeta Crédito,Online,Completada,3200.0,5
V006027,C00665,P008,2025-03-05,5,Tarjeta Crédito,Tienda,Cancelada,700.0,0
V006028,C00737,P012,2025-07-15,4,Tarjeta Crédito,Online,Cancelada,1700.0,15
V006029,C00562,P024,2025-11-17,3,Transferencia,Online,Devuelta,14500.0,0
V006030,C01184,P014,2025-04-04,3,Tarjeta Crédito,Tienda,Cancelada,5500.0,0
V006031,C00892,P025,2025-06-06,5,Tarjeta Crédito,Online,Devuelta,4200.0,20
V006032,C00160,P026,2025-12-28,3,Tarjeta Crédito,Online,Completada,800.0,20
V006033,C01030,P030,2025-01-02,2,Tarjeta Débito,Tienda,Cancelada,3200.0,0
V006034,C00834,P018,2025-11-28,4,Tarjeta Débito,Online,Devuelta,900.0,0
V006035,C00687,P027,2025-06-20,4,Transferencia,Marketplace,Completada,6000.0,5
V006036,C00441,P020,2025-12-20,1,Efectivo,Tienda,Completada,1500.0,0
V006037,C00867,P010,2025-11-14,4,Tarjeta Débito,Online,Devuelta,4500.0,5
V006038,C01166,P010,2025-11-27,4,Tarjeta Crédito,Online,Completada,4500.0,15
V006039,C00158,P030,2025-11-25,4,Tarjeta Débito,Online,Completada,3200.0,10
V006040,C00054,P008,2025-01-13,1,Tarjeta Crédito,Marketplace,Completada,700.0,5
V006041,C00541,P017,2025-09-11,3,Transferencia,Marketplace,Cancelada,2200.0,5
V006042,C01041,P014,2025-11-09,1,Tarjeta Crédito,Marketplace,Completada,5500.0,5
V006043,C00208,P017,2025-01-07,5,Tarjeta Crédito,Online,Completada,2200.0,20
V006044,C00660,P016,2025-03-15,2,Tarjeta Débito,Tienda,Devuelta,4500.0,10
V006045,C00199,P022,2025-08-30,4,Tarjeta Crédito,Marketplace,Cancelada,1200.0,5
V006046,C00228,P027,2025-04-30,3,Tarjeta Crédito,Online,Completada,6000.0,0
V006047,C01019,P028,2025-02-11,3,Tarjeta Crédito,Tienda,Completada,250.0,0
V006048,C00631,P018,2025-10-03,5,Tarjeta Crédito,Online,Completada,900.0,0
V006049,C00886,P004,2025-08-04,4,Transferencia,Online,Cancelada,9000.0,15
V006050,C00346,P019,2025-06-02,5,Tarjeta Débito,Marketplace,Completada,1800.0,15
V006051,C00126,P024,2025-04-15,5,Tarjeta Débito,Marketplace,Completada,14500.0,0
V006052,C00625,P019,2025-09-20,4,Tarjeta Crédito,Tienda,Completada,1800.0,10
V006053,C00399,P012,2025-03-04,2,Tarjeta Crédito,Marketplace,Completada,1700.0,5
V006054,C00809,P025,2025-11-03,1,Tarjeta Débito,Online,Devuelta,4200.0,10
V006055,C00385,P020,2025-05-04,4,Efectivo,Online,Completada,1500.0,0
V006056,C00557,P026,2025-07-17,3,Tarjeta Débito,Online,Completada,800.0,0
V006057,C00775,P030,2025-01-16,2,Tarjeta Crédito,Marketplace,Completada,3200.0,0
V006058,C01157,P030,2025-01-07,3,Transferencia,Tienda,Devuelta,3200.0,5
V006059,C00124,P015,2025-10-08,5,Transferencia,Online,Cancelada,2600.0,0
V006060,C00397,P015,2025-06-12,2,Tarjeta Débito,Online,Devuelta,2600.0,10
V006061,C00262,P026,2025-05-19,3,Tarjeta Crédito,Online,Completada,800.0,10
V006062,C01126,P007,2025-04-20,3,Efectivo,Online,Devuelta,1400.0,20
V006063,C00580,P027,2025-04-05,3,Tarjeta Débito,Tienda,Completada,6000.0,5
V006064,C00366,P026,2025-07-28,4,Tarjeta Débito,Online,Completada,800.0,5
V006065,C00827,P008,2025-12-31,4,Tarjeta Crédito,Online,Completada,700.0,0
V006066,C00431,P009,2025-07-25,4,Tarjeta Crédito,Online,Completada,1300.0,0
V006067,C00959,P002,2025-11-11,1,Tarjeta Crédito,Tienda,Completada,14000.0,0
V006068,C00175,P018,2025-05-31,2,Efectivo,Tienda,Completada,900.0,0
V006069,C00200,P004,2025-05-05,5,Transferencia,Tienda,Completada,9000.0,0
V006070,C00150,P022,2025-10-19,2,Tarjeta Crédito,Marketplace,Completada,1200.0,0
V006071,C00171,P026,2025-06-17,5,Transferencia,Online,Completada,800.0,0
V006072,C00926,P012,2025-10-16,1,Tarjeta Crédito,Marketplace,Devuelta,1700.0,20
V006073,C01137,P027,2025-03-15,1,Tarjeta Débito,Marketplace,Completada,6000.0,15
V006074,C00049,P021,2025-04-24,2,Tarjeta Débito,Tienda,Completada,11000.0,0
V006075,C00557,P023,2025-04-02,3,Tarjeta Crédito,Marketplace,Devuelta,7650.0,0
V006076,C00549,P003,2025-03-26,5,Transferencia,Tienda,Cancelada,6500.0,5
V006077,C00413,P007,2025-12-26,3,Transferencia,Tienda,Completada,1400.0,0
V006078,C00641,P021,2025-12-02,4,Tarjeta Crédito,Online,Completada,11000.0,10
V006079,C00589,P029,2025-11-06,1,Tarjeta Crédito,Tienda,Completada,350.0,0
V006080,C00344,P024,2025-08-02,2,Transferencia,Online,Completada,14500.0,10
V006081,C01135,P030,2025-11-26,1,Tarjeta Débito,Tienda,Completada,3200.0,15
V006082,C01116,P006,2025-08-27,5,Transferencia,Marketplace,Cancelada,1800.0,0
V006083,C00501,P012,2025-12-16,3,Efectivo,Online,Cancelada,1700.0,0
V006084,C00053,P019,2025-01-26,5,Efectivo,Tienda,Completada,1800.0,5
V006085,C00899,P017,2025-12-12,1,Transferencia,Online,Cancelada,2200.0,0
V006086,C00334,P006,2025-03-20,5,Tarjeta Crédito,Online,Cancelada,1800.0,5
V006087,C00162,P021,2025-07-24,4,Tarjeta Crédito,Tienda,Completada,11000.0,0
V006088,C00103,P023,2025-07-09,4,Tarjeta Crédito,Online,Completada,8500.0,5
V006089,C01200,P026,2025-08-02,2,Tarjeta Crédito,Tienda,Devuelta,800.0,10
V006090,C00460,P019,2025-10-11,5,Tarjeta Crédito,Online,Completada,1800.0,15
V006091,C01056,P029,2025-07-04,3,Tarjeta Débito,Tienda,Completada,350.0,5
V006092,C01043,P009,2025-09-25,5,Transferencia,Marketplace,Completada,1300.0,10
V006093,C00289,P006,2025-10-21,5,Tarjeta Crédito,Online,Cancelada,1800.0,10
V006094,C00669,P027,2025-10-13,1,Transferencia,Online,Devuelta,6000.0,0
V006095,C00079,P030,2025-01-22,2,Tarjeta Débito,Tienda,Completada,3200.0,10
V006096,C00907,P029,2025-06-17,3,Efectivo,Marketplace,Completada,350.0,5
V006097,C00215,P011,2025-08-29,1,Tarjeta Crédito,Tienda,Completada,1800.0,0
V006098,C01109,P011,2025-12-10,5,Tarjeta Crédito,Online,Cancelada,1800.0,15
V006099,C00682,P029,2025-03-21,4,Tarjeta Crédito,Online,Cancelada,350.0,0
V006100,C00209,P028,2025-11-21,5,Tarjeta Débito,Tienda,Completada,250.0,15
V006101,C01148,P013,2025-03-14,1,Tarjeta Crédito,Marketplace,Completada,2200.0,0
V006102,C00960,P007,2025-01-20,2,Tarjeta Crédito,Online,Completada,1400.0,0
V006103,C01038,P013,2025-04-21,3,Tarjeta Débito,Online,Completada,2200.0,5
V006104,C00990,P018,2025-04-06,5,Tarjeta Débito,Marketplace,Devuelta,900.0,0
V006105,C00280,P019,2025-05-31,3,Transferencia,Online,Cancelada,1800.0,10
V006106,C01031,P005,2025-11-25,1,Tarjeta Crédito,Tienda,Completada,12000.0,10
V006107,C00982,P019,2025-04-16,5,Tarjeta Crédito,Online,Completada,1800.0,10
V006108,C00183,P012,2025-08-27,5,Transferencia,Tienda,Completada,1700.0,0
V006109,C00728,P001,2025-08-23,4,Tarjeta Débito,Online,Completada,22000.0,0
V006110,C01119,P016,2025-02-19,2,Tarjeta Crédito,Tienda,Completada,4500.0,0
V006111,C00389,P001,2025-10-12,4,Tarjeta Crédito,Marketplace,Cancelada,22000.0,5
V006112,C00898,P021,2025-05-06,1,Tarjeta Crédito,Online,Cancelada,11000.0,0
V006113,C00030,P020,2025-09-10,3,Efectivo,Online,Completada,1500.0,5
V006114,C01010,P014,2025-02-08,5,Transferencia,Tienda,Cancelada,5500.0,10
V006115,C00946,P022,2025-11-20,5,Transferencia,Tienda,Cancelada,1200.0,10
V006116,C00551,P004,2025-01-15,1,Tarjeta Crédito,Online,Completada,9000.0,0
V006117,C00751,P007,2025-12-11,2,Tarjeta Crédito,Online,Completada,1400.0,0
V006118,C00091,P028,2025-01-24,2,Efectivo,Tienda,Completada,250.0,20
V006119,C00498,P026,2025-03-28,2,Transferencia,Tienda,Completada,800.0,0
V006120,C01103,P013,2025-02-08,2,Tarjeta Crédito,Tienda,Cancelada,2200.0,5
V006121,C00830,P020,2025-03-28,1,Tarjeta Crédito,Online,Cancelada,1500.0,0
V006122,C01090,P010,2025-03-29,5,Tarjeta Crédito,Online,Completada,4500.0,0
V006123,C00713,P015,2025-07-18,1,Tarjeta Débito,Tienda,Cancelada,2600.0,0
V006124,C01189,P009,2025-09-05,4,Tarjeta Débito,Tienda,Devuelta,1300.0,5
V006125,C01054,P022,2025-01-24,1,Transferencia,Tienda,Devuelta,1200.0,0
V006126,C00477,P022,2025-05-20,1,Tarjeta Crédito,Tienda,Cancelada,1200.0,5
V006127,C00217,P023,2025-09-02,3,Tarjeta Débito,Online,Devuelta,8500.0,5
V006128,C00334,P003,2025-11-16,1,Tarjeta Crédito,Online,Cancelada,6500.0,0
V006129,C00286,P022,2025-09-16,2,Tarjeta Crédito,Online,Completada,1200.0,10
V006130,C00091,P023,2025-07-18,5,Tarjeta Crédito,Tienda,Completada,8500.0,5
V006131,C00082,P020,2025-05-29,2,Transferencia,Marketplace,Completada,1500.0,0
V006132,C00028,P026,2025-08-09,1,Tarjeta Crédito,Tienda,Devuelta,800.0,5
V006133,C01064,P030,2025-10-05,4,Tarjeta Crédito,Tienda,Cancelada,3200.0,0
V006134,C00799,P020,2025-11-04,5,Tarjeta Crédito,Online,Completada,1500.0,10
V006135,C00806,P018,2025-07-21,2,Transferencia,Tienda,Completada,900.0,0
V006136,C00261,P015,2025-12-13,2,Tarjeta Crédito,Marketplace,Cancelada,2600.0,0
V006137,C00435,P002,2025-02-10,2,Tarjeta Débito,Online,Completada,14000.0,5
V006138,C00729,P022,2025-06-21,5,Transferencia,Tienda,Completada,1200.0,5
V006139,C00560,P011,2025-08-05,4,Tarjeta Crédito,Marketplace,Completada,1800.0,5
V006140,C00573,P013,2025-04-30,3,Transferencia,Online,Devuelta,2200.0,0
V006141,C01153,P003,2025-07-23,4,Tarjeta Débito,Marketplace,Completada,6500.0,10
V006142,C00678,P017,2025-05-23,3,Tarjeta Crédito,Online,Completada,2200.0,10
V006143,C00467,P019,2025-06-23,1,Tarjeta Crédito,Online,Completada,1800.0,0
V006144,C00349,P024,2025-01-19,1,Tarjeta Débito,Marketplace,Devuelta,14500.0,0
V006145,C01161,P010,2025-04-25,1,Tarjeta Débito,Online,Cancelada,4500.0,10
V006146,C00674,P028,2025-03-23,1,Tarjeta Débito,Online,Completada,250.0,0
V006147,C00643,P005,2025-02-09,2,Transferencia,Marketplace,Devuelta,12000.0,0
V006148,C00059,P021,2025-12-25,5,Tarjeta Crédito,Tienda,Completada,11000.0,10
V006149,C00262,P010,2025-03-18,3,Transferencia,Online,Completada,4500.0,20
V006150,C00369,P021,2025-08-24,5,Tarjeta Crédito,Online,Completada,11000.0,5
V006151,C00086,P029,2025-08-12,5,Transferencia,Tienda,Completada,350.0,5
V006152,C00444,P026,2025-02-03,5,Tarjeta Débito,Online,Completada,800.0,10
V006153,C01053,P013,2025-07-13,5,Tarjeta Débito,Online,Completada,2200.0,5
V006154,C01035,P003,2025-09-01,2,Transferencia,Online,Completada,6500.0,5
V006155,C00400,P008,2025-08-31,3,Tarjeta Crédito,Marketplace,Completada,700.0,15
V006156,C00507,P004,2025-05-13,5,Tarjeta Débito,Online,Completada,9000.0,10
V006157,C01059,P001,2025-06-23,1,Tarjeta Crédito,Online,Devuelta,22000.0,5
V006158,C01043,P008,2025-02-04,4,Transferencia,Tienda,Devuelta,700.0,0
V006159,C00587,P002,2025-10-18,2,Efectivo,Marketplace,Completada,14000.0,15
V006160,C00111,P029,2025-07-12,4,Tarjeta Crédito,Tienda,Cancelada,350.0,0
V006161,C00697,P005,2025-07-22,1,Tarjeta Débito,Tienda,Completada,12000.0,0
V006162,C00484,P011,2025-06-06,5,Tarjeta Débito,Online,Cancelada,1800.0,10
V006163,C00104,P002,2025-07-03,3,Tarjeta Crédito,Online,Cancelada,14000.0,0
V006164,C00321,P024,2025-01-14,4,Tarjeta Crédito,Online,Devuelta,14500.0,0
V006165,C00497,P022,2025-09-03,1,Efectivo,Online,Completada,1200.0,20
V006166,C00114,P026,2025-12-17,3,Tarjeta Débito,Online,Completada,800.0,15
V006167,C00007,P011,2025-06-11,5,Tarjeta Crédito,Tienda,Completada,1800.0,10
V006168,C00117,P008,2025-03-28,4,Tarjeta Crédito,Tienda,Completada,700.0,5
V006169,C00740,P010,2025-05-28,5,Tarjeta Débito,Tienda,Completada,4500.0,0
V006170,C01001,P017,2025-05-04,4,Tarjeta Débito,Online,Completada,2200.0,10
V006171,C01139,P021,2025-05-08,4,Tarjeta Crédito,Tienda,Devuelta,11000.0,5
V006172,C00663,P016,2025-02-14,4,Tarjeta Crédito,Tienda,Cancelada,4500.0,0
V006173,C00366,P004,2025-06-19,4,Efectivo,Online,Completada,9000.0,0
V006174,C00258,P015,2025-08-24,4,Efectivo,Marketplace,Completada,2600.0,5
V006175,C00025,P027,2025-03-01,1,Transferencia,Online,Completada,6000.0,0
V006176,C00603,P008,2025-10-26,4,Transferencia,Tienda,Completada,700.0,20
V006177,C00425,P001,2025-04-06,5,Tarjeta Débito,Online,Completada,22000.0,5
V006178,C00538,P001,2025-06-16,2,Tarjeta Crédito,Online,Completada,22000.0,0
V006179,C01063,P021,2025-12-21,2,Tarjeta Débito,Online,Devuelta,11000.0,0
V006180,C00772,P017,2025-11-14,4,Tarjeta Crédito,Online,Devuelta,2200.0,0
V006181,C00133,P024,2025-01-25,1,Tarjeta Crédito,Online,Completada,14500.0,10
V006182,C01127,P009,2025-10-21,4,Tarjeta Débito,Marketplace,Completada,1300.0,0
V006183,C00665,P018,2025-05-21,3,Tarjeta Crédito,Online,Devuelta,900.0,0
V006184,C00474,P022,2025-08-09,5,Tarjeta Crédito,Marketplace,Completada,1200.0,10
V006185,C00441,P024,2025-04-10,1,Transferencia,Tienda,Completada,14500.0,10
V006186,C00453,P030,2025-06-26,3,Tarjeta Crédito,Tienda,Completada,3200.0,10
V006187,C00914,P005,2025-02-23,1,Efectivo,Marketplace,Cancelada,12000.0,10
V006188,C00160,P030,2025-12-13,4,Transferencia,Online,Completada,3200.0,15
V006189,C00124,P025,2025-08-30,5,Tarjeta Crédito,Tienda,Cancelada,3780.0,0
V006190,C00771,P004,2025-03-14,1,Efectivo,Tienda,Completada,9000.0,0
V006191,C00119,P023,2025-08-15,3,Tarjeta Débito,Online,Devuelta,8500.0,10
V006192,C00587,P010,2025-06-28,5,Tarjeta Débito,Tienda,Devuelta,4500.0,0
V006193,C00378,P008,2025-06-13,5,Tarjeta Crédito,Online,Completada,700.0,5
V006194,C01026,P001,2025-11-29,5,Efectivo,Online,Devuelta,22000.0,0
V006195,C00526,P026,2025-06-20,3,Tarjeta Crédito,Online,Cancelada,800.0,0
V006196,C01111,P002,2025-07-15,2,Tarjeta Crédito,Tienda,Completada,14000.0,5
V006197,C00594,P019,2025-12-10,1,Efectivo,Marketplace,Completada,1800.0,0
V006198,C00832,P008,2025-09-19,5,Efectivo,Online,Completada,700.0,15
V006199,C01166,P009,2025-09-07,1,Tarjeta Débito,Online,Completada,1300.0,5
V006200,C00886,P001,2025-07-07,2,Transferencia,Tienda,Devuelta,22000.0,5
V006201,C00713,P011,2025-08-31,3,Tarjeta Crédito,Online,Devuelta,1800.0,10
V006202,C00986,P027,2025-12-21,4,Tarjeta Débito,Online,Devuelta,6000.0,10
V006203,C00617,P025,2025-11-06,4,Efectivo,Tienda,Completada,4200.0,5
V006204,C01156,P010,2025-03-05,5,Tarjeta Crédito,Tienda,Completada,5400.0,10
V006205,C00403,P011,2025-06-11,2,Tarjeta Crédito,Marketplace,Devuelta,1800.0,5
V006206,C00158,P013,2025-08-09,3,Tarjeta Crédito,Online,Cancelada,2200.0,5
V006207,C00361,P018,2025-08-19,4,Tarjeta Crédito,Tienda,Devuelta,900.0,0
V006208,C00431,P005,2025-04-03,3,Tarjeta Crédito,Tienda,Cancelada,12000.0,0
V006209,C01188,P013,2025-03-22,1,Tarjeta Crédito,Online,Cancelada,2200.0,10
V006210,C01085,P027,2025-08-13,5,Tarjeta Débito,Online,Cancelada,6600.000000000001,5
V006211,C00331,P027,2025-06-30,1,Transferencia,Marketplace,Completada,6000.0,15
V006212,C01078,P022,2025-11-18,4,Efectivo,Online,Completada,1200.0,0
V006213,C00102,P008,2025-10-10,3,Tarjeta Crédito,Online,Completada,700.0,5
V006214,C00424,P027,2025-05-21,1,Tarjeta Crédito,Online,Devuelta,6000.0,5
V006215,C00907,P014,2025-06-11,4,Tarjeta Débito,Tienda,Completada,5500.0,20
V006216,C00277,P010,2025-06-02,5,Tarjeta Crédito,Tienda,Completada,4500.0,5
V006217,C00104,P011,2025-12-09,4,Tarjeta Débito,Online,Devuelta,1800.0,10
V006218,C01070,P006,2025-11-10,3,Tarjeta Débito,Marketplace,Devuelta,1800.0,5
V006219,C00308,P014,2025-02-21,1,Tarjeta Crédito,Tienda,Completada,5500.0,5
V006220,C00765,P019,2025-03-14,1,Efectivo,Tienda,Devuelta,1800.0,10
V006221,C00274,P030,2025-05-15,4,Tarjeta Crédito,Marketplace,Completada,3200.0,0
V006222,C01103,P027,2025-06-21,2,Tarjeta Crédito,Tienda,Cancelada,6000.0,10
V006223,C00313,P028,2025-02-02,5,Tarjeta Crédito,Tienda,Cancelada,250.0,5
V006224,C00639,P025,2025-09-19,2,Tarjeta Débito,Tienda,Completada,4200.0,10
V006225,C00246,P006,2025-02-05,4,Tarjeta Débito,Marketplace,Completada,1800.0,5
V006226,C00217,P006,2025-01-23,2,Tarjeta Débito,Tienda,Cancelada,1800.0,15
V006227,C00926,P028,2025-09-14,4,Tarjeta Crédito,Online,Cancelada,250.0,0
V006228,C00377,P009,2025-02-08,3,Transferencia,Online,Completada,1300.0,15
V006229,C00178,P030,2025-06-26,5,Tarjeta Crédito,Marketplace,Cancelada,3200.0,15
V006230,C00147,P010,2025-09-29,3,Tarjeta Débito,Tienda,Completada,4500.0,10
V006231,C00497,P022,2025-02-02,2,Tarjeta Débito,Marketplace,Completada,1200.0,10
V006232,C00290,P009,2025-11-18,4,Tarjeta Crédito,Marketplace,Completada,1300.0,20
V006233,C00574,P009,2025-04-06,5,Tarjeta Débito,Marketplace,Completada,1300.0,0
V006234,C00043,P016,2025-01-04,1,Tarjeta Crédito,Tienda,Completada,4500.0,5
V006235,C00814,P025,2025-08-01,2,Tarjeta Crédito,Online,Devuelta,4200.0,0
V006236,C00196,P003,2025-12-02,2,Efectivo,Online,Completada,6500.0,15
V006237,C00227,P018,2025-04-12,1,Tarjeta Crédito,Online,Completada,900.0,5
V006238,C01159,P029,2025-09-03,2,Tarjeta Crédito,Tienda,Devuelta,350.0,5
V006239,C00701,P027,2025-04-24,2,Tarjeta Débito,Online,Cancelada,6000.0,20
V006240,C00024,P029,2025-03-06,4,Tarjeta Crédito,Marketplace,Completada,350.0,10
V006241,C00439,P021,2025-08-12,2,Tarjeta Crédito,Marketplace,Completada,11000.0,10
V006242,C00746,P029,2025-08-28,5,Efectivo,Marketplace,Devuelta,350.0,5
V006243,C00281,P005,2025-02-15,5,Efectivo,Online,Completada,12000.0,10
V006244,C00548,P013,2025-06-20,1,Tarjeta Crédito,Tienda,Completada,2200.0,5
V006245,C00053,P016,2025-09-19,1,Tarjeta Crédito,Online,Completada,4500.0,20
V006246,C00439,P016,2025-01-19,5,Efectivo,Tienda,Completada,4500.0,5
V006247,C01160,P024,2025-04-08,2,Transferencia,Online,Devuelta,14500.0,0
V006248,C00809,P007,2025-10-15,2,Tarjeta Crédito,Online,Completada,1400.0,0
V006249,C00319,P014,2025-11-09,3,Tarjeta Débito,Marketplace,Cancelada,5500.0,10
V006250,C00453,P012,2025-05-07,4,Tarjeta Débito,Tienda,Completada,1700.0,5
V006251,C00466,P017,2025-09-01,4,Tarjeta Débito,Marketplace,Devuelta,2200.0,0
V006252,C00496,P028,2025-09-19,4,Transferencia,Online,Completada,250.0,15
V006253,C00038,P024,2025-12-12,4,Transferencia,Tienda,Devuelta,14500.0,0
V006254,C00144,P006,2025-10-16,4,Tarjeta Crédito,Tienda,Cancelada,1800.0,15
V006255,C00875,P018,2025-01-03,3,Tarjeta Crédito,Marketplace,Completada,900.0,15
V006256,C00227,P010,2025-01-15,5,Transferencia,Online,Completada,4500.0,0
V006257,C00509,P008,2025-08-18,4,Tarjeta Débito,Online,Devuelta,700.0,0
V006258,C01184,P008,2025-08-01,3,Tarjeta Crédito,Online,Completada,700.0,0
V006259,C00974,P026,2025-03-29,2,Tarjeta Débito,Online,Completada,800.0,15
V006260,C00061,P020,2025-02-10,4,Efectivo,Tienda,Devuelta,1500.0,0
V006261,C00590,P017,2025-12-15,2,Transferencia,Tienda,Completada,2200.0,15
V006262,C00568,P007,2025-05-21,5,Tarjeta Crédito,Online,Cancelada,1400.0,0
V006263,C00073,P003,2025-11-26,5,Transferencia,Marketplace,Completada,6500.0,0
V006264,C00934,P011,2025-10-15,4,Tarjeta Débito,Online,Completada,1800.0,0
V006265,C01078,P020,2025-08-05,5,Efectivo,Online,Cancelada,1800.0,5
V006266,C00854,P010,2025-07-15,3,Tarjeta Crédito,Online,Devuelta,4500.0,20
V006267,C00699,P020,2025-10-19,2,Tarjeta Crédito,Marketplace,Completada,1500.0,0
V006268,C00986,P027,2025-07-25,4,Transferencia,Tienda,Devuelta,6000.0,0
V006269,C00253,P021,2025-12-09,3,Transferencia,Tienda,Cancelada,11000.0,0
V006270,C00381,P021,2025-06-10,3,Transferencia,Tienda,Completada,11000.0,5
V006271,C00756,P015,2025-05-25,3,Tarjeta Crédito,Marketplace,Devuelta,2600.0,10
V006272,C00612,P004,2025-01-28,5,Transferencia,Marketplace,Completada,9000.0,5
V006273,C00203,P012,2025-04-02,2,Tarjeta Débito,Online,Cancelada,1700.0,10
V006274,C01151,P012,2025-01-12,1,Tarjeta Débito,Online,Devuelta,1700.0,10
V006275,C00994,P028,2025-02-27,3,Tarjeta Débito,Online,Completada,250.0,0
V006276,C00983,P002,2025-05-03,3,Transferencia,Online,Completada,14000.0,0
V006277,C00875,P012,2025-12-25,5,Tarjeta Débito,Tienda,Cancelada,1700.0,0
V006278,C01074,P004,2025-06-16,5,Tarjeta Débito,Tienda,Completada,9000.0,5
V006279,C00486,P021,2025-07-25,5,Tarjeta Crédito,Tienda,Devuelta,11000.0,0
V006280,C00992,P010,2025-11-18,4,Tarjeta Crédito,Online,Devuelta,4500.0,0
V006281,C00860,P019,2025-02-22,1,Transferencia,Tienda,Completada,1800.0,0
V006282,C00782,P010,2025-05-03,4,Tarjeta Crédito,Tienda,Cancelada,4500.0,0
V006283,C00782,P012,2025-05-17,1,Efectivo,Tienda,Cancelada,1700.0,0
V006284,C00503,P010,2025-06-22,3,Efectivo,Online,Completada,4500.0,5
V006285,C00301,P008,2025-09-25,1,Tarjeta Crédito,Online,Devuelta,700.0,5
V006286,C00355,P018,2025-08-24,2,Tarjeta Crédito,Online,Completada,900.0,15
V006287,C00376,P021,2025-07-23,1,Tarjeta Crédito,Online,Completada,11000.0,0
V006288,C00911,P008,2025-02-18,5,Tarjeta Crédito,Online,Completada,700.0,0
V006289,C00785,P019,2025-04-24,2,Tarjeta Débito,Marketplace,Completada,1800.0,0
V006290,C00228,P001,2025-09-19,2,Tarjeta Débito,Online,Cancelada,22000.0,0
V006291,C00942,P003,2025-09-29,3,Transferencia,Tienda,Completada,6500.0,0
V006292,C00020,P018,2025-04-10,3,Tarjeta Débito,Marketplace,Devuelta,900.0,10
V006293,C00863,P001,2025-08-14,3,Efectivo,Online,Completada,22000.0,15
V006294,C00709,P008,2025-07-31,5,Transferencia,Online,Cancelada,700.0,10
V006295,C00568,P013,2025-05-21,1,Tarjeta Crédito,Tienda,Completada,2200.0,0
V006296,C01079,P020,2025-12-30,5,Tarjeta Crédito,Online,Completada,1500.0,0
V006297,C01105,P006,2025-05-28,1,Tarjeta Débito,Online,Cancelada,1800.0,15
V006298,C00017,P017,2025-07-16,4,Tarjeta Débito,Marketplace,Completada,2200.0,10
V006299,C00935,P023,2025-03-02,3,Tarjeta Débito,Online,Cancelada,8500.0,15
V006300,C00571,P008,2025-11-24,2,Tarjeta Crédito,Tienda,Devuelta,700.0,0
V006301,C00006,P015,2025-11-20,2,Tarjeta Débito,Tienda,Cancelada,2600.0,5
V006302,C00704,P013,2025-02-20,4,Tarjeta Crédito,Online,Completada,2200.0,5
V006303,C00729,P001,2025-02-10,2,Tarjeta Crédito,Online,Completada,22000.0,0
V006304,C00079,P007,2025-12-27,2,Transferencia,Online,Devuelta,1400.0,0
V006305,C01103,P028,2025-05-20,4,Tarjeta Crédito,Online,Devuelta,250.0,15
V006306,C00864,P024,2025-11-14,2,Tarjeta Débito,Online,Completada,14500.0,0
V006307,C00493,P029,2025-05-10,2,Tarjeta Crédito,Online,Completada,350.0,15
V006308,C00021,P008,2025-08-05,1,Transferencia,Online,Completada,700.0,10
V006309,C00468,P014,2025-01-05,4,Tarjeta Crédito,Marketplace,Completada,5500.0,5
V006310,C00682,P024,2025-09-19,4,Tarjeta Débito,Marketplace,Completada,14500.0,15
V006311,C00076,P027,2025-06-09,5,Transferencia,Online,Cancelada,6000.0,5
V006312,C00717,P011,2025-07-23,1,Tarjeta Crédito,Online,Devuelta,1800.0,5
V006313,C00074,P016,2025-10-24,2,Tarjeta Crédito,Tienda,Devuelta,4500.0,0
V006314,C00533,P017,2025-01-04,4,Transferencia,Tienda,Completada,2200.0,0
V006315,C00282,P029,2025-10-26,4,Tarjeta Débito,Tienda,Devuelta,350.0,10
V006316,C00895,P005,2025-01-22,1,Efectivo,Marketplace,Completada,12000.0,20
V006317,C01102,P015,2025-10-15,1,Tarjeta Débito,Marketplace,Completada,2600.0,0
V006318,C00219,P015,2025-09-19,4,Tarjeta Crédito,Marketplace,Completada,2600.0,10
V006319,C00579,P016,2025-03-22,5,Tarjeta Débito,Online,Devuelta,4500.0,10
V006320,C00387,P002,2025-07-21,3,Transferencia,Online,Completada,14000.0,0
V006321,C00627,P022,2025-08-07,4,Tarjeta Crédito,Tienda,Completada,1200.0,0
V006322,C00315,P005,2025-12-14,3,Tarjeta Crédito,Online,Devuelta,12000.0,10
V006323,C01024,P009,2025-06-26,1,Tarjeta Débito,Online,Completada,1300.0,10
V006324,C00342,P002,2025-01-26,5,Tarjeta Débito,Tienda,Completada,14000.0,5
V006325,C00133,P007,2025-05-15,3,Tarjeta Crédito,Tienda,Completada,1400.0,20
V006326,C00150,P028,2025-09-22,3,Transferencia,Online,Completada,250.0,0
V006327,C00814,P012,2025-07-14,3,Tarjeta Débito,Online,Cancelada,1700.0,5
V006328,C01112,P009,2025-10-04,5,Tarjeta Crédito,Online,Completada,1300.0,10
V006329,C00806,P018,2025-12-04,3,Tarjeta Débito,Online,Cancelada,900.0,5
V006330,C01190,P007,2025-08-04,1,Tarjeta Débito,Tienda,Completada,1400.0,0
V006331,C00658,P017,2025-11-14,1,Tarjeta Débito,Tienda,Completada,2200.0,0
V006332,C00031,P030,2025-06-23,4,Tarjeta Crédito,Online,Cancelada,3200.0,0
V006333,C00673,P013,2025-09-25,3,Tarjeta Crédito,Online,Devuelta,2200.0,5
V006334,C00096,P023,2025-12-09,3,Tarjeta Crédito,Online,Devuelta,8500.0,5
V006335,C00460,P022,2025-11-24,4,Efectivo,Online,Completada,1200.0,10
V006336,C00111,P014,2025-08-04,3,Tarjeta Crédito,Online,Completada,5500.0,5
V006337,C00656,P005,2025-01-21,1,Tarjeta Crédito,Online,Devuelta,12000.0,5
V006338,C00817,P012,2025-12-02,1,Tarjeta Débito,Online,Devuelta,1700.0,10
V006339,C00999,P018,2025-02-16,2,Tarjeta Débito,Online,Cancelada,900.0,10
V006340,C00301,P015,2025-10-18,5,Tarjeta Crédito,Online,Completada,2080.0,5
V006341,C00555,P007,2025-05-27,3,Tarjeta Débito,Online,Completada,1400.0,0
V006342,C00812,P025,2025-03-20,3,Tarjeta Crédito,Marketplace,Devuelta,4200.0,0
V006343,C00764,P030,2025-07-03,4,Tarjeta Débito,Online,Devuelta,3200.0,5
V006344,C00528,P025,2025-05-15,4,Tarjeta Débito,Online,Cancelada,4200.0,0
V006345,C00972,P017,2025-05-18,4,Tarjeta Crédito,Online,Cancelada,2200.0,0
V006346,C00659,P015,2025-10-23,4,Tarjeta Crédito,Tienda,Completada,2600.0,10
V006347,C00962,P021,2025-08-16,2,Tarjeta Débito,Online,Completada,11000.0,0
V006348,C00521,P029,2025-11-06,1,Tarjeta Crédito,Marketplace,Completada,350.0,10
V006349,C00203,P027,2025-07-15,3,Efectivo,Tienda,Completada,6000.0,10
V006350,C00742,P008,2025-05-14,1,Tarjeta Crédito,Online,Completada,700.0,0
V006351,C00005,P029,2025-07-01,5,Tarjeta Débito,Online,Completada,350.0,5
V006352,C00691,P012,2025-05-27,5,Tarjeta Crédito,Online,Completada,1700.0,0
V006353,C00127,P023,2025-02-05,2,Tarjeta Crédito,Online,Cancelada,8500.0,0
V006354,C01175,P012,2025-05-09,3,Tarjeta Débito,Online,Cancelada,1700.0,15
V006355,C00338,P019,2025-12-24,3,Tarjeta Débito,Online,Cancelada,1800.0,20
V006356,C00025,P025,2025-05-13,1,Transferencia,Online,Completada,4200.0,10
V006357,C00013,P030,2025-08-21,3,Transferencia,Online,Devuelta,3200.0,0
V006358,C00948,P019,2025-01-10,2,Tarjeta Débito,Online,Completada,1800.0,0
V006359,C00677,P021,2025-09-06,4,Tarjeta Crédito,Marketplace,Completada,11000.0,0
V006360,C00575,P009,2025-12-24,2,Tarjeta Débito,Online,Completada,1300.0,0
V006361,C00053,P022,2025-04-04,1,Tarjeta Crédito,Tienda,Completada,1200.0,0
V006362,C00376,P002,2025-01-21,2,Tarjeta Débito,Tienda,Cancelada,14000.0,20
V006363,C00800,P022,2025-12-24,2,Tarjeta Débito,Tienda,Completada,1200.0,0
V006364,C00696,P029,2025-05-04,3,Efectivo,Online,Completada,350.0,10
V006365,C01087,P027,2025-01-24,4,Transferencia,Online,Devuelta,6000.0,5
V006366,C01160,P011,2025-05-10,2,Tarjeta Débito,Online,Completada,1800.0,10
V006367,C01165,P026,2025-07-27,1,Tarjeta Débito,Marketplace,Completada,800.0,10
V006368,C00243,P024,2025-11-03,4,Tarjeta Crédito,Online,Cancelada,14500.0,10
V006369,C00516,P021,2025-10-01,3,Tarjeta Crédito,Marketplace,Cancelada,11000.0,5
V006370,C00610,P005,2025-12-24,4,Transferencia,Online,Completada,12000.0,0
V006371,C00995,P009,2025-10-21,3,Transferencia,Tienda,Devuelta,1300.0,5
V006372,C00300,P011,2025-01-25,1,Tarjeta Crédito,Online,Completada,1800.0,0
V006373,C00759,P016,2025-08-05,2,Tarjeta Débito,Marketplace,Completada,4950.0,10
V006374,C00373,P027,2025-04-16,4,Transferencia,Tienda,Completada,6000.0,0
V006375,C01027,P011,2025-06-21,5,Tarjeta Crédito,Tienda,Cancelada,1800.0,0
V006376,C00379,P015,2025-03-07,3,Transferencia,Online,Completada,2600.0,10
V006377,C00224,P016,2025-02-25,4,Tarjeta Débito,Online,Cancelada,4500.0,0
V006378,C00108,P007,2025-04-21,2,Tarjeta Débito,Online,Completada,1400.0,0
V006379,C00815,P026,2025-05-31,3,Tarjeta Crédito,Online,Cancelada,800.0,0
V006380,C00703,P016,2025-05-06,2,Tarjeta Crédito,Online,Completada,4500.0,0
V006381,C00049,P013,2025-08-31,1,Tarjeta Crédito,Tienda,Completada,2200.0,15
V006382,C00527,P023,2025-07-30,5,Tarjeta Crédito,Online,Completada,8500.0,5
V006383,C01099,P008,2025-07-20,5,Efectivo,Online,Completada,700.0,5
V006384,C00405,P005,2025-07-03,1,Tarjeta Crédito,Tienda,Completada,12000.0,10
V006385,C00019,P008,2025-10-26,5,Tarjeta Débito,Tienda,Completada,700.0,0
V006386,C00237,P013,2025-05-20,1,Tarjeta Débito,Online,Completada,2200.0,15
V006387,C01032,P014,2025-04-20,1,Tarjeta Crédito,Online,Completada,4950.0,10
V006388,C00659,P009,2025-07-10,4,Tarjeta Débito,Marketplace,Completada,1300.0,5
V006389,C00348,P022,2025-05-11,5,Tarjeta Crédito,Online,Completada,1200.0,0
V006390,C00508,P016,2025-11-03,2,Transferencia,Online,Cancelada,4500.0,5
V006391,C00593,P030,2025-10-20,5,Tarjeta Débito,Tienda,Completada,3200.0,0
V006392,C00569,P005,2025-08-27,5,Tarjeta Crédito,Online,Completada,12000.0,0
V006393,C00746,P003,2025-01-07,3,Tarjeta Débito,Marketplace,Completada,6500.0,0
V006394,C00191,P006,2025-03-30,1,Tarjeta Crédito,Tienda,Completada,1800.0,10
V006395,C00478,P001,2025-02-16,2,Tarjeta Crédito,Online,Cancelada,22000.0,20
V006396,C00174,P010,2025-07-30,3,Transferencia,Marketplace,Devuelta,4500.0,5
V006397,C00795,P019,2025-08-24,2,Tarjeta Crédito,Online,Completada,1800.0,0
V006398,C00311,P027,2025-08-22,2,Transferencia,Online,Completada,6000.0,5
V006399,C00510,P002,2025-12-08,1,Tarjeta Crédito,Tienda,Completada,14000.0,0
V006400,C00942,P026,2025-02-17,2,Tarjeta Crédito,Marketplace,Devuelta,800.0,20
V006401,C01119,P009,2025-10-09,4,Efectivo,Tienda,Completada,1300.0,5
V006402,C00124,P020,2025-01-06,1,Tarjeta Crédito,Online,Completada,1500.0,5
V006403,C01034,P010,2025-12-11,3,Tarjeta Crédito,Online,Completada,4500.0,0
V006404,C00139,P024,2025-11-03,4,Tarjeta Débito,Online,Completada,14500.0,5
V006405,C00680,P022,2025-09-26,1,Transferencia,Marketplace,Cancelada,1200.0,0
V006406,C00790,P028,2025-11-24,5,Transferencia,Online,Completada,250.0,0
V006407,C00149,P001,2025-06-22,2,Tarjeta Crédito,Tienda,Devuelta,22000.0,10
V006408,C00471,P019,2025-04-23,2,Tarjeta Crédito,Tienda,Cancelada,1800.0,0
V006409,C00807,P030,2025-11-04,1,Tarjeta Crédito,Online,Completada,3200.0,15
V006410,C01046,P022,2025-06-08,2,Tarjeta Débito,Marketplace,Completada,1200.0,0
V006411,C00925,P008,2025-09-18,5,Tarjeta Crédito,Marketplace,Completada,700.0,20
V006412,C00030,P018,2025-06-17,1,Tarjeta Crédito,Tienda,Cancelada,1080.0,10
V006413,C00706,P022,2025-04-21,2,Efectivo,Marketplace,Completada,1200.0,5
V006414,C00884,P003,2025-03-05,5,Tarjeta Débito,Online,Devuelta,6500.0,15
V006415,C00737,P017,2025-10-10,3,Transferencia,Online,Devuelta,2200.0,10
V006416,C00013,P013,2025-03-08,1,Tarjeta Débito,Tienda,Cancelada,2200.0,0
V006417,C00011,P002,2025-12-19,3,Tarjeta Débito,Tienda,Completada,14000.0,0
V006418,C00239,P026,2025-09-23,3,Tarjeta Débito,Online,Completada,800.0,5
V006419,C00093,P011,2025-12-23,2,Efectivo,Tienda,Completada,1800.0,15
V006420,C00558,P024,2025-03-30,2,Tarjeta Débito,Online,Completada,14500.0,0
V006421,C00624,P005,2025-05-06,2,Tarjeta Crédito,Tienda,Completada,12000.0,5
V006422,C00830,P005,2025-12-06,5,Efectivo,Tienda,Cancelada,12000.0,5
V006423,C00298,P027,2025-10-08,1,Tarjeta Crédito,Tienda,Cancelada,6000.0,5
V006424,C01121,P012,2025-05-23,1,Tarjeta Crédito,Marketplace,Completada,1700.0,0
V006425,C00090,P009,2025-08-24,3,Transferencia,Marketplace,Completada,1300.0,0
V006426,C00044,P029,2025-11-15,2,Tarjeta Crédito,Tienda,Devuelta,350.0,5
V006427,C00382,P021,2025-10-07,5,Transferencia,Tienda,Cancelada,11000.0,10
V006428,C00606,P021,2025-06-19,3,Tarjeta Crédito,Online,Completada,11000.0,10
V006429,C00346,P012,2025-08-30,5,Tarjeta Crédito,Online,Cancelada,1700.0,15
V006430,C01142,P030,2025-04-07,4,Efectivo,Marketplace,Completada,3200.0,5
V006431,C00464,P005,2025-06-28,3,Tarjeta Crédito,Online,Completada,12000.0,0
V006432,C00912,P006,2025-07-25,2,Efectivo,Marketplace,Completada,1800.0,0
V006433,C00981,P017,2025-12-20,5,Tarjeta Crédito,Online,Cancelada,2200.0,5
V006434,C01124,P023,2025-06-25,3,Efectivo,Marketplace,Cancelada,6800.0,15
V006435,C00064,P013,2025-04-30,5,Tarjeta Crédito,Tienda,Cancelada,2200.0,5
V006436,C01114,P024,2025-05-12,4,Transferencia,Online,Completada,14500.0,0
V006437,C00090,P019,2025-05-13,2,Transferencia,Marketplace,Devuelta,1800.0,15
V006438,C00976,P027,2025-09-07,4,Tarjeta Crédito,Online,Completada,6000.0,5
V006439,C00192,P009,2025-07-17,5,Tarjeta Crédito,Online,Cancelada,1300.0,10
V006440,C00672,P015,2025-12-10,2,Efectivo,Online,Completada,2600.0,0
V006441,C00160,P028,2025-05-23,4,Tarjeta Débito,Marketplace,Devuelta,250.0,15
V006442,C00301,P010,2025-08-22,3,Tarjeta Crédito,Marketplace,Completada,4500.0,10
V006443,C00984,P024,2025-01-08,1,Transferencia,Tienda,Completada,14500.0,10
V006444,C00856,P009,2025-11-01,2,Tarjeta Crédito,Tienda,Devuelta,1300.0,0
V006445,C00217,P006,2025-07-09,2,Tarjeta Débito,Online,Completada,1800.0,5
V006446,C00548,P026,2025-02-10,2,Tarjeta Crédito,Marketplace,Devuelta,800.0,5
V006447,C00417,P013,2025-08-03,3,Tarjeta Crédito,Online,Completada,2200.0,0
V006448,C00492,P015,2025-01-15,5,Tarjeta Crédito,Online,Devuelta,2600.0,0
V006449,C00577,P008,2025-08-02,5,Tarjeta Débito,Marketplace,Completada,700.0,0
V006450,C01185,P002,2025-06-24,2,Tarjeta Débito,Online,Cancelada,14000.0,10
V006451,C00966,P026,2025-03-27,4,Tarjeta Débito,Online,Completada,800.0,15
V006452,C00369,P030,2025-05-10,4,Tarjeta Crédito,Tienda,Completada,3200.0,0
V006453,C00712,P018,2025-01-30,5,Tarjeta Débito,Marketplace,Completada,900.0,5
V006454,C00155,P020,2025-06-24,3,Tarjeta Crédito,Marketplace,Devuelta,1500.0,10
V006455,C00504,P018,2025-01-15,3,Transferencia,Marketplace,Completada,900.0,5
V006456,C00954,P026,2025-08-16,1,Tarjeta Crédito,Tienda,Devuelta,800.0,10
V006457,C00511,P027,2025-09-17,5,Transferencia,Tienda,Devuelta,6000.0,5
V006458,C01107,P001,2025-12-16,5,Transferencia,Online,Cancelada,22000.0,0
V006459,C00134,P024,2025-06-21,1,Tarjeta Débito,Marketplace,Completada,14500.0,0
V006460,C01003,P002,2025-07-22,3,Transferencia,Tienda,Devuelta,14000.0,0
V006461,C00533,P010,2025-04-15,5,Tarjeta Débito,Marketplace,Completada,4500.0,0
V006462,C00327,P020,2025-12-08,3,Efectivo,Online,Devuelta,1500.0,0
V006463,C00900,P001,2025-12-01,1,Tarjeta Crédito,Online,Completada,22000.0,5
V006464,C01142,P012,2025-10-02,4,Efectivo,Online,Completada,1700.0,10
V006465,C00772,P027,2025-01-28,5,Efectivo,Online,Completada,6000.0,0
V006466,C00848,P002,2025-05-12,1,Transferencia,Online,Cancelada,14000.0,5
V006467,C00287,P026,2025-01-09,2,Tarjeta Crédito,Online,Cancelada,800.0,15
V006468,C00623,P005,2025-02-16,1,Tarjeta Crédito,Tienda,Completada,12000.0,10
V006469,C00162,P001,2025-12-04,1,Tarjeta Débito,Online,Completada,22000.0,5
V006470,C00613,P011,2025-04-18,1,Tarjeta Crédito,Online,Completada,1800.0,5
V006471,C01179,P006,2025-12-30,1,Tarjeta Débito,Tienda,Cancelada,1800.0,10
V006472,C00976,P017,2025-01-04,3,Tarjeta Débito,Marketplace,Devuelta,2200.0,5
V006473,C00881,P012,2025-05-23,5,Tarjeta Débito,Tienda,Cancelada,1700.0,5
V006474,C00912,P024,2025-10-16,5,Tarjeta Crédito,Online,Completada,14500.0,15
V006475,C00338,P027,2025-01-29,4,Tarjeta Débito,Tienda,Completada,6000.0,5
V006476,C00252,P001,2025-07-27,4,Tarjeta Crédito,Marketplace,Completada,22000.0,0
V006477,C00706,P012,2025-09-24,4,Tarjeta Crédito,Online,Completada,1700.0,5
V006478,C01017,P002,2025-03-19,4,Tarjeta Crédito,Marketplace,Completada,14000.0,0
V006479,C00874,P015,2025-04-15,1,Tarjeta Crédito,Tienda,Cancelada,2600.0,10
V006480,C00815,P014,2025-08-13,2,Tarjeta Crédito,Tienda,Completada,5500.0,10
V006481,C00685,P004,2025-07-27,1,Tarjeta Crédito,Tienda,Cancelada,9000.0,15
V006482,C01008,P022,2025-09-25,1,Tarjeta Crédito,Tienda,Cancelada,1200.0,0
V006483,C00062,P011,2025-07-15,3,Transferencia,Online,Completada,1800.0,5
V006484,C00189,P002,2025-04-16,3,Tarjeta Débito,Online,Completada,14000.0,10
V006485,C00914,P012,2025-02-01,1,Tarjeta Débito,Online,Completada,1700.0,10
V006486,C00229,P006,2025-06-25,1,Tarjeta Débito,Tienda,Completada,1800.0,0
V006487,C00076,P028,2025-03-19,2,Tarjeta Crédito,Tienda,Completada,250.0,0
V006488,C00209,P015,2025-04-04,2,Efectivo,Online,Completada,2600.0,15
V006489,C00006,P019,2025-04-24,4,Efectivo,Marketplace,Completada,1800.0,20
V006490,C01027,P002,2025-05-22,2,Tarjeta Crédito,Marketplace,Cancelada,14000.0,5
V006491,C00368,P003,2025-08-12,3,Tarjeta Crédito,Online,Completada,6500.0,20
V006492,C00039,P030,2025-09-12,4,Transferencia,Online,Completada,3200.0,0
V006493,C00095,P016,2025-12-10,2,Tarjeta Crédito,Marketplace,Cancelada,4500.0,0
V006494,C00828,P024,2025-04-24,2,Tarjeta Débito,Tienda,Completada,14500.0,5
V006495,C00210,P004,2025-01-05,1,Tarjeta Crédito,Online,Cancelada,9000.0,5
V006496,C00013,P015,2025-08-01,5,Tarjeta Crédito,Marketplace,Completada,2600.0,5
V006497,C00158,P025,2025-11-29,1,Tarjeta Crédito,Online,Completada,4200.0,10
V006498,C01122,P030,2025-08-29,3,Transferencia,Online,Devuelta,3200.0,10
V006499,C00078,P025,2025-11-02,3,Transferencia,Online,Completada,4200.0,20
V006500,C01063,P005,2025-10-16,5,Transferencia,Online,Completada,12000.0,15
V006501,C00361,P025,2025-08-20,4,Tarjeta Débito,Tienda,Completada,4200.0,10
V006502,C00696,P026,2025-02-07,5,Efectivo,Tienda,Completada,800.0,10
V006503,C00109,P009,2025-06-21,3,Tarjeta Débito,Online,Completada,1300.0,0
V006504,C00345,P004,2025-10-19,3,Transferencia,Online,Devuelta,9000.0,0
V006505,C00572,P005,2025-11-05,1,Tarjeta Crédito,Marketplace,Completada,12000.0,15
V006506,C00002,P016,2025-08-13,4,Tarjeta Débito,Online,Completada,4500.0,5
V006507,C00967,P002,2025-04-03,4,Transferencia,Online,Cancelada,14000.0,0
V006508,C00220,P010,2025-02-16,3,Tarjeta Crédito,Online,Cancelada,4500.0,20
V006509,C00749,P021,2025-12-05,4,Tarjeta Crédito,Online,Completada,11000.0,15
V006510,C00506,P012,2025-07-17,3,Tarjeta Débito,Tienda,Devuelta,1700.0,5
V006511,C00610,P027,2025-11-07,3,Transferencia,Marketplace,Devuelta,6000.0,10
V006512,C00974,P019,2025-12-04,4,Efectivo,Tienda,Completada,1800.0,0
V006513,C01182,P006,2025-07-26,5,Tarjeta Crédito,Tienda,Completada,1800.0,0
V006514,C00048,P019,2025-05-21,1,Tarjeta Crédito,Marketplace,Completada,1800.0,0
V006515,C00581,P009,2025-05-15,5,Tarjeta Crédito,Online,Devuelta,1560.0,0
V006516,C00297,P014,2025-04-20,1,Tarjeta Crédito,Tienda,Completada,5500.0,0
V006517,C01142,P006,2025-08-21,2,Tarjeta Crédito,Online,Completada,1800.0,5
V006518,C01103,P007,2025-07-13,1,Tarjeta Crédito,Online,Completada,1400.0,10
V006519,C00544,P016,2025-06-04,4,Tarjeta Crédito,Tienda,Completada,4500.0,0
V006520,C01080,P013,2025-10-01,4,Transferencia,Online,Devuelta,2200.0,5
V006521,C00450,P022,2025-09-26,2,Tarjeta Crédito,Marketplace,Completada,1200.0,0
V006522,C00344,P026,2025-03-03,4,Tarjeta Crédito,Online,Cancelada,800.0,10
V006523,C00206,P010,2025-09-21,3,Tarjeta Crédito,Marketplace,Completada,4500.0,5
V006524,C00195,P018,2025-03-03,1,Tarjeta Crédito,Tienda,Completada,900.0,5
V006525,C00376,P024,2025-05-19,5,Transferencia,Online,Completada,14500.0,5
V006526,C00420,P024,2025-08-24,5,Transferencia,Tienda,Devuelta,14500.0,10
V006527,C00185,P002,2025-04-23,5,Tarjeta Crédito,Marketplace,Completada,14000.0,5
V006528,C00371,P013,2025-03-21,1,Tarjeta Débito,Online,Completada,2200.0,0
V006529,C00944,P024,2025-08-27,5,Tarjeta Débito,Marketplace,Cancelada,14500.0,15
V006530,C00898,P021,2025-07-14,3,Efectivo,Online,Cancelada,11000.0,0
V006531,C00557,P005,2025-04-09,5,Transferencia,Online,Devuelta,12000.0,10
V006532,C01086,P015,2025-11-28,1,Tarjeta Crédito,Online,Completada,2600.0,0
V006533,C00210,P014,2025-10-28,5,Tarjeta Crédito,Online,Cancelada,5500.0,0
V006534,C00033,P024,2025-05-18,4,Transferencia,Tienda,Devuelta,14500.0,15
V006535,C00750,P023,2025-09-13,2,Transferencia,Marketplace,Completada,8500.0,5
V006536,C01053,P013,2025-05-25,2,Tarjeta Crédito,Online,Completada,2200.0,5
V006537,C01137,P017,2025-03-23,4,Tarjeta Débito,Online,Devuelta,2640.0,5
V006538,C01086,P004,2025-04-10,4,Tarjeta Crédito,Tienda,Cancelada,9000.0,5
V006539,C00757,P029,2025-10-02,3,Tarjeta Débito,Online,Cancelada,350.0,0
V006540,C00491,P027,2025-07-05,2,Tarjeta Crédito,Online,Completada,6000.0,10
V006541,C00421,P004,2025-12-12,2,Tarjeta Crédito,Online,Completada,9000.0,0
V006542,C00449,P012,2025-07-21,4,Tarjeta Débito,Online,Completada,1700.0,0
V006543,C00623,P025,2025-01-15,4,Tarjeta Crédito,Online,Completada,4200.0,0
V006544,C00894,P009,2025-01-02,3,Transferencia,Tienda,Cancelada,1300.0,20
V006545,C00815,P009,2025-06-07,4,Tarjeta Débito,Online,Cancelada,1300.0,15
V006546,C00037,P028,2025-03-19,4,Transferencia,Online,Devuelta,250.0,0
V006547,C00049,P020,2025-10-22,3,Efectivo,Online,Completada,1500.0,10
V006548,C00951,P010,2025-02-13,5,Transferencia,Tienda,Completada,4500.0,10
V006549,C00489,P006,2025-12-26,5,Tarjeta Crédito,Online,Cancelada,1800.0,0
V006550,C00983,P030,2025-12-18,1,Transferencia,Online,Devuelta,3200.0,5
V006551,C00320,P007,2025-11-08,3,Tarjeta Débito,Online,Completada,1400.0,0
V006552,C00503,P006,2025-06-12,2,Efectivo,Online,Completada,1800.0,5
V006553,C00348,P005,2025-09-11,1,Tarjeta Crédito,Tienda,Completada,12000.0,5
V006554,C00125,P030,2025-03-16,1,Transferencia,Marketplace,Cancelada,3200.0,20
V006555,C00776,P027,2025-10-16,1,Tarjeta Débito,Online,Completada,6000.0,0
V006556,C00320,P005,2025-06-08,3,Tarjeta Débito,Tienda,Completada,12000.0,0
V006557,C00479,P012,2025-03-04,4,Tarjeta Crédito,Online,Devuelta,1700.0,5
V006558,C00288,P028,2025-10-18,2,Transferencia,Tienda,Completada,250.0,20
V006559,C00692,P004,2025-10-11,1,Tarjeta Crédito,Marketplace,Completada,9000.0,5
V006560,C00629,P024,2025-11-23,4,Tarjeta Débito,Online,Devuelta,14500.0,0
V006561,C00308,P024,2025-03-10,4,Transferencia,Tienda,Devuelta,14500.0,0
V006562,C00064,P023,2025-04-30,1,Transferencia,Online,Completada,8500.0,0
V006563,C00058,P018,2025-09-24,5,Transferencia,Online,Completada,900.0,5
V006564,C00267,P019,2025-09-24,1,Tarjeta Crédito,Marketplace,Completada,1800.0,5
V006565,C01109,P027,2025-06-04,2,Tarjeta Crédito,Marketplace,Completada,6000.0,10
V006566,C00933,P004,2025-07-27,1,Transferencia,Online,Devuelta,9000.0,0
V006567,C00632,P006,2025-10-13,4,Tarjeta Crédito,Tienda,Devuelta,1800.0,5
V006568,C00470,P015,2025-06-12,3,Tarjeta Débito,Online,Devuelta,2600.0,0
V006569,C00926,P004,2025-05-01,4,Tarjeta Crédito,Tienda,Devuelta,9000.0,0
V006570,C00968,P020,2025-02-21,3,Tarjeta Crédito,Online,Completada,1500.0,15
V006571,C00479,P008,2025-12-02,4,Transferencia,Online,Cancelada,700.0,0
V006572,C01147,P015,2025-04-19,1,Tarjeta Débito,Tienda,Completada,2600.0,0
V006573,C01169,P028,2025-06-05,2,Tarjeta Débito,Online,Completada,250.0,10
V006574,C00929,P001,2025-06-20,3,Tarjeta Débito,Online,Cancelada,22000.0,0
V006575,C01082,P005,2025-03-31,3,Tarjeta Débito,Online,Completada,12000.0,5
V006576,C00093,P013,2025-11-28,2,Tarjeta Débito,Marketplace,Cancelada,2200.0,0
V006577,C00870,P005,2025-09-26,4,Tarjeta Crédito,Online,Completada,12000.0,5
V006578,C00841,P019,2025-03-08,3,Efectivo,Online,Cancelada,1800.0,0
V006579,C00825,P030,2025-03-26,3,Tarjeta Crédito,Online,Completada,3200.0,0
V006580,C00293,P026,2025-03-23,2,Transferencia,Online,Completada,800.0,0
V006581,C00100,P006,2025-12-27,4,Efectivo,Tienda,Completada,1800.0,15
V006582,C00980,P005,2025-06-04,5,Tarjeta Crédito,Marketplace,Completada,12000.0,10
V006583,C01074,P024,2025-07-16,2,Tarjeta Crédito,Marketplace,Devuelta,14500.0,15
V006584,C00693,P011,2025-02-28,5,Tarjeta Débito,Marketplace,Completada,1800.0,0
V006585,C00602,P028,2025-05-03,4,Tarjeta Crédito,Online,Completada,250.0,15
V006586,C00649,P021,2025-07-31,4,Tarjeta Débito,Online,Completada,11000.0,0
V006587,C00978,P020,2025-08-11,2,Transferencia,Tienda,Completada,1500.0,10
V006588,C01142,P027,2025-01-06,4,Tarjeta Débito,Online,Completada,6000.0,0
V006589,C00006,P011,2025-06-30,1,Tarjeta Débito,Marketplace,Completada,1800.0,5
V006590,C00862,P011,2025-08-13,1,Tarjeta Crédito,Online,Completada,1800.0,10
V006591,C01086,P008,2025-08-30,3,Tarjeta Débito,Tienda,Completada,700.0,10
V006592,C00631,P016,2025-01-30,3,Tarjeta Crédito,Online,Completada,4500.0,10
V006593,C00235,P023,2025-09-10,1,Tarjeta Débito,Online,Completada,8500.0,20
V006594,C00595,P023,2025-04-08,4,Tarjeta Débito,Online,Completada,8500.0,0
V006595,C00486,P017,2025-06-22,2,Transferencia,Online,Completada,2200.0,0
V006596,C01143,P027,2025-11-07,3,Efectivo,Online,Cancelada,6000.0,15
V006597,C00240,P013,2025-10-04,4,Tarjeta Débito,Tienda,Completada,2200.0,10
V006598,C00110,P030,2025-06-18,4,Tarjeta Débito,Tienda,Cancelada,3200.0,5
V006599,C00088,P009,2025-12-22,1,Tarjeta Crédito,Online,Cancelada,1300.0,10
V006600,C00600,P008,2025-11-10,4,Tarjeta Débito,Marketplace,Completada,700.0,15
V006601,C01034,P025,2025-09-22,4,Tarjeta Crédito,Tienda,Completada,4200.0,5
V006602,C00718,P019,2025-10-30,4,Tarjeta Débito,Tienda,Cancelada,1800.0,0
V006603,C00115,P024,2025-12-28,2,Transferencia,Tienda,Completada,14500.0,15
V006604,C01177,P006,2025-06-25,2,Tarjeta Crédito,Marketplace,Completada,1800.0,0
V006605,C00896,P014,2025-05-14,2,Tarjeta Débito,Tienda,Completada,5500.0,5
V006606,C00198,P016,2025-02-09,4,Tarjeta Crédito,Online,Devuelta,4500.0,5
V006607,C00331,P017,2025-06-24,1,Tarjeta Crédito,Online,Devuelta,2200.0,10
V006608,C00797,P005,2025-05-28,2,Tarjeta Crédito,Tienda,Completada,12000.0,5
V006609,C00727,P003,2025-09-10,5,Tarjeta Débito,Tienda,Completada,6500.0,5
V006610,C00858,P004,2025-02-28,5,Tarjeta Crédito,Online,Cancelada,9000.0,0
V006611,C01017,P012,2025-06-18,1,Tarjeta Crédito,Tienda,Completada,1700.0,15
V006612,C00467,P022,2025-06-09,2,Tarjeta Crédito,Tienda,Completada,1200.0,15
V006613,C00727,P003,2025-03-29,3,Tarjeta Débito,Tienda,Cancelada,6500.0,15
V006614,C00872,P017,2025-09-14,5,Efectivo,Marketplace,Completada,2200.0,0
V006615,C00966,P026,2025-10-13,1,Tarjeta Débito,Online,Cancelada,800.0,20
V006616,C00461,P015,2025-09-14,4,Tarjeta Débito,Tienda,Completada,2600.0,15
V006617,C00761,P026,2025-02-05,2,Tarjeta Crédito,Online,Devuelta,800.0,10
V006618,C00333,P028,2025-11-18,5,Transferencia,Marketplace,Cancelada,250.0,0
V006619,C01188,P005,2025-09-11,2,Tarjeta Débito,Online,Devuelta,12000.0,10
V006620,C00122,P023,2025-11-18,4,Efectivo,Tienda,Cancelada,8500.0,0
V006621,C00881,P009,2025-04-22,1,Transferencia,Online,Devuelta,1300.0,15
V006622,C01110,P017,2025-10-13,4,Tarjeta Crédito,Online,Completada,2200.0,0
V006623,C00526,P007,2025-10-12,1,Tarjeta Débito,Online,Completada,1400.0,5
V006624,C00702,P002,2025-05-21,3,Transferencia,Tienda,Completada,14000.0,0
V006625,C00982,P012,2025-03-30,4,Transferencia,Tienda,Cancelada,1700.0,10
V006626,C00770,P010,2025-03-10,4,Transferencia,Marketplace,Completada,4500.0,10
V006627,C00805,P020,2025-08-09,5,Tarjeta Crédito,Marketplace,Completada,1500.0,15
V006628,C00917,P015,2025-05-26,4,Tarjeta Crédito,Online,Cancelada,2600.0,10
V006629,C00805,P022,2025-05-16,3,Tarjeta Crédito,Tienda,Completada,1200.0,10
V006630,C00131,P023,2025-03-13,4,Efectivo,Online,Cancelada,8500.0,20
V006631,C00939,P009,2025-05-09,1,Tarjeta Crédito,Online,Completada,1300.0,15
V006632,C00430,P002,2025-07-06,1,Tarjeta Crédito,Tienda,Cancelada,11200.0,5
V006633,C00662,P009,2025-11-01,3,Tarjeta Débito,Online,Devuelta,1300.0,5
V006634,C00065,P013,2025-03-29,1,Tarjeta Crédito,Online,Devuelta,1980.0,5
V006635,C00323,P020,2025-09-28,1,Transferencia,Marketplace,Cancelada,1500.0,5
V006636,C01127,P008,2025-01-31,2,Tarjeta Débito,Online,Completada,700.0,10
V006637,C01047,P017,2025-04-02,4,Tarjeta Crédito,Tienda,Devuelta,2200.0,10
V006638,C00115,P016,2025-09-18,3,Tarjeta Crédito,Online,Completada,4500.0,0
V006639,C00636,P030,2025-02-13,5,Tarjeta Crédito,Online,Cancelada,3200.0,10
V006640,C00203,P002,2025-05-30,1,Tarjeta Crédito,Online,Completada,14000.0,10
V006641,C00621,P022,2025-09-08,5,Tarjeta Débito,Online,Completada,1200.0,5
V006642,C00662,P003,2025-06-07,3,Tarjeta Débito,Tienda,Completada,6500.0,15
V006643,C00032,P007,2025-06-30,2,Tarjeta Débito,Marketplace,Devuelta,1400.0,5
V006644,C00971,P026,2025-02-21,1,Transferencia,Online,Completada,800.0,5
V006645,C01042,P009,2025-08-20,1,Efectivo,Marketplace,Devuelta,1300.0,0
V006646,C00985,P021,2025-03-31,1,Tarjeta Débito,Marketplace,Completada,11000.0,10
V006647,C01020,P020,2025-09-13,2,Tarjeta Crédito,Online,Completada,1500.0,10
V006648,C00349,P014,2025-05-31,1,Tarjeta Débito,Marketplace,Completada,5500.0,5
V006649,C00466,P021,2025-12-25,1,Tarjeta Débito,Tienda,Devuelta,11000.0,5
V006650,C00148,P023,2025-11-16,3,Tarjeta Crédito,Online,Cancelada,8500.0,0
V006651,C01175,P018,2025-08-10,1,Tarjeta Crédito,Marketplace,Cancelada,900.0,15
V006652,C01036,P017,2025-01-14,2,Tarjeta Crédito,Tienda,Completada,2200.0,10
V006653,C01011,P004,2025-09-02,4,Efectivo,Tienda,Completada,9000.0,0
V006654,C00274,P023,2025-08-03,4,Tarjeta Débito,Tienda,Completada,8500.0,0
V006655,C00779,P016,2025-11-25,2,Tarjeta Crédito,Online,Completada,4500.0,5
V006656,C01154,P023,2025-03-17,3,Tarjeta Crédito,Online,Completada,8500.0,20
V006657,C00064,P027,2025-12-06,1,Tarjeta Crédito,Tienda,Devuelta,6000.0,5
V006658,C00338,P027,2025-09-10,2,Efectivo,Online,Cancelada,6000.0,10
V006659,C00380,P028,2025-07-29,5,Tarjeta Débito,Marketplace,Cancelada,250.0,0
V006660,C00476,P005,2025-10-31,4,Tarjeta Débito,Marketplace,Devuelta,12000.0,0
V006661,C00427,P020,2025-11-30,4,Tarjeta Crédito,Marketplace,Completada,1500.0,0
V006662,C00255,P009,2025-10-16,2,Tarjeta Crédito,Marketplace,Completada,1300.0,10
V006663,C00444,P012,2025-07-17,3,Tarjeta Crédito,Online,Cancelada,1700.0,0
V006664,C00638,P003,2025-09-09,1,Transferencia,Online,Completada,6500.0,0
V006665,C00554,P021,2025-06-01,5,Tarjeta Crédito,Online,Devuelta,11000.0,0
V006666,C00988,P009,2025-12-27,3,Tarjeta Crédito,Marketplace,Completada,1300.0,5
V006667,C00935,P025,2025-03-31,5,Efectivo,Tienda,Devuelta,4200.0,10
V006668,C00588,P008,2025-04-28,3,Transferencia,Online,Completada,700.0,5
V006669,C00915,P026,2025-07-11,2,Tarjeta Crédito,Online,Completada,800.0,10
V006670,C00672,P029,2025-03-30,5,Tarjeta Crédito,Marketplace,Devuelta,350.0,0
V006671,C01161,P016,2025-12-28,4,Tarjeta Crédito,Online,Completada,4500.0,15
V006672,C00717,P019,2025-12-24,1,Transferencia,Marketplace,Cancelada,1800.0,5
V006673,C01045,P004,2025-01-13,1,Transferencia,Tienda,Completada,9000.0,5
V006674,C00323,P016,2025-08-14,3,Tarjeta Débito,Tienda,Completada,4500.0,0
V006675,C00256,P027,2025-10-27,5,Tarjeta Crédito,Online,Cancelada,6000.0,0
V006676,C00905,P025,2025-02-26,2,Tarjeta Crédito,Tienda,Cancelada,4200.0,0
V006677,C01037,P025,2025-05-02,2,Transferencia,Online,Devuelta,4200.0,5
V006678,C00939,P015,2025-02-09,4,Tarjeta Crédito,Online,Completada,2600.0,5
V006679,C00715,P024,2025-12-13,4,Efectivo,Marketplace,Devuelta,14500.0,0
V006680,C00258,P019,2025-12-21,2,Tarjeta Débito,Tienda,Devuelta,1800.0,5
V006681,C00514,P025,2025-07-16,1,Tarjeta Crédito,Online,Completada,4200.0,10
V006682,C00584,P011,2025-10-25,3,Tarjeta Crédito,Online,Cancelada,1800.0,10
V006683,C01048,P004,2025-04-28,4,Tarjeta Crédito,Online,Cancelada,9000.0,10
V006684,C00870,P015,2025-06-22,4,Tarjeta Débito,Tienda,Devuelta,2600.0,10
V006685,C00161,P029,2025-08-03,2,Tarjeta Débito,Online,Completada,350.0,5
V006686,C00046,P006,2025-09-01,1,Tarjeta Débito,Online,Devuelta,1800.0,0
V006687,C00665,P019,2025-12-25,3,Tarjeta Débito,Marketplace,Devuelta,1800.0,0
V006688,C00450,P007,2025-10-26,3,Tarjeta Débito,Online,Completada,1400.0,10
V006689,C00695,P029,2025-07-15,2,Tarjeta Débito,Tienda,Devuelta,350.0,5
V006690,C01136,P014,2025-09-16,5,Transferencia,Marketplace,Completada,5500.0,10
V006691,C01129,P026,2025-01-22,3,Transferencia,Online,Completada,800.0,5
V006692,C01058,P021,2025-09-16,4,Tarjeta Crédito,Marketplace,Completada,11000.0,10
V006693,C00008,P007,2025-02-05,5,Tarjeta Crédito,Online,Cancelada,1400.0,0
V006694,C00887,P001,2025-02-19,4,Tarjeta Débito,Tienda,Completada,22000.0,0
V006695,C00462,P007,2025-06-05,1,Tarjeta Crédito,Marketplace,Completada,1400.0,5
V006696,C00635,P008,2025-01-18,5,Transferencia,Online,Completada,700.0,5
V006697,C00882,P004,2025-11-16,2,Tarjeta Crédito,Online,Devuelta,9000.0,5
V006698,C00866,P005,2025-12-30,2,Tarjeta Crédito,Tienda,Completada,12000.0,10
V006699,C00957,P025,2025-08-06,2,Tarjeta Crédito,Online,Completada,4200.0,5
V006700,C01179,P017,2025-05-24,2,Tarjeta Débito,Marketplace,Completada,2200.0,5
V006701,C00816,P004,2025-06-14,5,Transferencia,Online,Completada,9000.0,0
V006702,C00252,P012,2025-08-11,3,Tarjeta Débito,Online,Cancelada,1700.0,15
V006703,C00681,P028,2025-02-11,2,Tarjeta Débito,Tienda,Completada,250.0,5
V006704,C00634,P020,2025-08-30,5,Tarjeta Crédito,Online,Devuelta,1500.0,0
V006705,C00778,P012,2025-01-22,3,Tarjeta Crédito,Marketplace,Completada,1700.0,0
V006706,C00795,P015,2025-02-23,1,Transferencia,Online,Completada,2600.0,10
V006707,C00378,P006,2025-08-08,2,Transferencia,Tienda,Completada,1800.0,0
V006708,C00819,P004,2025-08-10,4,Tarjeta Débito,Marketplace,Devuelta,9000.0,15
V006709,C00934,P028,2025-07-15,5,Tarjeta Crédito,Online,Completada,250.0,0
V006710,C00113,P007,2025-05-29,1,Transferencia,Tienda,Completada,1400.0,10
V006711,C00416,P020,2025-07-05,4,Tarjeta Débito,Tienda,Devuelta,1500.0,20
V006712,C00001,P002,2025-02-21,3,Tarjeta Débito,Marketplace,Completada,14000.0,0
V006713,C00439,P020,2025-11-04,3,Tarjeta Crédito,Marketplace,Completada,1500.0,5
V006714,C00726,P025,2025-12-02,1,Transferencia,Marketplace,Cancelada,4200.0,5
V006715,C00342,P022,2025-11-01,5,Efectivo,Online,Cancelada,1200.0,0
V006716,C00170,P027,2025-11-16,2,Tarjeta Débito,Tienda,Completada,6000.0,5
V006717,C00358,P015,2025-11-12,3,Tarjeta Débito,Online,Completada,2600.0,10
V006718,C00550,P017,2025-05-28,3,Tarjeta Crédito,Online,Completada,2200.0,0
V006719,C00735,P012,2025-11-20,2,Tarjeta Crédito,Online,Completada,1700.0,0
V006720,C00549,P007,2025-11-03,5,Tarjeta Crédito,Online,Completada,1400.0,0
V006721,C00723,P013,2025-01-26,3,Tarjeta Crédito,Online,Devuelta,2200.0,10
V006722,C00956,P005,2025-02-12,2,Tarjeta Débito,Tienda,Cancelada,12000.0,15
V006723,C00658,P016,2025-09-27,4,Transferencia,Marketplace,Completada,4500.0,10
V006724,C01052,P007,2025-03-30,5,Efectivo,Online,Devuelta,1400.0,0
V006725,C00623,P019,2025-10-09,5,Tarjeta Crédito,Online,Completada,1800.0,10
V006726,C00016,P027,2025-07-10,2,Tarjeta Débito,Tienda,Completada,6000.0,5
V006727,C00758,P013,2025-01-05,4,Tarjeta Crédito,Marketplace,Cancelada,2200.0,0
V006728,C00141,P013,2025-08-16,4,Transferencia,Online,Cancelada,2200.0,15
V006729,C00471,P008,2025-03-02,4,Tarjeta Débito,Online,Devuelta,700.0,0
V006730,C00761,P016,2025-04-27,3,Efectivo,Online,Completada,4500.0,5
V006731,C00693,P026,2025-07-16,2,Tarjeta Crédito,Tienda,Completada,800.0,10
V006732,C00344,P025,2025-11-02,4,Tarjeta Crédito,Marketplace,Completada,4200.0,10
V006733,C01001,P013,2025-01-26,5,Tarjeta Crédito,Online,Devuelta,2200.0,10
V006734,C01166,P008,2025-07-16,3,Tarjeta Débito,Tienda,Cancelada,700.0,5
V006735,C00272,P025,2025-07-20,3,Tarjeta Débito,Tienda,Cancelada,4200.0,10
V006736,C00386,P011,2025-06-15,2,Tarjeta Crédito,Online,Completada,1800.0,5
V006737,C00944,P027,2025-01-08,1,Tarjeta Crédito,Online,Cancelada,6000.0,15
V006738,C00121,P006,2025-02-05,1,Tarjeta Débito,Online,Cancelada,1800.0,10
V006739,C00928,P017,2025-04-19,2,Tarjeta Crédito,Online,Completada,2200.0,0
V006740,C00246,P026,2025-06-21,2,Tarjeta Débito,Tienda,Completada,800.0,0
V006741,C00698,P018,2025-09-11,1,Transferencia,Online,Cancelada,900.0,5
V006742,C00290,P021,2025-09-05,4,Transferencia,Tienda,Cancelada,11000.0,0
V006743,C00669,P014,2025-01-19,1,Transferencia,Online,Completada,5500.0,0
V006744,C00211,P028,2025-09-17,2,Tarjeta Débito,Tienda,Devuelta,300.0,0
V006745,C00290,P021,2025-05-19,5,Tarjeta Débito,Marketplace,Completada,11000.0,5
V006746,C00497,P006,2025-02-23,5,Tarjeta Crédito,Marketplace,Completada,1800.0,10
V006747,C00790,P002,2025-09-13,2,Tarjeta Débito,Online,Completada,14000.0,10
V006748,C00330,P016,2025-09-04,5,Efectivo,Online,Completada,4500.0,10
V006749,C01122,P006,2025-02-06,2,Tarjeta Crédito,Online,Completada,1800.0,5
V006750,C00637,P001,2025-10-04,1,Tarjeta Débito,Marketplace,Cancelada,22000.0,10
V006751,C01149,P010,2025-07-24,4,Tarjeta Débito,Tienda,Cancelada,4500.0,5
V006752,C00764,P009,2025-04-21,5,Tarjeta Crédito,Marketplace,Completada,1300.0,0
V006753,C01128,P029,2025-12-23,3,Tarjeta Crédito,Online,Completada,350.0,0
V006754,C00018,P028,2025-09-25,4,Transferencia,Marketplace,Devuelta,250.0,10
V006755,C00510,P013,2025-06-24,5,Tarjeta Crédito,Tienda,Cancelada,2200.0,10
V006756,C00687,P015,2025-11-23,2,Tarjeta Débito,Marketplace,Completada,2600.0,0
V006757,C00532,P020,2025-09-18,4,Tarjeta Débito,Online,Devuelta,1500.0,5
V006758,C00029,P016,2025-10-04,3,Tarjeta Débito,Online,Completada,4500.0,5
V006759,C00114,P029,2025-01-12,4,Transferencia,Marketplace,Completada,350.0,0
V006760,C00812,P011,2025-02-08,2,Tarjeta Crédito,Marketplace,Completada,1800.0,5
V006761,C00769,P027,2025-06-07,4,Transferencia,Marketplace,Completada,6000.0,0
V006762,C00012,P011,2025-09-15,4,Transferencia,Online,Cancelada,1800.0,10
V006763,C00882,P019,2025-06-19,3,Tarjeta Débito,Tienda,Devuelta,1800.0,20
V006764,C00674,P020,2025-08-20,5,Tarjeta Crédito,Online,Completada,1500.0,20
V006765,C00279,P004,2025-08-12,1,Tarjeta Débito,Online,Completada,9000.0,0
V006766,C00307,P018,2025-12-29,1,Tarjeta Débito,Online,Cancelada,900.0,20
V006767,C00432,P021,2025-11-05,4,Efectivo,Tienda,Cancelada,11000.0,5
V006768,C00125,P022,2025-11-11,5,Tarjeta Crédito,Online,Devuelta,1200.0,0
V006769,C01078,P022,2025-05-07,5,Transferencia,Online,Devuelta,1200.0,5
V006770,C00681,P019,2025-05-01,4,Tarjeta Crédito,Online,Cancelada,1800.0,5
V006771,C00473,P004,2025-11-20,1,Tarjeta Crédito,Tienda,Devuelta,9000.0,0
V006772,C00602,P020,2025-06-24,5,Tarjeta Crédito,Marketplace,Completada,1500.0,5
V006773,C00457,P017,2025-07-15,4,Efectivo,Marketplace,Devuelta,2200.0,0
V006774,C01038,P027,2025-02-16,4,Tarjeta Débito,Marketplace,Completada,6000.0,5
V006775,C00514,P018,2025-12-06,4,Tarjeta Crédito,Tienda,Completada,900.0,0
V006776,C00305,P021,2025-07-31,2,Tarjeta Crédito,Online,Cancelada,11000.0,20
V006777,C00751,P028,2025-01-30,2,Tarjeta Débito,Tienda,Completada,250.0,20
V006778,C00795,P012,2025-08-05,5,Tarjeta Débito,Online,Cancelada,1700.0,5
V006779,C01162,P008,2025-08-30,2,Tarjeta Crédito,Marketplace,Devuelta,700.0,5
V006780,C00766,P019,2025-06-13,5,Tarjeta Crédito,Online,Completada,1800.0,0
V006781,C01027,P026,2025-10-05,3,Tarjeta Crédito,Marketplace,Completada,800.0,10
V006782,C01064,P014,2025-09-21,1,Tarjeta Débito,Tienda,Completada,5500.0,5
V006783,C00369,P016,2025-10-01,5,Efectivo,Online,Completada,4500.0,20
V006784,C00488,P001,2025-09-06,3,Transferencia,Tienda,Devuelta,22000.0,20
V006785,C00176,P029,2025-05-26,2,Tarjeta Débito,Tienda,Completada,350.0,0
V006786,C00567,P002,2025-08-08,2,Transferencia,Online,Completada,14000.0,5
V006787,C00849,P023,2025-05-06,2,Tarjeta Crédito,Tienda,Completada,8500.0,5
V006788,C01068,P014,2025-07-31,1,Tarjeta Crédito,Online,Cancelada,5500.0,0
V006789,C00130,P019,2025-07-02,2,Tarjeta Débito,Tienda,Completada,1800.0,0
V006790,C00500,P014,2025-06-16,1,Tarjeta Crédito,Marketplace,Completada,5500.0,5
V006791,C00674,P005,2025-02-19,3,Tarjeta Débito,Marketplace,Completada,12000.0,0
V006792,C00945,P008,2025-11-03,5,Tarjeta Crédito,Online,Completada,700.0,0
V006793,C01015,P007,2025-07-23,3,Transferencia,Marketplace,Devuelta,1400.0,5
V006794,C01074,P023,2025-08-18,5,Tarjeta Débito,Online,Devuelta,10200.0,10
V006795,C01140,P014,2025-03-27,2,Transferencia,Online,Completada,5500.0,0
V006796,C00867,P030,2025-01-31,3,Transferencia,Tienda,Cancelada,3200.0,10
V006797,C00718,P023,2025-08-17,4,Transferencia,Online,Completada,8500.0,0
V006798,C01105,P023,2025-09-02,3,Efectivo,Online,Completada,8500.0,10
V006799,C00357,P019,2025-02-21,5,Tarjeta Débito,Online,Devuelta,1800.0,0
V006800,C00448,P004,2025-10-09,3,Efectivo,Online,Devuelta,9000.0,15
V006801,C00597,P016,2025-06-20,3,Tarjeta Crédito,Online,Completada,4500.0,0
V006802,C00045,P030,2025-01-03,5,Tarjeta Débito,Tienda,Completada,3200.0,0
V006803,C00826,P010,2025-07-21,2,Tarjeta Crédito,Tienda,Devuelta,4500.0,20
V006804,C00506,P002,2025-05-30,5,Transferencia,Online,Devuelta,14000.0,5
V006805,C00430,P005,2025-07-26,1,Tarjeta Crédito,Marketplace,Completada,12000.0,0
V006806,C00917,P007,2025-07-05,4,Transferencia,Online,Completada,1400.0,5
V006807,C01029,P019,2025-02-12,1,Tarjeta Débito,Online,Completada,1800.0,0
V006808,C00229,P030,2025-01-29,3,Transferencia,Tienda,Completada,3200.0,0
V006809,C00213,P012,2025-11-24,1,Transferencia,Online,Devuelta,1700.0,0
V006810,C00453,P004,2025-03-24,4,Efectivo,Online,Completada,9000.0,20
V006811,C00860,P022,2025-06-19,2,Transferencia,Online,Completada,1200.0,5
V006812,C00199,P003,2025-09-30,2,Tarjeta Débito,Online,Completada,6500.0,20
V006813,C00826,P029,2025-07-29,4,Transferencia,Online,Completada,350.0,0
V006814,C01127,P022,2025-09-21,4,Efectivo,Online,Completada,1200.0,0
V006815,C01046,P028,2025-03-11,3,Tarjeta Débito,Tienda,Completada,250.0,10
V006816,C00556,P024,2025-03-22,3,Tarjeta Débito,Tienda,Completada,14500.0,20
V006817,C01067,P011,2025-06-26,3,Tarjeta Débito,Online,Cancelada,1800.0,0
V006818,C00993,P011,2025-05-07,2,Transferencia,Marketplace,Completada,1800.0,15
V006819,C00382,P018,2025-03-04,3,Tarjeta Débito,Online,Devuelta,900.0,5
V006820,C00010,P030,2025-07-29,3,Tarjeta Crédito,Tienda,Completada,3200.0,15
V006821,C00330,P017,2025-04-25,5,Tarjeta Débito,Tienda,Completada,2200.0,20
V006822,C00495,P004,2025-01-19,1,Efectivo,Marketplace,Cancelada,9000.0,5
V006823,C00096,P013,2025-02-05,1,Tarjeta Crédito,Online,Devuelta,2200.0,0
V006824,C00612,P012,2025-08-28,5,Tarjeta Crédito,Online,Completada,1700.0,5
V006825,C00359,P029,2025-03-19,2,Tarjeta Crédito,Online,Completada,350.0,15
V006826,C00268,P027,2025-08-04,5,Tarjeta Crédito,Marketplace,Completada,6000.0,10
V006827,C00554,P008,2025-06-09,4,Tarjeta Crédito,Marketplace,Completada,700.0,0
V006828,C01022,P016,2025-02-28,3,Tarjeta Débito,Tienda,Completada,4500.0,0
V006829,C00375,P012,2025-08-15,2,Tarjeta Crédito,Marketplace,Completada,1700.0,0
V006830,C00148,P012,2025-02-25,5,Efectivo,Tienda,Devuelta,1700.0,0
V006831,C00033,P006,2025-10-12,4,Efectivo,Tienda,Cancelada,1800.0,5
V006832,C00557,P007,2025-12-11,3,Transferencia,Online,Cancelada,1400.0,15
V006833,C00417,P025,2025-05-28,5,Tarjeta Crédito,Marketplace,Completada,4200.0,0
V006834,C00445,P007,2025-07-29,2,Tarjeta Crédito,Marketplace,Cancelada,1400.0,0
V006835,C01079,P013,2025-08-03,4,Transferencia,Online,Completada,2200.0,0
V006836,C00839,P001,2025-07-27,5,Tarjeta Débito,Tienda,Completada,22000.0,0
V006837,C00489,P009,2025-04-21,5,Tarjeta Crédito,Tienda,Cancelada,1300.0,5
V006838,C00605,P003,2025-10-01,3,Tarjeta Crédito,Marketplace,Completada,6500.0,0
V006839,C00853,P025,2025-10-18,1,Efectivo,Tienda,Completada,4200.0,10
V006840,C00981,P027,2025-03-08,4,Tarjeta Débito,Online,Completada,6000.0,0
V006841,C00454,P021,2025-09-30,1,Tarjeta Crédito,Online,Completada,11000.0,10
V006842,C00045,P019,2025-02-11,2,Tarjeta Débito,Online,Cancelada,1800.0,5
V006843,C00239,P002,2025-10-16,5,Transferencia,Online,Completada,14000.0,0
V006844,C00191,P028,2025-05-05,2,Tarjeta Débito,Tienda,Completada,250.0,5
V006845,C00969,P005,2025-01-16,3,Transferencia,Online,Completada,12000.0,5
V006846,C00521,P019,2025-11-08,2,Efectivo,Marketplace,Devuelta,1800.0,5
V006847,C00578,P012,2025-09-12,3,Tarjeta Débito,Tienda,Devuelta,1700.0,0
V006848,C00090,P029,2025-03-17,2,Tarjeta Débito,Online,Completada,350.0,10
V006849,C00005,P013,2025-12-24,5,Tarjeta Crédito,Tienda,Devuelta,2200.0,5
V006850,C01035,P023,2025-01-27,4,Tarjeta Débito,Online,Cancelada,8500.0,5
V006851,C00537,P025,2025-08-16,4,Tarjeta Crédito,Online,Cancelada,4200.0,10
V006852,C00789,P009,2025-05-12,5,Tarjeta Crédito,Marketplace,Completada,1300.0,5
V006853,C00291,P026,2025-08-04,3,Tarjeta Crédito,Online,Completada,800.0,0
V006854,C00762,P015,2025-02-15,2,Efectivo,Tienda,Completada,2600.0,0
V006855,C01018,P018,2025-06-27,2,Tarjeta Débito,Online,Completada,900.0,15
V006856,C00214,P008,2025-06-26,4,Tarjeta Débito,Marketplace,Cancelada,700.0,15
V006857,C00489,P011,2025-01-17,5,Efectivo,Online,Completada,1800.0,0
V006858,C00144,P021,2025-04-12,5,Tarjeta Débito,Online,Cancelada,11000.0,0
V006859,C00733,P016,2025-05-06,2,Efectivo,Tienda,Cancelada,4500.0,15
V006860,C00079,P012,2025-01-01,1,Tarjeta Crédito,Marketplace,Cancelada,1700.0,0
V006861,C00426,P015,2025-07-30,4,Efectivo,Tienda,Devuelta,2600.0,0
V006862,C01048,P007,2025-11-03,2,Tarjeta Crédito,Marketplace,Completada,1400.0,10
V006863,C00415,P008,2025-11-07,5,Tarjeta Crédito,Online,Completada,700.0,0
V006864,C00963,P003,2025-05-19,5,Tarjeta Crédito,Tienda,Devuelta,6500.0,0
V006865,C01039,P001,2025-12-26,3,Tarjeta Crédito,Online,Devuelta,22000.0,0
V006866,C00806,P023,2025-01-08,4,Tarjeta Débito,Marketplace,Completada,8500.0,0
V006867,C00943,P009,2025-01-05,4,Transferencia,Online,Completada,1300.0,0
V006868,C01020,P009,2025-06-13,5,Transferencia,Online,Completada,1300.0,5
V006869,C01088,P028,2025-03-11,1,Tarjeta Débito,Online,Cancelada,250.0,5
V006870,C00545,P004,2025-01-18,4,Transferencia,Online,Cancelada,9000.0,0
V006871,C00354,P002,2025-01-26,1,Tarjeta Débito,Marketplace,Cancelada,14000.0,5
V006872,C01020,P002,2025-01-03,3,Efectivo,Online,Devuelta,14000.0,0
V006873,C01113,P017,2025-02-16,3,Efectivo,Tienda,Devuelta,2200.0,0
V006874,C01015,P001,2025-07-06,5,Tarjeta Crédito,Tienda,Completada,22000.0,15
V006875,C00464,P015,2025-05-29,3,Tarjeta Crédito,Online,Devuelta,2600.0,5
V006876,C00102,P012,2025-12-17,2,Tarjeta Débito,Marketplace,Completada,1700.0,15
V006877,C00434,P014,2025-07-16,5,Tarjeta Crédito,Tienda,Completada,5500.0,10
V006878,C00268,P018,2025-09-30,3,Tarjeta Crédito,Online,Completada,900.0,5
V006879,C01105,P006,2025-10-17,4,Tarjeta Débito,Tienda,Cancelada,1800.0,0
V006880,C00288,P027,2025-08-15,1,Tarjeta Crédito,Tienda,Completada,6000.0,0
V006881,C00782,P014,2025-06-28,4,Tarjeta Débito,Tienda,Devuelta,5500.0,0
V006882,C01035,P021,2025-04-07,2,Tarjeta Crédito,Online,Completada,11000.0,15
V006883,C00143,P002,2025-02-27,3,Tarjeta Crédito,Online,Completada,14000.0,0
V006884,C00622,P016,2025-07-18,5,Tarjeta Débito,Online,Completada,4500.0,0
V006885,C00453,P003,2025-06-23,1,Tarjeta Crédito,Online,Devuelta,6500.0,5
V006886,C01022,P027,2025-01-04,4,Tarjeta Débito,Tienda,Completada,6000.0,10
V006887,C00424,P003,2025-06-18,2,Tarjeta Crédito,Tienda,Completada,6500.0,0
V006888,C00203,P027,2025-06-14,2,Tarjeta Crédito,Online,Completada,6000.0,0
V006889,C00336,P026,2025-08-12,4,Tarjeta Crédito,Online,Devuelta,800.0,20
V006890,C00072,P025,2025-09-17,5,Tarjeta Crédito,Tienda,Cancelada,4200.0,10
V006891,C00870,P030,2025-01-05,1,Tarjeta Crédito,Online,Devuelta,3200.0,10
V006892,C00151,P002,2025-04-10,2,Tarjeta Crédito,Online,Completada,14000.0,5
V006893,C00021,P009,2025-05-23,1,Transferencia,Online,Cancelada,1300.0,10
V006894,C01003,P017,2025-10-15,3,Tarjeta Crédito,Online,Cancelada,2200.0,15
V006895,C00417,P005,2025-04-22,2,Tarjeta Débito,Online,Completada,12000.0,20
V006896,C00939,P019,2025-09-20,5,Efectivo,Marketplace,Devuelta,1800.0,15
V006897,C00491,P008,2025-10-22,5,Transferencia,Marketplace,Completada,700.0,5
V006898,C00977,P017,2025-04-09,4,Tarjeta Crédito,Online,Completada,2200.0,5
V006899,C00461,P015,2025-01-24,4,Tarjeta Débito,Tienda,Completada,2600.0,0
V006900,C00498,P019,2025-06-15,2,Efectivo,Tienda,Completada,1800.0,10
V006901,C00463,P009,2025-09-24,1,Tarjeta Crédito,Online,Devuelta,1300.0,5
V006902,C00820,P015,2025-03-29,1,Transferencia,Tienda,Completada,2600.0,0
V006903,C00812,P013,2025-02-07,5,Tarjeta Crédito,Online,Cancelada,2200.0,0
V006904,C00427,P013,2025-07-07,4,Efectivo,Tienda,Cancelada,2200.0,0
V006905,C00391,P010,2025-01-28,4,Efectivo,Tienda,Devuelta,4500.0,15
V006906,C00755,P005,2025-03-13,3,Tarjeta Débito,Tienda,Completada,12000.0,5
V006907,C00768,P008,2025-07-10,2,Tarjeta Crédito,Online,Cancelada,700.0,0
V006908,C00746,P019,2025-02-15,5,Tarjeta Débito,Online,Completada,1800.0,0
V006909,C00934,P018,2025-10-28,5,Tarjeta Débito,Tienda,Cancelada,900.0,5
V006910,C00886,P015,2025-11-15,3,Tarjeta Débito,Tienda,Devuelta,2600.0,15
V006911,C00357,P026,2025-11-19,1,Tarjeta Crédito,Online,Completada,800.0,0
V006912,C01122,P018,2025-05-10,5,Tarjeta Crédito,Marketplace,Completada,900.0,0
V006913,C00642,P019,2025-08-30,3,Efectivo,Marketplace,Devuelta,1800.0,5
V006914,C00900,P015,2025-01-07,5,Transferencia,Online,Completada,2600.0,10
V006915,C00020,P014,2025-04-05,5,Tarjeta Crédito,Tienda,Cancelada,5500.0,0
V006916,C01034,P001,2025-09-24,2,Tarjeta Débito,Marketplace,Devuelta,22000.0,20
V006917,C00341,P014,2025-06-24,1,Transferencia,Online,Completada,5500.0,5
V006918,C00165,P027,2025-12-01,1,Tarjeta Crédito,Tienda,Cancelada,6000.0,10
V006919,C00489,P004,2025-09-14,5,Transferencia,Online,Completada,9000.0,10
V006920,C00811,P026,2025-09-08,5,Tarjeta Crédito,Online,Cancelada,800.0,10
V006921,C00748,P025,2025-11-14,2,Tarjeta Crédito,Online,Completada,4200.0,0
V006922,C00008,P025,2025-07-20,1,Tarjeta Débito,Online,Completada,4200.0,10
V006923,C00967,P004,2025-10-16,4,Tarjeta Débito,Online,Completada,9000.0,15
V006924,C00417,P017,2025-07-20,1,Tarjeta Crédito,Online,Completada,2200.0,0
V006925,C00172,P012,2025-03-12,5,Tarjeta Débito,Online,Cancelada,1700.0,0
V006926,C00786,P001,2025-05-26,3,Tarjeta Débito,Marketplace,Devuelta,22000.0,5
V006927,C00308,P027,2025-01-07,5,Tarjeta Débito,Online,Completada,6000.0,0
V006928,C00915,P011,2025-08-12,3,Transferencia,Online,Completada,1800.0,0
V006929,C00481,P007,2025-12-20,1,Tarjeta Crédito,Online,Devuelta,1400.0,5
V006930,C00551,P028,2025-02-11,4,Transferencia,Tienda,Devuelta,250.0,5
V006931,C01088,P007,2025-02-17,5,Tarjeta Crédito,Online,Completada,1400.0,0
V006932,C00444,P018,2025-09-20,3,Transferencia,Tienda,Completada,900.0,15
V006933,C00453,P025,2025-09-16,1,Tarjeta Débito,Online,Devuelta,4200.0,0
V006934,C00030,P008,2025-04-09,1,Efectivo,Online,Completada,700.0,0
V006935,C00774,P024,2025-01-08,3,Tarjeta Crédito,Online,Completada,14500.0,5
V006936,C00817,P005,2025-06-16,2,Tarjeta Débito,Online,Completada,12000.0,0
V006937,C00501,P026,2025-06-16,5,Tarjeta Crédito,Tienda,Completada,800.0,0
V006938,C00387,P020,2025-04-08,4,Tarjeta Crédito,Online,Completada,1500.0,5
V006939,C01113,P026,2025-08-28,1,Tarjeta Crédito,Tienda,Devuelta,800.0,15
V006940,C00338,P006,2025-07-11,5,Tarjeta Crédito,Tienda,Devuelta,1800.0,10
V006941,C00345,P012,2025-05-23,4,Tarjeta Débito,Online,Completada,1700.0,5
V006942,C01015,P004,2025-09-30,5,Tarjeta Débito,Online,Completada,9000.0,10
V006943,C00214,P025,2025-08-07,4,Efectivo,Online,Completada,4200.0,20
V006944,C01058,P025,2025-01-09,4,Transferencia,Online,Cancelada,4200.0,0
V006945,C00882,P014,2025-04-27,1,Tarjeta Crédito,Tienda,Completada,5500.0,10
V006946,C00506,P018,2025-08-11,2,Tarjeta Crédito,Marketplace,Devuelta,900.0,10
V006947,C00555,P023,2025-05-27,1,Tarjeta Crédito,Online,Devuelta,8500.0,20
V006948,C00867,P030,2025-06-19,4,Tarjeta Crédito,Tienda,Completada,3200.0,5
V006949,C00485,P005,2025-08-11,4,Tarjeta Crédito,Marketplace,Completada,12000.0,0
V006950,C00680,P011,2025-02-08,5,Tarjeta Crédito,Tienda,Cancelada,1800.0,5
V006951,C00636,P012,2025-07-10,5,Efectivo,Tienda,Completada,1700.0,5
V006952,C00671,P011,2025-05-01,5,Tarjeta Crédito,Online,Completada,1800.0,0
V006953,C00376,P016,2025-04-11,1,Tarjeta Débito,Online,Cancelada,4500.0,0
V006954,C00043,P001,2025-09-16,2,Tarjeta Crédito,Online,Completada,22000.0,0
V006955,C00717,P029,2025-08-19,1,Tarjeta Débito,Marketplace,Completada,350.0,0
V006956,C01076,P026,2025-09-27,4,Tarjeta Débito,Online,Completada,800.0,15
V006957,C00772,P005,2025-03-24,4,Tarjeta Débito,Tienda,Completada,12000.0,20
V006958,C00055,P026,2025-03-01,3,Tarjeta Crédito,Online,Cancelada,800.0,10
V006959,C00078,P023,2025-05-12,3,Transferencia,Marketplace,Cancelada,8500.0,0
V006960,C00224,P023,2025-07-04,1,Tarjeta Crédito,Tienda,Completada,8500.0,15
V006961,C01198,P018,2025-11-20,5,Efectivo,Online,Devuelta,900.0,0
V006962,C00740,P022,2025-03-14,4,Tarjeta Crédito,Online,Completada,1200.0,0
V006963,C00499,P026,2025-01-14,4,Tarjeta Débito,Online,Completada,800.0,20
V006964,C00698,P009,2025-03-07,4,Tarjeta Débito,Online,Devuelta,1300.0,0
V006965,C00128,P020,2025-11-12,2,Tarjeta Crédito,Online,Cancelada,1500.0,5
V006966,C00119,P018,2025-03-03,1,Tarjeta Crédito,Marketplace,Cancelada,900.0,10
V006967,C00239,P013,2025-03-27,3,Efectivo,Tienda,Completada,2200.0,10
V006968,C00267,P009,2025-11-08,4,Efectivo,Online,Completada,1300.0,10
V006969,C01142,P001,2025-02-25,4,Tarjeta Crédito,Tienda,Completada,22000.0,0
V006970,C00401,P013,2025-03-31,5,Tarjeta Débito,Online,Completada,2200.0,0
V006971,C00802,P030,2025-07-17,1,Tarjeta Débito,Online,Completada,3200.0,10
V006972,C00666,P012,2025-11-15,5,Tarjeta Débito,Marketplace,Cancelada,1700.0,10
V006973,C00848,P030,2025-04-23,2,Transferencia,Marketplace,Cancelada,3200.0,0
V006974,C00197,P005,2025-07-24,1,Tarjeta Crédito,Marketplace,Devuelta,12000.0,0
V006975,C01101,P020,2025-08-19,2,Transferencia,Online,Cancelada,1500.0,5
V006976,C00214,P014,2025-12-01,3,Transferencia,Tienda,Completada,5500.0,0
V006977,C00959,P012,2025-08-09,3,Tarjeta Crédito,Marketplace,Devuelta,1700.0,10
V006978,C00417,P014,2025-12-09,2,Tarjeta Crédito,Tienda,Completada,5500.0,0
V006979,C00869,P009,2025-04-16,3,Tarjeta Débito,Marketplace,Completada,1300.0,15
V006980,C01185,P025,2025-05-12,2,Transferencia,Tienda,Completada,4200.0,5
V006981,C00775,P013,2025-12-17,3,Tarjeta Débito,Online,Devuelta,2200.0,15
V006982,C00793,P024,2025-07-08,3,Efectivo,Online,Cancelada,14500.0,20
V006983,C01103,P018,2025-04-13,2,Tarjeta Crédito,Online,Devuelta,900.0,10
V006984,C00599,P011,2025-05-10,5,Tarjeta Débito,Online,Completada,1800.0,15
V006985,C00361,P023,2025-11-09,1,Transferencia,Tienda,Completada,8500.0,0
V006986,C00724,P024,2025-01-28,2,Transferencia,Marketplace,Cancelada,14500.0,5
V006987,C01099,P013,2025-06-16,2,Tarjeta Débito,Online,Completada,2200.0,10
V006988,C00905,P004,2025-05-24,3,Tarjeta Crédito,Online,Completada,9000.0,5
V006989,C00723,P003,2025-12-06,1,Tarjeta Débito,Online,Completada,6500.0,0
V006990,C00183,P027,2025-12-20,3,Efectivo,Tienda,Completada,6000.0,0
V006991,C00843,P022,2025-10-31,2,Transferencia,Online,Cancelada,1200.0,0
V006992,C00859,P002,2025-07-26,5,Tarjeta Débito,Online,Completada,14000.0,0
V006993,C01162,P029,2025-03-31,1,Tarjeta Crédito,Tienda,Devuelta,350.0,0
V006994,C00569,P030,2025-09-28,3,Tarjeta Crédito,Online,Completada,3200.0,5
V006995,C00121,P009,2025-09-21,4,Tarjeta Crédito,Online,Completada,1300.0,20
V006996,C00555,P013,2025-11-04,2,Tarjeta Débito,Online,Completada,2200.0,0
V006997,C00373,P003,2025-09-29,3,Tarjeta Crédito,Tienda,Completada,6500.0,0
V006998,C00896,P030,2025-08-08,2,Tarjeta Débito,Online,Devuelta,3200.0,5
V006999,C00863,P008,2025-10-11,5,Efectivo,Tienda,Completada,700.0,15
V007000,C00745,P002,2025-02-01,1,Efectivo,Tienda,Completada,14000.0,5
V007001,C00166,P003,2025-10-03,1,Tarjeta Crédito,Tienda,Completada,6500.0,0
V007002,C00157,P007,2025-08-22,2,Tarjeta Crédito,Online,Completada,1400.0,5
V007003,C00228,P008,2025-12-29,5,Transferencia,Marketplace,Completada,700.0,0
V007004,C00216,P030,2025-07-26,3,Transferencia,Online,Completada,3200.0,10
V007005,C00603,P001,2025-05-09,2,Transferencia,Tienda,Cancelada,22000.0,5
V007006,C00126,P008,2025-03-27,2,Tarjeta Crédito,Marketplace,Completada,700.0,0
V007007,C00224,P020,2025-04-19,3,Efectivo,Tienda,Completada,1500.0,10
V007008,C00476,P019,2025-10-29,1,Tarjeta Débito,Tienda,Completada,1800.0,0
V007009,C00527,P020,2025-04-08,5,Tarjeta Débito,Online,Cancelada,1500.0,10
V007010,C00660,P001,2025-06-22,3,Transferencia,Tienda,Devuelta,22000.0,10
V007011,C00011,P006,2025-10-04,2,Tarjeta Crédito,Online,Completada,1800.0,15
V007012,C00236,P021,2025-01-15,5,Efectivo,Marketplace,Completada,11000.0,15
V007013,C00033,P006,2025-10-27,3,Tarjeta Crédito,Marketplace,Cancelada,1800.0,20
V007014,C00903,P018,2025-01-19,2,Transferencia,Marketplace,Completada,900.0,0
V007015,C00335,P017,2025-06-07,5,Transferencia,Online,Cancelada,2200.0,10
V007016,C00920,P024,2025-04-05,3,Tarjeta Crédito,Marketplace,Completada,14500.0,5
V007017,C00973,P002,2025-12-11,4,Efectivo,Online,Devuelta,14000.0,5
V007018,C00594,P026,2025-08-16,3,Transferencia,Online,Completada,800.0,5
V007019,C00756,P011,2025-12-28,4,Tarjeta Crédito,Online,Completada,1800.0,5
V007020,C00758,P013,2025-08-07,1,Tarjeta Débito,Marketplace,Cancelada,2200.0,0
V007021,C00037,P011,2025-06-22,5,Tarjeta Débito,Online,Completada,1800.0,0
V007022,C00151,P016,2025-10-04,1,Tarjeta Débito,Marketplace,Completada,4500.0,10
V007023,C00140,P006,2025-03-25,5,Transferencia,Online,Cancelada,1800.0,20
V007024,C00309,P020,2025-01-19,5,Tarjeta Débito,Online,Devuelta,1500.0,10
V007025,C00018,P001,2025-09-23,2,Tarjeta Crédito,Online,Completada,22000.0,15
V007026,C00685,P019,2025-09-29,5,Tarjeta Crédito,Tienda,Devuelta,1800.0,15
V007027,C00171,P005,2025-02-04,2,Tarjeta Crédito,Online,Completada,12000.0,10
V007028,C00903,P019,2025-11-29,1,Tarjeta Débito,Tienda,Completada,1800.0,5
V007029,C00419,P018,2025-04-26,1,Tarjeta Crédito,Online,Completada,900.0,0
V007030,C00265,P003,2025-04-09,4,Tarjeta Débito,Marketplace,Completada,6500.0,10
V007031,C00473,P009,2025-12-15,5,Tarjeta Débito,Online,Completada,1300.0,20
V007032,C01015,P010,2025-08-08,1,Tarjeta Crédito,Online,Completada,4500.0,0
V007033,C00226,P002,2025-09-02,3,Transferencia,Tienda,Cancelada,14000.0,0
V007034,C00737,P019,2025-07-03,4,Tarjeta Crédito,Online,Devuelta,1800.0,0
V007035,C01066,P022,2025-04-23,3,Transferencia,Online,Completada,1200.0,5
V007036,C00619,P019,2025-11-09,1,Tarjeta Débito,Marketplace,Cancelada,2160.0,0
V007037,C00545,P024,2025-07-11,5,Tarjeta Débito,Marketplace,Devuelta,14500.0,0
V007038,C01196,P012,2025-06-07,2,Transferencia,Online,Cancelada,1700.0,15
V007039,C00556,P023,2025-02-27,5,Tarjeta Crédito,Tienda,Completada,8500.0,15
V007040,C00637,P010,2025-05-09,3,Efectivo,Tienda,Completada,4500.0,5
V007041,C00094,P018,2025-12-15,1,Tarjeta Crédito,Tienda,Devuelta,900.0,5
V007042,C00344,P024,2025-05-18,1,Efectivo,Online,Completada,14500.0,5
V007043,C00982,P017,2025-05-28,1,Efectivo,Online,Devuelta,2200.0,10
V007044,C00933,P022,2025-12-29,2,Tarjeta Crédito,Online,Completada,1200.0,5
V007045,C01108,P011,2025-07-18,4,Tarjeta Crédito,Tienda,Completada,1800.0,0
V007046,C01116,P003,2025-04-23,2,Tarjeta Crédito,Tienda,Devuelta,6500.0,0
V007047,C00206,P019,2025-09-18,2,Efectivo,Marketplace,Devuelta,1800.0,5
V007048,C00969,P008,2025-01-10,5,Tarjeta Crédito,Online,Completada,700.0,5
V007049,C00440,P012,2025-01-13,4,Tarjeta Crédito,Online,Cancelada,1700.0,0
V007050,C00964,P026,2025-07-04,2,Efectivo,Marketplace,Devuelta,800.0,5
V007051,C00430,P003,2025-10-30,2,Tarjeta Débito,Marketplace,Completada,6500.0,0
V007052,C00728,P004,2025-03-17,5,Tarjeta Crédito,Online,Completada,9000.0,0
V007053,C00058,P018,2025-08-03,4,Tarjeta Crédito,Online,Cancelada,900.0,10
V007054,C00055,P020,2025-02-19,4,Tarjeta Débito,Tienda,Completada,1500.0,0
V007055,C00271,P023,2025-12-16,4,Tarjeta Crédito,Online,Completada,8500.0,5
V007056,C01052,P018,2025-08-06,1,Tarjeta Crédito,Online,Completada,900.0,5
V007057,C00211,P004,2025-11-29,1,Tarjeta Crédito,Marketplace,Completada,9000.0,5
V007058,C00608,P004,2025-04-27,3,Tarjeta Débito,Tienda,Devuelta,9000.0,10
V007059,C00090,P010,2025-11-06,4,Tarjeta Débito,Online,Cancelada,4500.0,0
V007060,C00646,P017,2025-07-16,4,Tarjeta Débito,Online,Devuelta,2200.0,0
V007061,C00659,P015,2025-03-22,3,Transferencia,Online,Cancelada,2600.0,15
V007062,C01188,P004,2025-04-26,3,Tarjeta Débito,Marketplace,Completada,9000.0,10
V007063,C00801,P007,2025-02-01,2,Transferencia,Tienda,Devuelta,1400.0,0
V007064,C00124,P009,2025-10-05,1,Tarjeta Crédito,Online,Cancelada,1300.0,20
V007065,C00964,P001,2025-06-10,4,Tarjeta Crédito,Marketplace,Devuelta,22000.0,15
V007066,C00299,P003,2025-05-15,2,Tarjeta Crédito,Online,Completada,6500.0,0
V007067,C00704,P028,2025-09-24,5,Transferencia,Marketplace,Completada,200.0,5
V007068,C00525,P006,2025-11-13,1,Tarjeta Débito,Tienda,Completada,1800.0,20
V007069,C00052,P004,2025-07-04,1,Efectivo,Online,Cancelada,9000.0,5
V007070,C00766,P023,2025-08-15,2,Efectivo,Marketplace,Completada,8500.0,5
V007071,C00958,P029,2025-08-29,5,Transferencia,Tienda,Cancelada,350.0,10
V007072,C00166,P012,2025-12-31,3,Transferencia,Marketplace,Completada,1700.0,15
V007073,C00498,P007,2025-03-13,2,Tarjeta Crédito,Online,Devuelta,1400.0,20
V007074,C00607,P023,2025-11-08,3,Tarjeta Débito,Tienda,Completada,8500.0,0
V007075,C00840,P009,2025-10-03,2,Tarjeta Crédito,Tienda,Devuelta,1300.0,5
V007076,C00760,P014,2025-01-16,5,Transferencia,Online,Completada,5500.0,0
V007077,C00126,P006,2025-07-31,4,Tarjeta Crédito,Tienda,Cancelada,1800.0,10
V007078,C00136,P023,2025-12-12,1,Tarjeta Crédito,Online,Cancelada,8500.0,15
V007079,C00532,P006,2025-05-11,1,Tarjeta Crédito,Marketplace,Devuelta,1800.0,5
V007080,C00665,P022,2025-03-29,1,Transferencia,Online,Completada,1200.0,10
V007081,C00991,P001,2025-06-13,5,Tarjeta Débito,Online,Devuelta,22000.0,5
V007082,C00980,P010,2025-08-23,2,Transferencia,Tienda,Completada,4500.0,10
V007083,C00757,P022,2025-06-04,4,Transferencia,Online,Completada,1200.0,0
V007084,C00876,P027,2025-06-27,1,Efectivo,Tienda,Completada,6000.0,10
V007085,C00630,P014,2025-02-06,2,Tarjeta Débito,Tienda,Devuelta,5500.0,5
V007086,C00124,P025,2025-03-12,1,Tarjeta Crédito,Tienda,Devuelta,4200.0,5
V007087,C00559,P018,2025-03-19,2,Tarjeta Débito,Marketplace,Completada,900.0,0
V007088,C01126,P016,2025-01-10,1,Tarjeta Débito,Tienda,Completada,4500.0,20
V007089,C00707,P008,2025-11-14,5,Tarjeta Débito,Online,Completada,700.0,5
V007090,C00368,P010,2025-02-06,2,Efectivo,Marketplace,Cancelada,4500.0,5
V007091,C00953,P028,2025-12-07,4,Tarjeta Crédito,Tienda,Cancelada,250.0,0
V007092,C01008,P008,2025-04-05,1,Efectivo,Marketplace,Cancelada,700.0,10
V007093,C01104,P009,2025-12-24,2,Tarjeta Crédito,Tienda,Completada,1300.0,10
V007094,C00501,P014,2025-10-31,3,Transferencia,Marketplace,Cancelada,5500.0,20
V007095,C00259,P018,2025-09-12,5,Tarjeta Crédito,Marketplace,Devuelta,900.0,0
V007096,C00002,P015,2025-07-14,2,Tarjeta Crédito,Marketplace,Cancelada,2600.0,5
V007097,C00022,P008,2025-11-30,1,Tarjeta Débito,Online,Devuelta,700.0,0
V007098,C00585,P015,2025-04-23,4,Tarjeta Débito,Tienda,Completada,2600.0,5
V007099,C00250,P004,2025-04-07,4,Transferencia,Tienda,Completada,9000.0,5
V007100,C00979,P014,2025-07-02,5,Tarjeta Débito,Marketplace,Completada,5500.0,0
V007101,C00749,P004,2025-03-24,2,Tarjeta Débito,Online,Completada,9000.0,0
V007102,C01145,P022,2025-12-09,2,Transferencia,Tienda,Completada,1200.0,5
V007103,C00586,P024,2025-06-30,5,Tarjeta Crédito,Tienda,Devuelta,14500.0,20
V007104,C00338,P030,2025-04-15,3,Tarjeta Crédito,Online,Completada,3200.0,0
V007105,C00717,P002,2025-12-09,4,Tarjeta Débito,Online,Devuelta,14000.0,0
V007106,C01008,P024,2025-03-23,5,Transferencia,Tienda,Completada,14500.0,0
V007107,C00322,P007,2025-11-07,3,Tarjeta Crédito,Marketplace,Devuelta,1400.0,0
V007108,C00655,P014,2025-04-28,1,Tarjeta Crédito,Online,Completada,5500.0,10
V007109,C00942,P002,2025-12-09,5,Tarjeta Crédito,Online,Completada,14000.0,5
V007110,C01116,P010,2025-04-13,1,Tarjeta Débito,Marketplace,Completada,4500.0,0
V007111,C00929,P014,2025-12-17,4,Tarjeta Débito,Tienda,Devuelta,5500.0,0
V007112,C00806,P014,2025-06-01,5,Transferencia,Online,Devuelta,5500.0,10
V007113,C00360,P017,2025-02-13,5,Transferencia,Marketplace,Cancelada,2200.0,5
V007114,C00808,P019,2025-07-16,2,Tarjeta Crédito,Online,Completada,1800.0,10
V007115,C00234,P004,2025-12-01,2,Tarjeta Crédito,Marketplace,Completada,9000.0,5
V007116,C00809,P005,2025-08-03,2,Transferencia,Marketplace,Completada,12000.0,0
V007117,C00857,P029,2025-01-08,4,Tarjeta Débito,Online,Completada,350.0,5
V007118,C00700,P017,2025-05-20,3,Tarjeta Crédito,Online,Completada,2200.0,5
V007119,C01166,P025,2025-05-25,1,Tarjeta Crédito,Marketplace,Cancelada,4200.0,5
V007120,C00584,P026,2025-08-19,4,Tarjeta Débito,Tienda,Cancelada,800.0,5
V007121,C00382,P026,2025-02-04,5,Transferencia,Marketplace,Completada,800.0,0
V007122,C00147,P019,2025-10-16,3,Tarjeta Crédito,Tienda,Completada,1800.0,5
V007123,C01060,P019,2025-05-25,5,Tarjeta Crédito,Marketplace,Devuelta,1800.0,10
V007124,C00816,P021,2025-03-06,2,Tarjeta Crédito,Online,Completada,11000.0,5
V007125,C00629,P001,2025-10-06,3,Tarjeta Crédito,Tienda,Cancelada,22000.0,10
V007126,C00366,P011,2025-03-25,2,Tarjeta Crédito,Online,Devuelta,1800.0,15
V007127,C01017,P028,2025-11-01,5,Tarjeta Crédito,Online,Cancelada,250.0,0
V007128,C00680,P024,2025-11-02,3,Efectivo,Tienda,Completada,14500.0,10
V007129,C00042,P008,2025-07-04,1,Efectivo,Online,Cancelada,700.0,0
V007130,C00122,P009,2025-10-24,5,Tarjeta Crédito,Online,Completada,1300.0,5
V007131,C00001,P024,2025-08-15,3,Tarjeta Crédito,Tienda,Cancelada,14500.0,0
V007132,C00712,P028,2025-06-05,1,Tarjeta Débito,Marketplace,Completada,250.0,0
V007133,C00096,P013,2025-03-05,3,Transferencia,Tienda,Completada,2200.0,0
V007134,C00152,P003,2025-02-19,2,Tarjeta Débito,Online,Cancelada,6500.0,5
V007135,C00181,P024,2025-02-09,2,Transferencia,Marketplace,Devuelta,14500.0,0
V007136,C00537,P019,2025-06-29,3,Tarjeta Crédito,Online,Devuelta,1800.0,10
V007137,C00503,P001,2025-05-25,3,Efectivo,Tienda,Completada,22000.0,10
V007138,C00459,P012,2025-11-19,3,Tarjeta Crédito,Online,Devuelta,1700.0,0
V007139,C01095,P019,2025-10-03,3,Efectivo,Tienda,Completada,1800.0,0
V007140,C01136,P022,2025-11-15,1,Tarjeta Crédito,Tienda,Completada,1200.0,20
V007141,C00072,P006,2025-03-07,4,Transferencia,Marketplace,Completada,1800.0,5
V007142,C00391,P006,2025-06-14,2,Tarjeta Débito,Tienda,Completada,1800.0,0
V007143,C01200,P026,2025-04-22,3,Tarjeta Débito,Tienda,Completada,800.0,0
V007144,C00131,P029,2025-07-20,4,Tarjeta Débito,Marketplace,Completada,350.0,5
V007145,C00916,P030,2025-04-05,1,Tarjeta Débito,Online,Devuelta,3200.0,10
V007146,C00635,P026,2025-01-09,3,Tarjeta Crédito,Online,Completada,800.0,0
V007147,C01125,P014,2025-04-10,3,Tarjeta Crédito,Tienda,Devuelta,5500.0,5
V007148,C00714,P028,2025-05-10,3,Tarjeta Débito,Tienda,Completada,250.0,5
V007149,C00592,P026,2025-09-08,1,Tarjeta Débito,Tienda,Cancelada,800.0,5
V007150,C00149,P017,2025-12-29,3,Tarjeta Débito,Tienda,Completada,2200.0,15
V007151,C00060,P019,2025-02-09,2,Tarjeta Débito,Tienda,Cancelada,1800.0,5
V007152,C00386,P014,2025-07-18,1,Tarjeta Crédito,Online,Completada,5500.0,10
V007153,C00413,P010,2025-06-11,5,Tarjeta Crédito,Marketplace,Devuelta,4500.0,0
V007154,C00792,P026,2025-04-19,4,Tarjeta Crédito,Online,Cancelada,800.0,10
V007155,C01043,P011,2025-06-10,3,Tarjeta Crédito,Online,Devuelta,1800.0,0
V007156,C00343,P003,2025-03-16,5,Efectivo,Tienda,Completada,6500.0,10
V007157,C00111,P008,2025-09-24,1,Tarjeta Débito,Tienda,Devuelta,700.0,5
V007158,C00830,P013,2025-07-28,1,Tarjeta Crédito,Tienda,Devuelta,2200.0,0
V007159,C00717,P004,2025-04-08,2,Tarjeta Crédito,Tienda,Completada,9000.0,0
V007160,C01015,P022,2025-05-16,4,Tarjeta Crédito,Online,Cancelada,1200.0,0
V007161,C01177,P007,2025-09-11,1,Tarjeta Débito,Tienda,Cancelada,1400.0,10
V007162,C00408,P016,2025-07-13,3,Efectivo,Tienda,Cancelada,4500.0,0
V007163,C00518,P009,2025-01-23,5,Tarjeta Crédito,Online,Completada,1300.0,5
V007164,C01107,P014,2025-03-28,4,Tarjeta Débito,Marketplace,Devuelta,5500.0,0
V007165,C00021,P017,2025-10-30,1,Tarjeta Débito,Tienda,Cancelada,2200.0,20
V007166,C01068,P027,2025-09-23,2,Tarjeta Crédito,Marketplace,Completada,6000.0,0
V007167,C01048,P018,2025-07-23,2,Tarjeta Crédito,Online,Completada,900.0,0
V007168,C00887,P002,2025-11-25,5,Tarjeta Crédito,Online,Completada,14000.0,5
V007169,C00730,P006,2025-01-24,4,Tarjeta Débito,Tienda,Cancelada,1800.0,0
V007170,C00048,P023,2025-08-17,4,Tarjeta Crédito,Marketplace,Completada,8500.0,15
V007171,C00064,P013,2025-04-02,2,Tarjeta Crédito,Tienda,Devuelta,2200.0,20
V007172,C01039,P021,2025-06-11,3,Transferencia,Online,Completada,11000.0,0
V007173,C00174,P021,2025-06-06,4,Tarjeta Débito,Tienda,Completada,11000.0,5
V007174,C00268,P005,2025-02-17,2,Tarjeta Crédito,Online,Completada,12000.0,5
V007175,C00471,P029,2025-10-19,2,Tarjeta Crédito,Online,Completada,350.0,10
V007176,C00418,P009,2025-05-19,2,Tarjeta Débito,Marketplace,Completada,1300.0,0
V007177,C00995,P011,2025-08-05,2,Tarjeta Débito,Tienda,Cancelada,1800.0,5
V007178,C00896,P012,2025-07-08,2,Tarjeta Débito,Tienda,Cancelada,1700.0,0
V007179,C00130,P016,2025-08-09,5,Tarjeta Crédito,Online,Devuelta,4500.0,5
V007180,C00603,P004,2025-04-13,3,Tarjeta Crédito,Tienda,Completada,9000.0,15
V007181,C01163,P025,2025-06-05,4,Transferencia,Online,Devuelta,4200.0,10
V007182,C01120,P011,2025-11-08,5,Tarjeta Débito,Marketplace,Completada,1800.0,10
V007183,C00748,P016,2025-10-24,1,Tarjeta Débito,Online,Completada,4500.0,10
V007184,C00224,P025,2025-08-17,2,Transferencia,Online,Completada,4200.0,0
V007185,C00120,P015,2025-09-03,4,Tarjeta Crédito,Marketplace,Cancelada,2600.0,0
V007186,C00215,P011,2025-11-14,4,Transferencia,Online,Cancelada,1800.0,20
V007187,C00755,P007,2025-12-28,3,Tarjeta Crédito,Online,Completada,1400.0,0
V007188,C00831,P010,2025-05-31,4,Tarjeta Débito,Tienda,Completada,4500.0,5
V007189,C01055,P027,2025-09-17,5,Transferencia,Tienda,Cancelada,6000.0,5
V007190,C00846,P024,2025-04-19,1,Tarjeta Débito,Online,Completada,14500.0,5
V007191,C00795,P020,2025-08-09,5,Transferencia,Online,Completada,1500.0,10
V007192,C01127,P018,2025-05-28,3,Efectivo,Tienda,Devuelta,900.0,20
V007193,C00914,P007,2025-04-23,1,Tarjeta Crédito,Tienda,Devuelta,1400.0,0
V007194,C00486,P024,2025-01-25,4,Tarjeta Crédito,Tienda,Completada,14500.0,10
V007195,C00881,P018,2025-10-31,1,Tarjeta Crédito,Online,Cancelada,900.0,0
V007196,C00771,P023,2025-07-28,3,Tarjeta Débito,Tienda,Devuelta,8500.0,5
V007197,C00470,P006,2025-07-05,3,Tarjeta Crédito,Marketplace,Completada,1800.0,5
V007198,C01091,P020,2025-05-06,5,Tarjeta Débito,Online,Completada,1500.0,0
V007199,C00407,P016,2025-11-25,1,Tarjeta Débito,Tienda,Cancelada,4500.0,5
V007200,C00869,P024,2025-09-06,3,Tarjeta Crédito,Online,Cancelada,14500.0,0
V007201,C00751,P001,2025-11-24,5,Tarjeta Crédito,Tienda,Completada,22000.0,5
V007202,C00154,P003,2025-05-17,2,Tarjeta Débito,Tienda,Completada,6500.0,15
V007203,C00118,P030,2025-02-08,5,Transferencia,Online,Devuelta,3200.0,10
V007204,C00679,P025,2025-02-11,5,Tarjeta Crédito,Online,Cancelada,4200.0,10
V007205,C00163,P028,2025-09-03,5,Transferencia,Marketplace,Devuelta,250.0,10
V007206,C01132,P017,2025-07-16,3,Efectivo,Online,Completada,2200.0,10
V007207,C01117,P003,2025-12-13,5,Transferencia,Online,Completada,6500.0,10
V007208,C00455,P029,2025-07-14,1,Tarjeta Crédito,Online,Completada,350.0,5
V007209,C00983,P014,2025-07-02,1,Tarjeta Crédito,Tienda,Completada,5500.0,10
V007210,C00714,P013,2025-01-09,2,Tarjeta Crédito,Online,Completada,2200.0,15
V007211,C00094,P015,2025-04-09,2,Transferencia,Online,Completada,2600.0,20
V007212,C00421,P010,2025-01-17,5,Tarjeta Débito,Online,Devuelta,4500.0,0
V007213,C00234,P001,2025-01-06,2,Tarjeta Crédito,Online,Completada,22000.0,5
V007214,C00446,P024,2025-05-10,5,Tarjeta Débito,Online,Devuelta,14500.0,5
V007215,C00109,P022,2025-06-26,3,Tarjeta Débito,Online,Completada,1200.0,5
V007216,C00374,P017,2025-04-11,3,Tarjeta Crédito,Marketplace,Completada,2200.0,5
V007217,C00219,P018,2025-02-28,5,Tarjeta Débito,Online,Completada,900.0,10
V007218,C00744,P020,2025-07-20,1,Tarjeta Crédito,Tienda,Devuelta,1500.0,0
V007219,C00304,P028,2025-09-11,3,Efectivo,Online,Devuelta,250.0,10
V007220,C00246,P011,2025-01-24,4,Tarjeta Débito,Tienda,Completada,1800.0,0
V007221,C00241,P001,2025-07-19,2,Tarjeta Crédito,Tienda,Cancelada,22000.0,10
V007222,C00694,P022,2025-11-28,4,Tarjeta Crédito,Marketplace,Completada,1200.0,5
V007223,C01087,P019,2025-10-25,2,Tarjeta Crédito,Online,Devuelta,1800.0,15
V007224,C00128,P026,2025-02-25,3,Transferencia,Online,Completada,800.0,0
V007225,C00067,P006,2025-07-11,2,Tarjeta Débito,Marketplace,Completada,1800.0,20
V007226,C00487,P004,2025-04-19,1,Tarjeta Débito,Online,Cancelada,9000.0,0
V007227,C00329,P020,2025-11-22,5,Tarjeta Débito,Marketplace,Completada,1500.0,5
V007228,C01158,P028,2025-03-12,3,Tarjeta Crédito,Online,Completada,250.0,10
V007229,C00756,P017,2025-03-13,5,Transferencia,Online,Cancelada,2200.0,5
V007230,C01031,P021,2025-09-19,2,Efectivo,Tienda,Devuelta,11000.0,10
V007231,C00376,P005,2025-03-31,5,Tarjeta Crédito,Tienda,Completada,12000.0,0
V007232,C00709,P005,2025-06-29,4,Tarjeta Crédito,Online,Completada,12000.0,5
V007233,C00249,P026,2025-04-25,1,Efectivo,Marketplace,Completada,800.0,15
V007234,C01035,P027,2025-09-23,5,Tarjeta Débito,Marketplace,Devuelta,6000.0,15
V007235,C00383,P010,2025-09-30,3,Tarjeta Crédito,Marketplace,Devuelta,4500.0,10
V007236,C00020,P026,2025-04-20,4,Tarjeta Débito,Online,Completada,800.0,5
V007237,C00721,P027,2025-07-11,2,Tarjeta Crédito,Online,Completada,6000.0,5
V007238,C00985,P026,2025-10-13,4,Tarjeta Crédito,Online,Cancelada,800.0,0
V007239,C00796,P026,2025-06-19,2,Tarjeta Débito,Tienda,Completada,800.0,0
V007240,C00251,P018,2025-04-02,3,Transferencia,Marketplace,Completada,900.0,20
V007241,C00787,P017,2025-11-25,1,Efectivo,Marketplace,Cancelada,2200.0,0
V007242,C00178,P003,2025-05-01,2,Tarjeta Débito,Marketplace,Completada,6500.0,0
V007243,C00919,P012,2025-11-25,1,Tarjeta Débito,Online,Completada,1700.0,15
V007244,C00389,P004,2025-12-25,5,Tarjeta Débito,Online,Devuelta,9000.0,15
V007245,C00358,P029,2025-10-28,3,Efectivo,Online,Cancelada,350.0,5
V007246,C00220,P009,2025-01-10,2,Efectivo,Tienda,Completada,1300.0,0
V007247,C00642,P021,2025-11-08,5,Tarjeta Débito,Online,Completada,11000.0,5
V007248,C00299,P008,2025-04-10,2,Tarjeta Débito,Online,Completada,700.0,0
V007249,C00822,P026,2025-03-10,2,Transferencia,Tienda,Completada,800.0,0
V007250,C01168,P015,2025-09-24,2,Tarjeta Débito,Tienda,Completada,2600.0,0
V007251,C01118,P021,2025-05-22,2,Transferencia,Online,Completada,11000.0,5
V007252,C00104,P011,2025-05-29,2,Efectivo,Online,Completada,1800.0,5
V007253,C00083,P030,2025-10-26,1,Tarjeta Débito,Online,Completada,3840.0,0
V007254,C00495,P027,2025-07-02,4,Tarjeta Crédito,Marketplace,Completada,6000.0,0
V007255,C00566,P026,2025-05-23,3,Tarjeta Débito,Online,Cancelada,800.0,0
V007256,C00365,P015,2025-08-14,1,Tarjeta Débito,Online,Completada,2600.0,10
V007257,C00687,P002,2025-03-14,2,Tarjeta Crédito,Online,Devuelta,14000.0,0
V007258,C00784,P020,2025-03-19,3,Tarjeta Crédito,Online,Completada,1500.0,0
V007259,C00586,P019,2025-06-01,3,Tarjeta Crédito,Online,Completada,1800.0,5
V007260,C00675,P001,2025-05-21,2,Efectivo,Tienda,Completada,22000.0,20
V007261,C00250,P010,2025-12-04,3,Transferencia,Online,Completada,4500.0,10
V007262,C01012,P002,2025-07-11,1,Tarjeta Crédito,Marketplace,Cancelada,14000.0,0
V007263,C01049,P017,2025-02-21,4,Tarjeta Crédito,Tienda,Cancelada,2200.0,10
V007264,C00221,P006,2025-04-21,5,Transferencia,Tienda,Completada,1800.0,15
V007265,C01190,P024,2025-04-10,2,Tarjeta Crédito,Online,Completada,14500.0,0
V007266,C00482,P015,2025-06-16,2,Tarjeta Débito,Online,Completada,2600.0,5
V007267,C00050,P019,2025-10-11,2,Tarjeta Crédito,Online,Completada,1800.0,5
V007268,C00675,P014,2025-05-20,5,Transferencia,Tienda,Devuelta,5500.0,0
V007269,C00364,P030,2025-07-11,2,Tarjeta Crédito,Tienda,Completada,3200.0,20
V007270,C00122,P026,2025-09-10,3,Tarjeta Débito,Online,Completada,800.0,0
V007271,C00826,P017,2025-07-26,3,Transferencia,Online,Completada,2200.0,0
V007272,C00189,P027,2025-09-03,4,Tarjeta Crédito,Online,Completada,6000.0,0
V007273,C00199,P002,2025-08-13,3,Transferencia,Online,Devuelta,14000.0,0
V007274,C00535,P025,2025-05-02,3,Transferencia,Marketplace,Completada,4200.0,15
V007275,C00241,P030,2025-01-19,3,Tarjeta Crédito,Online,Completada,3200.0,10
V007276,C00870,P011,2025-05-10,3,Tarjeta Débito,Tienda,Devuelta,1800.0,0
V007277,C00350,P027,2025-07-16,5,Tarjeta Débito,Online,Completada,6000.0,0
V007278,C01141,P005,2025-07-09,4,Tarjeta Crédito,Online,Devuelta,12000.0,10
V007279,C00167,P029,2025-04-27,5,Tarjeta Crédito,Marketplace,Cancelada,350.0,0
V007280,C00843,P027,2025-04-09,5,Tarjeta Débito,Marketplace,Devuelta,6000.0,5
V007281,C00326,P005,2025-08-09,2,Tarjeta Débito,Tienda,Completada,12000.0,10
V007282,C00634,P016,2025-01-15,1,Tarjeta Débito,Tienda,Devuelta,4500.0,15
V007283,C00138,P003,2025-10-04,4,Tarjeta Crédito,Tienda,Cancelada,6500.0,20
V007284,C00154,P009,2025-08-20,1,Tarjeta Crédito,Online,Completada,1300.0,0
V007285,C01033,P018,2025-05-04,2,Tarjeta Débito,Online,Cancelada,900.0,5
V007286,C01029,P012,2025-04-23,3,Tarjeta Crédito,Online,Completada,1700.0,10
V007287,C00711,P023,2025-06-21,5,Tarjeta Débito,Marketplace,Completada,8500.0,0
V007288,C00733,P017,2025-02-12,1,Transferencia,Tienda,Completada,2200.0,20
V007289,C00721,P027,2025-05-11,2,Tarjeta Débito,Marketplace,Completada,6000.0,5
V007290,C00458,P009,2025-01-27,3,Tarjeta Crédito,Tienda,Completada,1300.0,10
V007291,C00641,P010,2025-10-17,2,Tarjeta Débito,Tienda,Completada,4500.0,15
V007292,C00216,P027,2025-10-23,1,Efectivo,Tienda,Completada,6000.0,0
V007293,C00623,P028,2025-09-17,4,Tarjeta Débito,Tienda,Completada,250.0,15
V007294,C00868,P030,2025-04-13,5,Transferencia,Online,Completada,3200.0,0
V007295,C01017,P027,2025-06-28,2,Tarjeta Crédito,Marketplace,Completada,6000.0,10
V007296,C00374,P014,2025-05-23,2,Tarjeta Débito,Online,Completada,5500.0,15
V007297,C00873,P030,2025-07-21,5,Tarjeta Crédito,Online,Completada,3200.0,10
V007298,C01127,P017,2025-09-11,1,Tarjeta Débito,Marketplace,Cancelada,2200.0,5
V007299,C00230,P026,2025-06-12,3,Tarjeta Crédito,Tienda,Completada,800.0,10
V007300,C00424,P027,2025-03-14,3,Tarjeta Crédito,Tienda,Completada,6000.0,10
V007301,C01078,P024,2025-06-04,2,Tarjeta Crédito,Online,Devuelta,14500.0,5
V007302,C00152,P012,2025-05-26,4,Efectivo,Online,Completada,1700.0,15
V007303,C00542,P027,2025-09-29,5,Tarjeta Crédito,Tienda,Completada,6000.0,0
V007304,C00823,P024,2025-09-07,5,Transferencia,Online,Devuelta,14500.0,0
V007305,C01178,P023,2025-08-28,4,Tarjeta Crédito,Marketplace,Completada,8500.0,5
V007306,C00586,P004,2025-12-21,2,Tarjeta Débito,Online,Completada,9000.0,15
V007307,C01057,P021,2025-05-23,4,Tarjeta Débito,Tienda,Completada,11000.0,5
V007308,C00627,P007,2025-08-25,5,Efectivo,Tienda,Completada,1400.0,10
V007309,C00174,P009,2025-04-25,1,Tarjeta Crédito,Online,Completada,1300.0,0
V007310,C00307,P008,2025-10-10,4,Tarjeta Crédito,Online,Completada,700.0,0
V007311,C00894,P025,2025-06-16,3,Tarjeta Débito,Online,Completada,4200.0,20
V007312,C00892,P017,2025-07-18,1,Tarjeta Crédito,Online,Cancelada,2200.0,0
V007313,C00252,P018,2025-12-10,3,Tarjeta Crédito,Online,Completada,900.0,0
V007314,C00106,P005,2025-02-11,2,Efectivo,Online,Completada,12000.0,10
V007315,C00131,P006,2025-10-21,1,Efectivo,Marketplace,Devuelta,1800.0,20
V007316,C00221,P028,2025-05-08,2,Efectivo,Tienda,Devuelta,250.0,10
V007317,C00535,P012,2025-10-03,3,Tarjeta Débito,Online,Completada,1700.0,15
V007318,C00538,P024,2025-02-04,1,Tarjeta Crédito,Online,Completada,14500.0,10
V007319,C00729,P027,2025-05-18,4,Efectivo,Online,Devuelta,6000.0,0
V007320,C00099,P012,2025-02-02,4,Efectivo,Tienda,Completada,1700.0,5
V007321,C00655,P013,2025-09-18,2,Tarjeta Débito,Online,Cancelada,2200.0,15
V007322,C00510,P006,2025-11-02,5,Tarjeta Crédito,Marketplace,Completada,1800.0,5
V007323,C00891,P007,2025-08-10,5,Tarjeta Crédito,Tienda,Cancelada,1400.0,0
V007324,C00865,P027,2025-03-06,3,Tarjeta Débito,Marketplace,Completada,6000.0,5
V007325,C00171,P030,2025-07-13,3,Tarjeta Crédito,Online,Completada,3200.0,10
V007326,C00327,P028,2025-01-05,1,Tarjeta Crédito,Online,Cancelada,250.0,20
V007327,C00393,P001,2025-01-03,3,Tarjeta Crédito,Online,Completada,22000.0,0
V007328,C00954,P018,2025-12-28,3,Tarjeta Débito,Online,Cancelada,900.0,10
V007329,C00847,P019,2025-07-24,2,Tarjeta Crédito,Online,Completada,1800.0,0
V007330,C00558,P021,2025-05-22,3,Transferencia,Marketplace,Completada,11000.0,5
V007331,C00189,P009,2025-02-09,4,Transferencia,Online,Completada,1300.0,5
V007332,C00392,P012,2025-11-14,1,Tarjeta Crédito,Online,Cancelada,1700.0,0
V007333,C01071,P025,2025-02-25,1,Tarjeta Crédito,Online,Devuelta,4200.0,15
V007334,C01070,P026,2025-01-21,3,Tarjeta Débito,Tienda,Devuelta,800.0,0
V007335,C00271,P030,2025-10-25,5,Tarjeta Crédito,Online,Completada,3200.0,10
V007336,C00123,P022,2025-02-07,4,Tarjeta Crédito,Online,Completada,1200.0,10
V007337,C00849,P007,2025-01-04,4,Tarjeta Débito,Tienda,Completada,1400.0,10
V007338,C00503,P011,2025-07-08,5,Efectivo,Online,Cancelada,1800.0,0
V007339,C01159,P002,2025-03-24,1,Transferencia,Online,Cancelada,14000.0,10
V007340,C00926,P011,2025-05-27,1,Tarjeta Crédito,Marketplace,Completada,1800.0,0
V007341,C00380,P029,2025-11-04,4,Tarjeta Crédito,Tienda,Completada,350.0,0
V007342,C00679,P026,2025-02-13,2,Tarjeta Débito,Marketplace,Completada,800.0,0
V007343,C00431,P010,2025-10-09,4,Tarjeta Débito,Tienda,Devuelta,4500.0,5
V007344,C00612,P007,2025-09-26,4,Tarjeta Débito,Online,Cancelada,1400.0,5
V007345,C00639,P021,2025-12-05,3,Tarjeta Crédito,Online,Completada,11000.0,0
V007346,C00251,P021,2025-06-25,3,Tarjeta Débito,Online,Completada,11000.0,0
V007347,C00894,P027,2025-01-19,1,Tarjeta Crédito,Tienda,Cancelada,6000.0,5
V007348,C00863,P017,2025-01-10,5,Transferencia,Online,Devuelta,2200.0,0
V007349,C00590,P025,2025-12-27,1,Tarjeta Crédito,Tienda,Completada,4200.0,10
V007350,C00320,P014,2025-09-25,4,Transferencia,Online,Completada,5500.0,10
V007351,C00457,P002,2025-03-05,3,Transferencia,Online,Completada,14000.0,20
V007352,C00350,P030,2025-11-08,2,Tarjeta Débito,Tienda,Cancelada,3200.0,5
V007353,C00166,P002,2025-01-27,4,Tarjeta Crédito,Marketplace,Completada,14000.0,15
V007354,C00089,P001,2025-12-26,1,Tarjeta Crédito,Online,Completada,22000.0,0
V007355,C00738,P016,2025-03-04,3,Tarjeta Crédito,Tienda,Cancelada,4500.0,10
V007356,C00883,P001,2025-02-01,4,Tarjeta Crédito,Online,Completada,22000.0,10
V007357,C00725,P007,2025-01-13,4,Tarjeta Débito,Tienda,Completada,1400.0,15
V007358,C00954,P026,2025-12-13,3,Tarjeta Crédito,Online,Cancelada,800.0,10
V007359,C01005,P002,2025-07-08,5,Tarjeta Crédito,Tienda,Completada,14000.0,10
V007360,C00792,P028,2025-05-17,1,Tarjeta Crédito,Tienda,Completada,250.0,0
V007361,C00994,P005,2025-06-07,4,Tarjeta Crédito,Online,Devuelta,12000.0,10
V007362,C00682,P012,2025-05-02,4,Tarjeta Débito,Marketplace,Devuelta,1700.0,0
V007363,C00275,P029,2025-05-17,5,Tarjeta Crédito,Tienda,Devuelta,350.0,0
V007364,C00353,P011,2025-12-04,3,Efectivo,Tienda,Completada,1800.0,10
V007365,C00802,P002,2025-10-16,4,Tarjeta Crédito,Marketplace,Completada,14000.0,5
V007366,C00403,P027,2025-07-26,2,Tarjeta Crédito,Marketplace,Devuelta,6000.0,5
V007367,C00111,P028,2025-05-01,5,Tarjeta Crédito,Online,Completada,250.0,5
V007368,C00965,P021,2025-02-15,4,Transferencia,Marketplace,Cancelada,11000.0,5
V007369,C01046,P023,2025-06-06,5,Tarjeta Crédito,Online,Completada,8500.0,0
V007370,C00504,P017,2025-09-19,1,Transferencia,Online,Cancelada,2200.0,5
V007371,C00393,P010,2025-11-07,5,Tarjeta Crédito,Tienda,Completada,4500.0,0
V007372,C00810,P030,2025-06-30,3,Efectivo,Tienda,Completada,3200.0,0
V007373,C00027,P025,2025-10-10,2,Tarjeta Crédito,Tienda,Completada,4200.0,20
V007374,C00189,P015,2025-04-13,1,Transferencia,Online,Completada,2600.0,0
V007375,C00316,P004,2025-08-21,5,Transferencia,Online,Completada,9000.0,0
V007376,C00970,P023,2025-12-09,5,Efectivo,Online,Cancelada,8500.0,5
V007377,C00880,P010,2025-06-29,3,Tarjeta Débito,Online,Cancelada,4500.0,5
V007378,C00393,P004,2025-05-27,3,Tarjeta Crédito,Online,Completada,9000.0,10
V007379,C00512,P013,2025-10-03,5,Tarjeta Débito,Tienda,Cancelada,2200.0,5
V007380,C01112,P017,2025-03-05,3,Tarjeta Crédito,Online,Cancelada,2200.0,0
V007381,C00189,P027,2025-12-13,5,Tarjeta Crédito,Online,Completada,6000.0,0
V007382,C00890,P005,2025-05-21,4,Tarjeta Débito,Tienda,Completada,12000.0,0
V007383,C01164,P018,2025-08-07,2,Tarjeta Crédito,Tienda,Devuelta,900.0,0
V007384,C00012,P017,2025-09-26,2,Tarjeta Crédito,Tienda,Completada,2200.0,5
V007385,C01171,P016,2025-12-28,3,Efectivo,Marketplace,Cancelada,4500.0,0
V007386,C00164,P014,2025-12-03,1,Tarjeta Débito,Tienda,Completada,5500.0,0
V007387,C00244,P006,2025-07-11,1,Tarjeta Débito,Tienda,Completada,1800.0,0
V007388,C00936,P013,2025-04-22,3,Tarjeta Crédito,Online,Devuelta,2200.0,0
V007389,C01164,P029,2025-04-20,4,Tarjeta Débito,Tienda,Cancelada,280.0,5
V007390,C00751,P006,2025-02-12,1,Tarjeta Crédito,Tienda,Cancelada,1800.0,0
V007391,C00364,P019,2025-05-18,4,Tarjeta Crédito,Online,Cancelada,1800.0,0
V007392,C00197,P028,2025-09-03,5,Tarjeta Débito,Marketplace,Cancelada,250.0,5
V007393,C00838,P004,2025-03-16,4,Tarjeta Crédito,Marketplace,Completada,9000.0,5
V007394,C00575,P019,2025-01-19,4,Tarjeta Crédito,Tienda,Completada,1800.0,20
V007395,C01182,P020,2025-01-07,5,Efectivo,Online,Completada,1500.0,15
V007396,C00041,P011,2025-10-12,5,Efectivo,Tienda,Completada,1800.0,15
V007397,C00979,P005,2025-06-11,1,Transferencia,Online,Completada,12000.0,0
V007398,C00123,P027,2025-08-23,3,Tarjeta Débito,Online,Completada,6000.0,5
V007399,C00197,P014,2025-01-14,1,Tarjeta Débito,Tienda,Devuelta,5500.0,0
V007400,C00454,P024,2025-11-29,2,Efectivo,Marketplace,Completada,14500.0,0
V007401,C01152,P022,2025-01-09,1,Tarjeta Débito,Online,Completada,1200.0,5
V007402,C00192,P029,2025-03-25,4,Transferencia,Tienda,Completada,350.0,5
V007403,C00895,P002,2025-05-19,4,Tarjeta Crédito,Marketplace,Completada,14000.0,5
V007404,C01098,P005,2025-11-07,5,Tarjeta Crédito,Online,Devuelta,12000.0,10
V007405,C00148,P022,2025-01-03,5,Tarjeta Débito,Online,Devuelta,1200.0,5
V007406,C00232,P012,2025-08-04,2,Tarjeta Débito,Online,Devuelta,1700.0,20
V007407,C00068,P025,2025-04-13,1,Tarjeta Crédito,Online,Completada,4200.0,10
V007408,C00879,P022,2025-02-15,4,Tarjeta Débito,Marketplace,Completada,1200.0,5
V007409,C01135,P023,2025-05-18,2,Tarjeta Débito,Marketplace,Completada,8500.0,0
V007410,C00957,P009,2025-09-15,3,Efectivo,Marketplace,Cancelada,1300.0,0
V007411,C00955,P029,2025-08-17,2,Tarjeta Débito,Online,Completada,350.0,5
V007412,C00626,P024,2025-10-19,3,Tarjeta Crédito,Marketplace,Completada,14500.0,10
V007413,C00472,P030,2025-01-23,3,Tarjeta Débito,Online,Completada,3200.0,5
V007414,C01096,P012,2025-01-11,2,Tarjeta Débito,Online,Completada,1700.0,10
V007415,C00131,P019,2025-10-16,1,Tarjeta Crédito,Online,Completada,1800.0,0
V007416,C00924,P014,2025-12-17,3,Tarjeta Débito,Online,Devuelta,5500.0,0
V007417,C00657,P004,2025-10-06,1,Tarjeta Crédito,Marketplace,Devuelta,9000.0,0
V007418,C01069,P027,2025-06-08,4,Tarjeta Crédito,Tienda,Completada,6000.0,10
V007419,C00631,P024,2025-07-26,4,Tarjeta Débito,Tienda,Cancelada,14500.0,0
V007420,C00736,P022,2025-05-05,5,Tarjeta Débito,Marketplace,Devuelta,1200.0,15
V007421,C00701,P008,2025-12-29,3,Tarjeta Crédito,Tienda,Completada,700.0,15
V007422,C00333,P018,2025-12-06,5,Transferencia,Tienda,Cancelada,900.0,0
V007423,C00316,P010,2025-10-21,4,Tarjeta Crédito,Online,Completada,4500.0,0
V007424,C00130,P002,2025-08-25,4,Efectivo,Tienda,Completada,14000.0,0
V007425,C00668,P021,2025-06-28,2,Tarjeta Crédito,Marketplace,Completada,11000.0,20
V007426,C01087,P005,2025-12-09,2,Tarjeta Crédito,Online,Devuelta,12000.0,0
V007427,C00759,P021,2025-01-23,1,Tarjeta Débito,Online,Completada,11000.0,10
V007428,C00998,P026,2025-05-07,1,Tarjeta Débito,Tienda,Devuelta,800.0,0
V007429,C00342,P027,2025-09-21,4,Tarjeta Crédito,Marketplace,Completada,6000.0,0
V007430,C00048,P029,2025-10-09,3,Tarjeta Débito,Tienda,Completada,350.0,5
V007431,C00672,P027,2025-06-16,5,Transferencia,Online,Devuelta,6000.0,0
V007432,C01122,P024,2025-05-03,5,Tarjeta Crédito,Tienda,Cancelada,14500.0,0
V007433,C00627,P014,2025-11-30,5,Tarjeta Crédito,Marketplace,Completada,5500.0,0
V007434,C00244,P007,2025-04-11,5,Efectivo,Online,Cancelada,1400.0,10
V007435,C01034,P008,2025-01-29,1,Transferencia,Marketplace,Devuelta,700.0,5
V007436,C01100,P010,2025-10-16,4,Tarjeta Crédito,Marketplace,Completada,4500.0,0
V007437,C00188,P006,2025-08-09,5,Tarjeta Débito,Tienda,Completada,1800.0,5
V007438,C00133,P002,2025-02-07,3,Transferencia,Marketplace,Cancelada,14000.0,5
V007439,C01009,P025,2025-11-07,1,Efectivo,Tienda,Devuelta,4200.0,0
V007440,C00377,P027,2025-03-23,5,Tarjeta Crédito,Online,Completada,6000.0,15
V007441,C00087,P007,2025-06-04,4,Transferencia,Tienda,Cancelada,1400.0,0
V007442,C00681,P002,2025-04-28,4,Tarjeta Crédito,Online,Cancelada,14000.0,0
V007443,C00271,P017,2025-02-09,2,Tarjeta Débito,Tienda,Completada,2200.0,20
V007444,C00978,P006,2025-06-06,5,Tarjeta Crédito,Tienda,Completada,1800.0,5
V007445,C00327,P003,2025-04-15,4,Tarjeta Débito,Tienda,Cancelada,6500.0,10
V007446,C00455,P010,2025-07-22,1,Tarjeta Crédito,Online,Completada,4500.0,5
V007447,C00842,P003,2025-11-29,3,Tarjeta Crédito,Online,Cancelada,6500.0,5
V007448,C00571,P027,2025-03-09,2,Tarjeta Crédito,Online,Cancelada,6000.0,10
V007449,C00474,P003,2025-03-18,4,Tarjeta Crédito,Tienda,Devuelta,6500.0,0
V007450,C00685,P013,2025-02-12,5,Transferencia,Online,Completada,2200.0,5
V007451,C00089,P022,2025-07-24,3,Tarjeta Débito,Online,Devuelta,1200.0,5
V007452,C00651,P005,2025-01-22,3,Tarjeta Crédito,Marketplace,Completada,12000.0,20
V007453,C00533,P030,2025-07-31,1,Transferencia,Online,Completada,3200.0,0
V007454,C00332,P028,2025-02-15,4,Tarjeta Débito,Online,Completada,250.0,0
V007455,C00876,P007,2025-04-26,5,Tarjeta Débito,Tienda,Completada,1400.0,0
V007456,C00746,P023,2025-01-12,5,Tarjeta Crédito,Tienda,Completada,8500.0,0
V007457,C00031,P007,2025-12-30,5,Tarjeta Crédito,Online,Devuelta,1400.0,0
V007458,C00640,P010,2025-10-02,4,Tarjeta Crédito,Marketplace,Completada,4500.0,5
V007459,C00788,P029,2025-10-19,3,Tarjeta Débito,Online,Devuelta,350.0,20
V007460,C00071,P006,2025-11-14,1,Tarjeta Débito,Marketplace,Devuelta,1800.0,15
V007461,C00936,P014,2025-01-12,3,Efectivo,Online,Completada,5500.0,10
V007462,C00336,P010,2025-12-07,2,Tarjeta Crédito,Tienda,Devuelta,4500.0,0
V007463,C01103,P016,2025-02-10,5,Tarjeta Crédito,Tienda,Completada,4500.0,5
V007464,C00726,P028,2025-03-09,1,Tarjeta Crédito,Marketplace,Completada,250.0,5
V007465,C00808,P018,2025-04-01,4,Transferencia,Online,Devuelta,900.0,10
V007466,C00795,P017,2025-09-28,2,Tarjeta Débito,Marketplace,Completada,2200.0,0
V007467,C00502,P027,2025-09-28,1,Tarjeta Débito,Online,Cancelada,6000.0,0
V007468,C00127,P029,2025-02-18,2,Tarjeta Débito,Marketplace,Devuelta,280.0,5
V007469,C00112,P008,2025-05-20,5,Efectivo,Marketplace,Completada,700.0,0
V007470,C00811,P030,2025-10-13,2,Efectivo,Tienda,Completada,3200.0,0
V007471,C00061,P019,2025-05-29,4,Transferencia,Tienda,Devuelta,1800.0,15
V007472,C01155,P003,2025-03-09,4,Efectivo,Marketplace,Cancelada,6500.0,0
V007473,C00481,P006,2025-07-21,1,Transferencia,Tienda,Completada,1800.0,15
V007474,C00460,P020,2025-08-20,2,Tarjeta Crédito,Online,Devuelta,1500.0,10
V007475,C00634,P004,2025-01-25,3,Transferencia,Tienda,Completada,9000.0,0
V007476,C00497,P015,2025-06-08,2,Tarjeta Débito,Online,Cancelada,2600.0,0
V007477,C00319,P001,2025-03-17,1,Tarjeta Débito,Tienda,Completada,22000.0,15
V007478,C00404,P013,2025-02-08,5,Tarjeta Crédito,Marketplace,Completada,2640.0,5
V007479,C00537,P025,2025-05-10,4,Tarjeta Crédito,Online,Cancelada,4200.0,0
V007480,C01102,P023,2025-01-03,4,Tarjeta Débito,Online,Completada,8500.0,0
V007481,C00435,P021,2025-10-13,4,Tarjeta Débito,Tienda,Completada,11000.0,5
V007482,C00531,P008,2025-09-17,3,Tarjeta Débito,Marketplace,Completada,700.0,0
V007483,C01120,P027,2025-12-07,1,Tarjeta Crédito,Tienda,Completada,6000.0,0
V007484,C00386,P004,2025-05-14,1,Tarjeta Crédito,Online,Completada,9000.0,0
V007485,C00652,P024,2025-08-04,3,Tarjeta Crédito,Tienda,Completada,14500.0,20
V007486,C00849,P005,2025-04-12,5,Efectivo,Marketplace,Completada,12000.0,5
V007487,C00734,P025,2025-01-21,5,Tarjeta Crédito,Tienda,Completada,4200.0,0
V007488,C00008,P018,2025-12-25,4,Transferencia,Online,Completada,900.0,0
V007489,C00271,P003,2025-07-08,1,Tarjeta Crédito,Online,Cancelada,6500.0,15
V007490,C00094,P008,2025-12-24,1,Tarjeta Crédito,Tienda,Completada,700.0,10
V007491,C00912,P005,2025-10-06,1,Tarjeta Crédito,Tienda,Completada,12000.0,5
V007492,C00008,P019,2025-10-26,4,Efectivo,Tienda,Completada,1800.0,15
V007493,C00073,P012,2025-04-27,4,Tarjeta Crédito,Online,Completada,1700.0,0
V007494,C00298,P022,2025-10-13,2,Tarjeta Crédito,Online,Completada,1200.0,5
V007495,C00245,P019,2025-11-25,3,Tarjeta Crédito,Tienda,Completada,1800.0,0
V007496,C00733,P029,2025-05-18,3,Tarjeta Crédito,Online,Completada,350.0,5
V007497,C01121,P020,2025-02-19,2,Tarjeta Crédito,Tienda,Completada,1500.0,0
V007498,C00355,P023,2025-10-28,3,Tarjeta Crédito,Online,Completada,8500.0,5
V007499,C01011,P024,2025-01-19,4,Tarjeta Débito,Tienda,Completada,14500.0,15
V007500,C00793,P001,2025-03-13,2,Tarjeta Débito,Marketplace,Completada,22000.0,10
V007501,C00873,P024,2025-03-26,4,Tarjeta Débito,Online,Completada,14500.0,5
V007502,C01127,P021,2025-07-21,5,Tarjeta Crédito,Tienda,Devuelta,11000.0,5
V007503,C01047,P020,2025-04-27,4,Tarjeta Débito,Tienda,Devuelta,1500.0,5
V007504,C00529,P024,2025-08-29,5,Transferencia,Tienda,Completada,14500.0,10
V007505,C00271,P007,2025-04-15,1,Tarjeta Débito,Online,Completada,1400.0,0
V007506,C00427,P017,2025-02-08,1,Tarjeta Crédito,Online,Devuelta,2200.0,15
V007507,C00991,P012,2025-12-23,1,Transferencia,Online,Devuelta,1700.0,10
V007508,C00064,P011,2025-07-28,1,Tarjeta Crédito,Online,Devuelta,1800.0,0
V007509,C00547,P013,2025-03-17,1,Tarjeta Débito,Online,Completada,2200.0,10
V007510,C00330,P022,2025-02-01,4,Tarjeta Crédito,Tienda,Devuelta,1200.0,0
V007511,C00902,P011,2025-11-14,4,Tarjeta Crédito,Online,Completada,1800.0,0
V007512,C00622,P023,2025-04-15,3,Efectivo,Tienda,Completada,8500.0,15
V007513,C01053,P016,2025-11-08,3,Transferencia,Tienda,Completada,4500.0,0
V007514,C00788,P004,2025-09-15,4,Tarjeta Débito,Online,Cancelada,9000.0,5
V007515,C00119,P015,2025-03-26,2,Transferencia,Online,Completada,2600.0,0
V007516,C01141,P018,2025-09-27,2,Tarjeta Crédito,Marketplace,Completada,900.0,15
V007517,C00641,P006,2025-04-20,4,Tarjeta Débito,Online,Completada,1800.0,5
V007518,C00376,P019,2025-11-06,4,Tarjeta Crédito,Tienda,Completada,1800.0,0
V007519,C00980,P002,2025-04-07,3,Efectivo,Tienda,Cancelada,14000.0,5
V007520,C00305,P016,2025-12-19,1,Tarjeta Crédito,Online,Devuelta,4500.0,5
V007521,C00668,P007,2025-11-26,3,Tarjeta Crédito,Tienda,Completada,1120.0,0
V007522,C00874,P011,2025-12-02,3,Tarjeta Crédito,Online,Devuelta,1800.0,20
V007523,C00976,P010,2025-04-16,5,Tarjeta Débito,Online,Completada,4500.0,5
V007524,C00539,P012,2025-10-03,2,Tarjeta Crédito,Online,Devuelta,1700.0,10
V007525,C00752,P001,2025-06-02,3,Tarjeta Débito,Marketplace,Cancelada,22000.0,10
V007526,C00675,P014,2025-02-20,1,Tarjeta Crédito,Online,Completada,5500.0,0
V007527,C00883,P023,2025-11-20,3,Transferencia,Online,Completada,8500.0,0
V007528,C00146,P015,2025-04-01,3,Transferencia,Online,Cancelada,2600.0,0
V007529,C00565,P020,2025-11-19,2,Tarjeta Crédito,Online,Completada,1500.0,5
V007530,C00008,P003,2025-08-01,1,Tarjeta Crédito,Online,Completada,6500.0,0
V007531,C00924,P029,2025-12-20,5,Tarjeta Crédito,Online,Completada,350.0,0
V007532,C00484,P019,2025-09-10,3,Tarjeta Débito,Online,Completada,1800.0,10
V007533,C00804,P009,2025-05-14,2,Tarjeta Débito,Marketplace,Devuelta,1300.0,10
V007534,C00699,P030,2025-12-04,4,Tarjeta Crédito,Marketplace,Completada,3200.0,0
V007535,C00609,P011,2025-03-03,2,Transferencia,Tienda,Devuelta,1620.0,0
V007536,C00022,P017,2025-12-12,4,Tarjeta Crédito,Online,Completada,2200.0,20
V007537,C00675,P020,2025-07-22,2,Tarjeta Crédito,Marketplace,Completada,1200.0,0
V007538,C00823,P011,2025-11-04,2,Tarjeta Crédito,Online,Completada,1800.0,0
V007539,C00039,P028,2025-07-11,5,Tarjeta Débito,Tienda,Completada,250.0,15
V007540,C00120,P011,2025-12-28,4,Tarjeta Débito,Marketplace,Completada,1800.0,5
V007541,C00938,P004,2025-07-02,4,Tarjeta Débito,Marketplace,Devuelta,9000.0,10
V007542,C00268,P028,2025-10-05,4,Tarjeta Débito,Tienda,Devuelta,250.0,5
V007543,C00323,P003,2025-06-05,1,Tarjeta Crédito,Online,Completada,6500.0,0
V007544,C00354,P002,2025-03-07,2,Tarjeta Crédito,Online,Devuelta,14000.0,5
V007545,C00235,P021,2025-01-10,2,Tarjeta Crédito,Online,Devuelta,11000.0,15
V007546,C00263,P015,2025-08-10,4,Tarjeta Débito,Tienda,Completada,2600.0,5
V007547,C00799,P028,2025-04-14,5,Tarjeta Débito,Marketplace,Devuelta,250.0,20
V007548,C00158,P016,2025-10-05,3,Tarjeta Débito,Marketplace,Cancelada,4500.0,5
V007549,C00161,P024,2025-06-26,5,Tarjeta Crédito,Marketplace,Completada,14500.0,10
V007550,C00532,P007,2025-08-06,3,Transferencia,Online,Completada,1400.0,0
V007551,C00858,P008,2025-04-11,1,Transferencia,Marketplace,Completada,700.0,10
V007552,C00222,P028,2025-07-30,4,Efectivo,Online,Completada,250.0,0
V007553,C00582,P014,2025-01-03,2,Tarjeta Crédito,Tienda,Completada,5500.0,20
V007554,C00192,P005,2025-03-28,4,Transferencia,Marketplace,Cancelada,12000.0,5
V007555,C00684,P015,2025-05-29,1,Transferencia,Tienda,Cancelada,2600.0,0
V007556,C00435,P014,2025-10-23,1,Tarjeta Crédito,Online,Devuelta,5500.0,0
V007557,C00762,P012,2025-04-29,1,Tarjeta Crédito,Online,Completada,1700.0,0
V007558,C01110,P009,2025-01-07,2,Tarjeta Débito,Online,Devuelta,1300.0,0
V007559,C00682,P029,2025-11-17,2,Transferencia,Online,Completada,350.0,5
V007560,C00120,P023,2025-11-08,3,Tarjeta Crédito,Marketplace,Completada,8500.0,5
V007561,C00749,P009,2025-03-29,5,Tarjeta Crédito,Marketplace,Devuelta,1300.0,0
V007562,C00461,P003,2025-03-19,1,Tarjeta Débito,Tienda,Cancelada,6500.0,0
V007563,C00211,P019,2025-06-16,1,Transferencia,Online,Completada,1800.0,0
V007564,C00369,P017,2025-04-21,2,Tarjeta Débito,Online,Devuelta,2200.0,5
V007565,C01020,P028,2025-07-18,5,Tarjeta Crédito,Tienda,Devuelta,250.0,15
V007566,C00687,P027,2025-04-14,2,Tarjeta Débito,Online,Completada,6000.0,5
V007567,C00536,P002,2025-02-14,4,Tarjeta Crédito,Marketplace,Completada,14000.0,20
V007568,C00670,P007,2025-02-20,3,Tarjeta Crédito,Online,Cancelada,1400.0,5
V007569,C00988,P002,2025-06-26,1,Tarjeta Débito,Tienda,Completada,14000.0,10
V007570,C00442,P010,2025-03-30,1,Tarjeta Débito,Online,Completada,4500.0,5
V007571,C00596,P012,2025-03-21,3,Transferencia,Marketplace,Cancelada,1700.0,5
V007572,C00538,P001,2025-12-05,3,Tarjeta Crédito,Online,Devuelta,22000.0,10
V007573,C01042,P019,2025-05-12,4,Tarjeta Crédito,Online,Completada,1800.0,15
V007574,C00176,P006,2025-06-30,5,Tarjeta Crédito,Online,Completada,1800.0,10
V007575,C01089,P006,2025-06-19,4,Transferencia,Marketplace,Cancelada,1800.0,0
V007576,C00511,P020,2025-11-06,4,Tarjeta Débito,Online,Completada,1500.0,0
V007577,C01020,P016,2025-02-08,5,Tarjeta Débito,Online,Cancelada,4500.0,15
V007578,C00853,P016,2025-05-05,2,Efectivo,Online,Devuelta,4500.0,0
V007579,C01047,P017,2025-02-03,3,Tarjeta Crédito,Online,Completada,2200.0,0
V007580,C00845,P030,2025-08-22,2,Transferencia,Tienda,Completada,3200.0,10
V007581,C00746,P015,2025-12-26,1,Tarjeta Crédito,Marketplace,Completada,2600.0,15
V007582,C00666,P021,2025-01-05,4,Tarjeta Crédito,Marketplace,Devuelta,11000.0,0
V007583,C00229,P015,2025-05-20,4,Tarjeta Débito,Tienda,Devuelta,2600.0,5
V007584,C00355,P013,2025-11-02,5,Tarjeta Crédito,Marketplace,Completada,2200.0,5
V007585,C00588,P020,2025-01-24,2,Tarjeta Crédito,Online,Completada,1500.0,5
V007586,C00093,P026,2025-05-02,4,Tarjeta Crédito,Online,Devuelta,800.0,0
V007587,C00944,P004,2025-01-05,2,Tarjeta Crédito,Tienda,Completada,9000.0,0
V007588,C00522,P022,2025-03-13,1,Transferencia,Online,Devuelta,1200.0,5
V007589,C00828,P003,2025-12-14,2,Tarjeta Débito,Online,Completada,6500.0,20
V007590,C01045,P002,2025-06-16,4,Tarjeta Crédito,Marketplace,Completada,14000.0,5
V007591,C00327,P013,2025-08-12,4,Transferencia,Tienda,Completada,2200.0,15
V007592,C00866,P002,2025-10-13,3,Tarjeta Débito,Online,Completada,14000.0,10
V007593,C01187,P015,2025-02-15,5,Tarjeta Crédito,Tienda,Completada,2600.0,0
V007594,C01187,P023,2025-09-16,4,Transferencia,Tienda,Completada,8500.0,5
V007595,C01052,P023,2025-06-30,3,Tarjeta Crédito,Tienda,Completada,8500.0,0
V007596,C00342,P011,2025-09-05,2,Tarjeta Débito,Tienda,Devuelta,1800.0,10
V007597,C00742,P001,2025-10-22,2,Transferencia,Online,Completada,22000.0,15
V007598,C00004,P006,2025-02-11,1,Tarjeta Crédito,Online,Completada,1800.0,10
V007599,C00363,P007,2025-07-08,3,Tarjeta Crédito,Marketplace,Completada,1400.0,0
V007600,C00765,P005,2025-02-12,1,Efectivo,Online,Completada,12000.0,10
V007601,C00621,P022,2025-02-14,2,Transferencia,Tienda,Devuelta,1200.0,15
V007602,C00168,P030,2025-02-15,4,Tarjeta Crédito,Marketplace,Completada,3200.0,0
V007603,C00449,P023,2025-08-27,3,Tarjeta Crédito,Online,Completada,8500.0,0
V007604,C00679,P003,2025-09-11,4,Tarjeta Débito,Tienda,Cancelada,6500.0,0
V007605,C01022,P001,2025-04-21,2,Tarjeta Débito,Marketplace,Completada,22000.0,5
V007606,C00069,P003,2025-07-07,5,Tarjeta Débito,Marketplace,Devuelta,6500.0,20
V007607,C00598,P020,2025-06-08,2,Tarjeta Crédito,Online,Completada,1500.0,0
V007608,C00981,P019,2025-01-15,1,Tarjeta Crédito,Online,Completada,1800.0,0
V007609,C01134,P028,2025-04-09,4,Tarjeta Débito,Online,Completada,250.0,0
V007610,C00950,P001,2025-07-08,2,Transferencia,Tienda,Cancelada,22000.0,0
V007611,C00130,P027,2025-08-13,5,Tarjeta Crédito,Online,Completada,6000.0,0
V007612,C00812,P022,2025-09-05,3,Tarjeta Crédito,Online,Completada,1200.0,5
V007613,C01187,P011,2025-05-14,1,Efectivo,Online,Completada,1800.0,5
V007614,C00854,P005,2025-03-27,3,Tarjeta Débito,Online,Cancelada,12000.0,0
V007615,C01129,P019,2025-08-04,1,Tarjeta Crédito,Online,Completada,1800.0,5
V007616,C00792,P022,2025-02-25,1,Tarjeta Débito,Online,Cancelada,1200.0,0
V007617,C01082,P029,2025-04-18,4,Tarjeta Crédito,Online,Completada,350.0,10
V007618,C01183,P003,2025-05-25,3,Tarjeta Crédito,Online,Completada,6500.0,15
V007619,C00461,P018,2025-11-28,2,Tarjeta Débito,Online,Cancelada,900.0,5
V007620,C00633,P015,2025-05-05,4,Tarjeta Débito,Tienda,Cancelada,2600.0,10
V007621,C00678,P019,2025-10-22,5,Transferencia,Online,Cancelada,1800.0,0
V007622,C00150,P022,2025-03-26,3,Transferencia,Marketplace,Completada,1200.0,5
V007623,C00162,P005,2025-07-04,3,Tarjeta Crédito,Tienda,Completada,12000.0,5
V007624,C00553,P013,2025-09-17,3,Transferencia,Tienda,Devuelta,2200.0,0
V007625,C00874,P029,2025-11-01,1,Transferencia,Online,Completada,350.0,10
V007626,C00054,P017,2025-12-27,1,Transferencia,Online,Devuelta,2200.0,15
V007627,C00605,P020,2025-04-11,3,Transferencia,Tienda,Completada,1500.0,5
V007628,C00511,P015,2025-08-28,4,Tarjeta Crédito,Marketplace,Completada,2600.0,5
V007629,C00657,P020,2025-05-04,1,Tarjeta Crédito,Online,Completada,1500.0,5
V007630,C00520,P016,2025-09-01,5,Tarjeta Débito,Marketplace,Completada,4500.0,0
V007631,C00427,P003,2025-02-01,1,Tarjeta Crédito,Online,Completada,6500.0,0
V007632,C00241,P026,2025-05-22,1,Tarjeta Débito,Online,Completada,800.0,10
V007633,C00855,P012,2025-06-25,3,Tarjeta Crédito,Tienda,Completada,1700.0,0
V007634,C00612,P030,2025-06-02,2,Tarjeta Débito,Marketplace,Devuelta,3200.0,5
V007635,C01056,P012,2025-08-19,3,Transferencia,Tienda,Devuelta,1700.0,10
V007636,C01146,P011,2025-04-26,3,Tarjeta Débito,Tienda,Completada,1800.0,10
V007637,C00138,P018,2025-06-27,3,Tarjeta Crédito,Marketplace,Cancelada,900.0,20
V007638,C00891,P010,2025-09-10,1,Tarjeta Crédito,Online,Completada,4500.0,15
V007639,C00259,P014,2025-06-17,5,Tarjeta Crédito,Marketplace,Cancelada,5500.0,15
V007640,C00148,P006,2025-09-17,3,Transferencia,Marketplace,Devuelta,1800.0,15
V007641,C00733,P002,2025-07-11,1,Tarjeta Crédito,Tienda,Completada,14000.0,0
V007642,C00215,P013,2025-09-18,3,Tarjeta Crédito,Online,Devuelta,2200.0,0
V007643,C00334,P021,2025-01-13,5,Tarjeta Débito,Online,Completada,11000.0,0
V007644,C00706,P029,2025-10-26,4,Tarjeta Crédito,Online,Completada,350.0,5
V007645,C00679,P030,2025-02-12,3,Tarjeta Débito,Online,Cancelada,3200.0,0
V007646,C00132,P030,2025-09-02,4,Tarjeta Crédito,Marketplace,Cancelada,3200.0,10
V007647,C00332,P007,2025-01-24,1,Tarjeta Crédito,Online,Cancelada,1400.0,15
V007648,C00240,P018,2025-11-02,1,Tarjeta Débito,Online,Completada,900.0,0
V007649,C00349,P008,2025-04-25,3,Tarjeta Crédito,Tienda,Completada,700.0,10
V007650,C00513,P028,2025-12-23,2,Tarjeta Débito,Marketplace,Completada,250.0,0
V007651,C00568,P004,2025-10-22,3,Tarjeta Crédito,Tienda,Devuelta,9000.0,10
V007652,C00362,P015,2025-06-22,4,Efectivo,Tienda,Completada,2600.0,5
V007653,C00573,P007,2025-03-08,2,Tarjeta Crédito,Marketplace,Cancelada,1400.0,5
V007654,C00795,P015,2025-07-15,4,Tarjeta Crédito,Tienda,Completada,2600.0,5
V007655,C00684,P017,2025-07-07,3,Tarjeta Débito,Online,Completada,2200.0,5
V007656,C00507,P030,2025-07-17,5,Transferencia,Tienda,Completada,3200.0,0
V007657,C00335,P007,2025-06-30,2,Tarjeta Débito,Online,Devuelta,1400.0,5
V007658,C00864,P017,2025-07-05,1,Tarjeta Débito,Marketplace,Devuelta,2200.0,0
V007659,C00800,P016,2025-08-07,3,Tarjeta Débito,Tienda,Completada,4500.0,0
V007660,C00278,P002,2025-06-12,5,Tarjeta Débito,Online,Completada,14000.0,0
V007661,C00929,P030,2025-01-23,4,Tarjeta Crédito,Online,Completada,3200.0,5
V007662,C01013,P030,2025-08-25,1,Tarjeta Débito,Online,Completada,3200.0,10
V007663,C00684,P015,2025-05-20,4,Efectivo,Online,Completada,2600.0,10
V007664,C00043,P020,2025-06-12,5,Tarjeta Crédito,Marketplace,Cancelada,1500.0,10
V007665,C00339,P017,2025-04-08,2,Tarjeta Débito,Marketplace,Completada,2200.0,5
V007666,C00911,P019,2025-03-16,5,Tarjeta Crédito,Online,Completada,1800.0,10
V007667,C00890,P013,2025-06-07,5,Tarjeta Crédito,Online,Devuelta,2200.0,15
V007668,C00483,P012,2025-09-11,4,Tarjeta Débito,Tienda,Cancelada,1700.0,0
V007669,C00524,P018,2025-12-22,1,Efectivo,Marketplace,Devuelta,900.0,10
V007670,C00143,P015,2025-04-17,4,Tarjeta Débito,Tienda,Completada,2600.0,5
V007671,C00669,P020,2025-03-23,2,Tarjeta Débito,Tienda,Devuelta,1500.0,0
V007672,C00976,P017,2025-12-23,1,Tarjeta Débito,Online,Cancelada,2200.0,15
V007673,C00552,P023,2025-09-26,1,Efectivo,Online,Completada,8500.0,0
V007674,C00743,P004,2025-02-06,3,Tarjeta Crédito,Tienda,Completada,9000.0,0
V007675,C00152,P020,2025-07-16,2,Tarjeta Débito,Online,Devuelta,1500.0,0
V007676,C00871,P014,2025-11-27,1,Tarjeta Crédito,Online,Completada,5500.0,5
V007677,C00328,P024,2025-06-06,4,Tarjeta Crédito,Tienda,Completada,14500.0,10
V007678,C00069,P024,2025-04-19,3,Tarjeta Crédito,Marketplace,Completada,14500.0,0
V007679,C00293,P010,2025-07-26,4,Tarjeta Crédito,Online,Cancelada,4500.0,0
V007680,C00662,P010,2025-08-04,1,Tarjeta Débito,Tienda,Completada,4500.0,10
V007681,C00670,P017,2025-12-06,5,Tarjeta Crédito,Online,Completada,2200.0,10
V007682,C00411,P018,2025-12-12,1,Efectivo,Online,Cancelada,900.0,10
V007683,C00468,P023,2025-05-15,1,Tarjeta Crédito,Online,Completada,8500.0,0
V007684,C00582,P014,2025-02-08,2,Efectivo,Online,Completada,5500.0,0
V007685,C00893,P004,2025-10-03,1,Efectivo,Online,Completada,9000.0,20
V007686,C01097,P008,2025-04-13,5,Tarjeta Crédito,Online,Completada,700.0,5
V007687,C00321,P019,2025-07-25,2,Transferencia,Online,Completada,1800.0,5
V007688,C00643,P027,2025-05-09,3,Tarjeta Crédito,Tienda,Completada,6000.0,10
V007689,C00377,P020,2025-08-21,2,Tarjeta Crédito,Online,Cancelada,1500.0,0
V007690,C00111,P001,2025-01-20,4,Tarjeta Crédito,Tienda,Devuelta,22000.0,10
V007691,C01060,P002,2025-10-20,5,Tarjeta Crédito,Online,Completada,14000.0,20
V007692,C00003,P015,2025-12-30,4,Tarjeta Débito,Tienda,Completada,2600.0,0
V007693,C00538,P019,2025-07-30,3,Tarjeta Crédito,Tienda,Completada,1800.0,5
V007694,C00153,P007,2025-11-28,5,Transferencia,Tienda,Completada,1400.0,0
V007695,C00535,P030,2025-01-25,5,Tarjeta Crédito,Online,Devuelta,3200.0,0
V007696,C00687,P010,2025-08-02,3,Tarjeta Débito,Online,Completada,4500.0,0
V007697,C00433,P020,2025-01-20,5,Tarjeta Crédito,Online,Cancelada,1500.0,5
V007698,C01073,P009,2025-02-23,1,Tarjeta Débito,Online,Devuelta,1300.0,10
V007699,C00438,P022,2025-06-16,3,Transferencia,Tienda,Devuelta,1200.0,0
V007700,C00542,P005,2025-01-24,3,Efectivo,Online,Completada,12000.0,0
V007701,C01151,P003,2025-12-24,3,Tarjeta Débito,Tienda,Completada,7800.0,5
V007702,C00603,P013,2025-01-24,1,Tarjeta Débito,Online,Completada,2200.0,10
V007703,C00259,P029,2025-02-02,3,Efectivo,Tienda,Cancelada,350.0,5
V007704,C01017,P025,2025-02-16,4,Tarjeta Crédito,Online,Devuelta,4200.0,0
V007705,C01148,P018,2025-09-13,2,Tarjeta Crédito,Tienda,Devuelta,900.0,5
V007706,C00910,P011,2025-03-15,1,Tarjeta Débito,Online,Completada,1800.0,0
V007707,C00196,P005,2025-04-11,4,Tarjeta Débito,Marketplace,Devuelta,12000.0,20
V007708,C00103,P030,2025-07-12,4,Transferencia,Tienda,Completada,3200.0,0
V007709,C00629,P029,2025-10-22,3,Tarjeta Crédito,Marketplace,Completada,350.0,5
V007710,C00658,P027,2025-02-10,3,Tarjeta Crédito,Online,Devuelta,6000.0,10
V007711,C00285,P025,2025-04-20,1,Transferencia,Tienda,Completada,4200.0,0
V007712,C00798,P017,2025-12-31,2,Tarjeta Crédito,Marketplace,Completada,2200.0,10
V007713,C00149,P030,2025-12-23,1,Tarjeta Crédito,Online,Cancelada,3200.0,5
V007714,C00891,P011,2025-07-30,5,Tarjeta Crédito,Tienda,Completada,1800.0,0
V007715,C00200,P020,2025-09-21,4,Tarjeta Crédito,Marketplace,Completada,1500.0,10
V007716,C00630,P006,2025-01-11,5,Transferencia,Marketplace,Cancelada,1800.0,0
V007717,C00734,P016,2025-12-28,5,Tarjeta Débito,Marketplace,Cancelada,4500.0,0
V007718,C00719,P018,2025-10-27,4,Tarjeta Débito,Online,Completada,900.0,15
V007719,C00137,P012,2025-05-17,5,Tarjeta Débito,Online,Cancelada,1700.0,0
V007720,C01102,P008,2025-12-03,1,Tarjeta Crédito,Online,Cancelada,700.0,5
V007721,C00514,P018,2025-06-20,4,Tarjeta Crédito,Online,Cancelada,900.0,10
V007722,C00800,P021,2025-06-03,2,Tarjeta Crédito,Online,Completada,11000.0,5
V007723,C00274,P019,2025-03-15,3,Transferencia,Marketplace,Completada,1800.0,10
V007724,C00839,P004,2025-12-24,4,Transferencia,Marketplace,Cancelada,9000.0,5
V007725,C00574,P015,2025-04-28,5,Tarjeta Crédito,Online,Completada,2600.0,0
V007726,C00690,P005,2025-04-20,2,Transferencia,Marketplace,Devuelta,12000.0,10
V007727,C00121,P017,2025-02-20,4,Tarjeta Crédito,Tienda,Completada,2200.0,0
V007728,C00552,P010,2025-01-01,2,Tarjeta Crédito,Online,Completada,4500.0,5
V007729,C00176,P029,2025-04-10,3,Tarjeta Crédito,Online,Completada,350.0,5
V007730,C00730,P013,2025-02-10,1,Tarjeta Crédito,Online,Cancelada,2200.0,5
V007731,C00121,P019,2025-08-27,2,Tarjeta Crédito,Online,Cancelada,1800.0,0
V007732,C00851,P010,2025-03-24,1,Tarjeta Débito,Tienda,Devuelta,4500.0,10
V007733,C01155,P030,2025-05-03,5,Tarjeta Débito,Tienda,Devuelta,3200.0,5
V007734,C00709,P028,2025-11-13,5,Tarjeta Crédito,Online,Cancelada,250.0,5
V007735,C00147,P027,2025-04-02,1,Transferencia,Marketplace,Devuelta,6000.0,15
V007736,C00691,P027,2025-01-11,2,Transferencia,Tienda,Completada,6000.0,0
V007737,C00550,P009,2025-10-02,1,Tarjeta Crédito,Online,Completada,1300.0,5
V007738,C00693,P030,2025-10-02,2,Tarjeta Débito,Marketplace,Cancelada,3200.0,0
V007739,C00695,P028,2025-02-23,2,Tarjeta Débito,Tienda,Completada,250.0,5
V007740,C00413,P029,2025-12-06,3,Tarjeta Crédito,Tienda,Completada,350.0,5
V007741,C00334,P011,2025-05-06,4,Tarjeta Crédito,Online,Devuelta,1800.0,0
V007742,C00099,P022,2025-01-21,2,Tarjeta Crédito,Online,Cancelada,1200.0,15
V007743,C01125,P007,2025-10-22,3,Tarjeta Crédito,Marketplace,Devuelta,1400.0,10
V007744,C01180,P010,2025-02-10,2,Tarjeta Débito,Online,Cancelada,4500.0,0
V007745,C00019,P003,2025-10-02,1,Tarjeta Débito,Marketplace,Devuelta,6500.0,0
V007746,C00458,P018,2025-04-29,5,Transferencia,Online,Devuelta,900.0,5
V007747,C00714,P017,2025-03-07,4,Tarjeta Débito,Marketplace,Completada,2200.0,20
V007748,C01166,P017,2025-05-19,4,Transferencia,Marketplace,Completada,2200.0,0
V007749,C01128,P017,2025-08-23,2,Tarjeta Crédito,Tienda,Completada,2200.0,20
V007750,C00906,P007,2025-07-02,2,Tarjeta Crédito,Online,Devuelta,1400.0,0
V007751,C01020,P021,2025-05-02,4,Tarjeta Débito,Tienda,Completada,11000.0,5
V007752,C00808,P022,2025-06-21,1,Transferencia,Tienda,Devuelta,1200.0,10
V007753,C00664,P023,2025-10-12,5,Efectivo,Online,Devuelta,8500.0,0
V007754,C01154,P007,2025-07-20,4,Tarjeta Crédito,Online,Completada,1400.0,5
V007755,C00804,P014,2025-11-01,3,Tarjeta Crédito,Marketplace,Completada,5500.0,5
V007756,C00200,P020,2025-07-05,3,Tarjeta Débito,Online,Devuelta,1500.0,20
V007757,C00976,P024,2025-06-10,4,Tarjeta Crédito,Marketplace,Devuelta,14500.0,10
V007758,C00137,P009,2025-07-07,4,Tarjeta Débito,Online,Completada,1300.0,5
V007759,C00165,P016,2025-08-01,1,Tarjeta Débito,Tienda,Devuelta,4500.0,10
V007760,C00446,P021,2025-11-10,5,Transferencia,Tienda,Completada,11000.0,0
V007761,C00560,P011,2025-06-26,1,Transferencia,Marketplace,Completada,1800.0,10
V007762,C00782,P029,2025-04-12,5,Tarjeta Crédito,Tienda,Cancelada,350.0,10
V007763,C00569,P005,2025-09-10,4,Transferencia,Marketplace,Devuelta,12000.0,5
V007764,C00380,P002,2025-05-21,5,Tarjeta Débito,Online,Completada,14000.0,20
V007765,C00456,P004,2025-07-04,5,Transferencia,Marketplace,Completada,9000.0,5
V007766,C00278,P018,2025-03-14,4,Tarjeta Débito,Online,Cancelada,900.0,0
V007767,C00204,P013,2025-10-11,5,Tarjeta Débito,Tienda,Devuelta,2200.0,5
V007768,C01104,P012,2025-10-21,2,Tarjeta Débito,Tienda,Completada,1700.0,0
V007769,C00841,P001,2025-11-01,3,Tarjeta Débito,Marketplace,Completada,22000.0,0
V007770,C00986,P029,2025-05-29,4,Transferencia,Tienda,Completada,350.0,20
V007771,C01034,P005,2025-04-23,4,Tarjeta Débito,Tienda,Completada,12000.0,20
V007772,C00309,P022,2025-05-28,3,Tarjeta Crédito,Tienda,Cancelada,1200.0,0
V007773,C00737,P006,2025-10-29,5,Transferencia,Tienda,Cancelada,1800.0,0
V007774,C00754,P022,2025-05-19,1,Transferencia,Online,Completada,1200.0,5
V007775,C00800,P018,2025-02-12,5,Transferencia,Tienda,Devuelta,900.0,15
V007776,C00886,P015,2025-11-01,1,Tarjeta Crédito,Online,Completada,2600.0,0
V007777,C00679,P024,2025-06-06,1,Tarjeta Crédito,Tienda,Completada,14500.0,5
V007778,C00704,P018,2025-10-21,4,Transferencia,Marketplace,Completada,900.0,0
V007779,C00345,P029,2025-02-25,3,Tarjeta Crédito,Online,Completada,315.0,10
V007780,C00848,P014,2025-06-17,4,Tarjeta Crédito,Tienda,Completada,5500.0,5
V007781,C00820,P004,2025-04-11,5,Tarjeta Crédito,Online,Completada,9000.0,0
V007782,C00600,P001,2025-07-26,4,Transferencia,Online,Cancelada,22000.0,10
V007783,C00601,P015,2025-12-11,5,Transferencia,Tienda,Devuelta,2600.0,10
V007784,C00059,P006,2025-08-26,1,Tarjeta Débito,Tienda,Devuelta,1800.0,0
V007785,C00542,P018,2025-12-16,1,Tarjeta Débito,Online,Devuelta,900.0,5
V007786,C00254,P006,2025-07-28,3,Tarjeta Crédito,Tienda,Completada,1800.0,5
V007787,C01151,P012,2025-07-04,2,Transferencia,Online,Cancelada,1700.0,0
V007788,C00710,P006,2025-11-14,1,Tarjeta Crédito,Online,Completada,1800.0,0
V007789,C00095,P010,2025-05-23,2,Tarjeta Crédito,Tienda,Completada,4500.0,5
V007790,C00365,P020,2025-06-17,3,Tarjeta Débito,Online,Completada,1500.0,0
V007791,C00688,P017,2025-07-27,2,Tarjeta Crédito,Online,Completada,2200.0,0
V007792,C00474,P022,2025-02-09,1,Tarjeta Crédito,Marketplace,Cancelada,1200.0,0
V007793,C01000,P011,2025-10-05,2,Efectivo,Online,Completada,1800.0,5
V007794,C01063,P026,2025-04-12,3,Tarjeta Crédito,Tienda,Devuelta,800.0,10
V007795,C00212,P014,2025-08-26,2,Transferencia,Tienda,Cancelada,5500.0,5
V007796,C00617,P017,2025-01-29,2,Transferencia,Marketplace,Completada,2200.0,0
V007797,C00402,P017,2025-11-11,3,Efectivo,Tienda,Completada,2200.0,5
V007798,C00054,P022,2025-03-14,4,Efectivo,Tienda,Completada,1200.0,0
V007799,C00278,P012,2025-04-28,4,Tarjeta Crédito,Online,Cancelada,1700.0,5
V007800,C01028,P025,2025-07-01,2,Tarjeta Crédito,Tienda,Completada,4200.0,0
V007801,C01017,P020,2025-02-21,5,Transferencia,Tienda,Cancelada,1500.0,10
V007802,C00956,P009,2025-05-11,2,Tarjeta Crédito,Online,Completada,1300.0,10
V007803,C00840,P006,2025-08-09,4,Tarjeta Crédito,Online,Devuelta,1800.0,5
V007804,C00089,P018,2025-07-26,4,Tarjeta Crédito,Marketplace,Completada,900.0,0
V007805,C00491,P016,2025-05-06,2,Transferencia,Marketplace,Cancelada,4500.0,0
V007806,C00551,P001,2025-10-26,4,Transferencia,Marketplace,Completada,22000.0,10
V007807,C01064,P012,2025-06-05,2,Transferencia,Online,Completada,1700.0,5
V007808,C00651,P001,2025-02-27,3,Transferencia,Tienda,Completada,22000.0,15
V007809,C00479,P027,2025-02-19,1,Transferencia,Online,Completada,6000.0,5
V007810,C00248,P004,2025-05-14,4,Tarjeta Débito,Marketplace,Completada,9000.0,5
V007811,C00896,P017,2025-12-03,2,Tarjeta Débito,Marketplace,Completada,2200.0,10
V007812,C00114,P014,2025-10-03,5,Tarjeta Crédito,Tienda,Completada,5500.0,0
V007813,C00209,P028,2025-09-06,1,Tarjeta Crédito,Tienda,Cancelada,250.0,5
V007814,C00761,P009,2025-11-02,2,Tarjeta Débito,Online,Cancelada,1300.0,0
V007815,C00541,P027,2025-03-19,4,Tarjeta Débito,Tienda,Cancelada,6000.0,0
V007816,C01187,P007,2025-11-26,1,Tarjeta Crédito,Online,Devuelta,1400.0,5
V007817,C00512,P025,2025-10-15,1,Tarjeta Crédito,Online,Cancelada,4200.0,10
V007818,C00103,P006,2025-05-02,4,Tarjeta Crédito,Marketplace,Devuelta,1800.0,10
V007819,C00776,P007,2025-09-05,5,Tarjeta Crédito,Online,Completada,1400.0,0
V007820,C00925,P013,2025-06-20,4,Tarjeta Crédito,Marketplace,Devuelta,2200.0,0
V007821,C01194,P027,2025-02-19,3,Tarjeta Crédito,Marketplace,Cancelada,6000.0,10
V007822,C00113,P023,2025-01-20,4,Tarjeta Crédito,Tienda,Completada,8500.0,5
V007823,C00749,P014,2025-12-27,4,Tarjeta Crédito,Online,Completada,5500.0,0
V007824,C00013,P013,2025-12-10,2,Tarjeta Débito,Tienda,Completada,2200.0,0
V007825,C00500,P009,2025-11-03,2,Tarjeta Crédito,Online,Completada,1300.0,5
V007826,C00990,P024,2025-04-30,2,Tarjeta Crédito,Online,Completada,14500.0,5
V007827,C00037,P020,2025-03-29,2,Tarjeta Crédito,Marketplace,Cancelada,1500.0,10
V007828,C01177,P020,2025-07-23,5,Tarjeta Crédito,Marketplace,Completada,1500.0,0
V007829,C00580,P005,2025-10-12,1,Tarjeta Crédito,Online,Devuelta,12000.0,0
V007830,C00793,P018,2025-07-15,1,Tarjeta Crédito,Online,Completada,900.0,0
V007831,C00509,P018,2025-01-18,3,Tarjeta Débito,Marketplace,Cancelada,900.0,5
V007832,C00142,P017,2025-06-24,1,Tarjeta Débito,Marketplace,Devuelta,2200.0,0
V007833,C01143,P018,2025-06-14,1,Transferencia,Tienda,Cancelada,900.0,10
V007834,C00559,P010,2025-02-17,5,Tarjeta Débito,Online,Completada,4500.0,0
V007835,C00500,P013,2025-10-20,5,Tarjeta Crédito,Marketplace,Devuelta,2200.0,5
V007836,C00612,P014,2025-11-25,2,Tarjeta Débito,Online,Completada,5500.0,5
V007837,C00501,P030,2025-04-30,5,Efectivo,Online,Completada,3200.0,5
V007838,C00894,P022,2025-03-31,3,Tarjeta Crédito,Online,Cancelada,1200.0,5
V007839,C00747,P027,2025-01-22,3,Efectivo,Online,Completada,6000.0,5
V007840,C00758,P029,2025-04-13,2,Efectivo,Online,Completada,350.0,0
V007841,C01101,P014,2025-09-14,1,Transferencia,Online,Completada,5500.0,5
V007842,C00023,P012,2025-09-09,4,Efectivo,Online,Cancelada,1700.0,20
V007843,C00166,P006,2025-11-12,4,Tarjeta Crédito,Tienda,Completada,1800.0,0
V007844,C00346,P003,2025-04-18,2,Tarjeta Débito,Online,Completada,6500.0,15
V007845,C00042,P020,2025-05-29,1,Tarjeta Crédito,Tienda,Completada,1500.0,0
V007846,C01006,P008,2025-08-13,5,Tarjeta Crédito,Online,Cancelada,700.0,0
V007847,C00833,P011,2025-10-31,3,Transferencia,Tienda,Completada,1800.0,10
V007848,C00898,P001,2025-11-06,1,Transferencia,Online,Completada,22000.0,0
V007849,C00663,P007,2025-11-22,4,Tarjeta Crédito,Tienda,Completada,1400.0,0
V007850,C00361,P008,2025-04-18,3,Transferencia,Online,Completada,700.0,0
V007851,C00709,P019,2025-01-01,5,Transferencia,Tienda,Devuelta,1800.0,0
V007852,C00503,P018,2025-09-28,2,Tarjeta Crédito,Tienda,Devuelta,900.0,5
V007853,C00817,P017,2025-01-04,1,Tarjeta Débito,Online,Completada,2200.0,20
V007854,C00153,P019,2025-05-06,5,Transferencia,Tienda,Completada,1800.0,10
V007855,C01046,P011,2025-10-18,4,Transferencia,Online,Completada,1800.0,20
V007856,C00177,P008,2025-03-27,1,Transferencia,Tienda,Completada,700.0,0
V007857,C00166,P021,2025-09-04,2,Tarjeta Débito,Marketplace,Completada,11000.0,10
V007858,C00988,P027,2025-04-11,1,Transferencia,Tienda,Completada,6000.0,5
V007859,C00739,P022,2025-10-01,5,Efectivo,Online,Cancelada,1200.0,0
V007860,C00984,P025,2025-12-15,5,Tarjeta Crédito,Tienda,Completada,4200.0,0
V007861,C00890,P016,2025-02-16,5,Tarjeta Débito,Tienda,Completada,4500.0,0
V007862,C00243,P029,2025-01-27,1,Tarjeta Crédito,Online,Completada,350.0,5
V007863,C00931,P007,2025-02-20,2,Efectivo,Tienda,Devuelta,1680.0,0
V007864,C00123,P014,2025-03-29,1,Tarjeta Débito,Online,Devuelta,5500.0,0
V007865,C00210,P019,2025-08-23,5,Efectivo,Online,Completada,1800.0,5
V007866,C01107,P009,2025-04-19,3,Transferencia,Marketplace,Devuelta,1300.0,0
V007867,C00552,P001,2025-09-10,2,Tarjeta Crédito,Tienda,Completada,22000.0,0
V007868,C00847,P030,2025-12-17,3,Transferencia,Tienda,Cancelada,3200.0,5
V007869,C00325,P026,2025-09-24,3,Transferencia,Online,Completada,800.0,10
V007870,C01187,P025,2025-08-04,3,Tarjeta Débito,Marketplace,Completada,4200.0,5
V007871,C00720,P001,2025-02-08,1,Tarjeta Débito,Online,Completada,22000.0,0
V007872,C01088,P003,2025-06-16,4,Tarjeta Crédito,Marketplace,Completada,6500.0,0
V007873,C00848,P002,2025-10-03,1,Tarjeta Débito,Tienda,Completada,14000.0,0
V007874,C00419,P020,2025-01-02,1,Tarjeta Débito,Online,Completada,1500.0,10
V007875,C00734,P026,2025-08-05,1,Tarjeta Débito,Tienda,Completada,800.0,0
V007876,C00425,P017,2025-12-10,5,Transferencia,Online,Cancelada,2200.0,10
V007877,C00734,P016,2025-01-12,5,Tarjeta Débito,Online,Completada,4500.0,0
V007878,C01119,P021,2025-09-19,1,Tarjeta Crédito,Online,Completada,11000.0,5
V007879,C01042,P027,2025-06-24,3,Transferencia,Tienda,Devuelta,6000.0,0
V007880,C00510,P024,2025-06-02,4,Tarjeta Crédito,Marketplace,Devuelta,14500.0,0
V007881,C00871,P003,2025-03-16,4,Tarjeta Débito,Tienda,Completada,6500.0,15
V007882,C00073,P015,2025-08-26,5,Tarjeta Crédito,Tienda,Cancelada,2600.0,0
V007883,C00739,P012,2025-05-12,2,Tarjeta Crédito,Online,Cancelada,1700.0,0
V007884,C00687,P018,2025-01-20,4,Efectivo,Tienda,Completada,900.0,0
V007885,C00214,P023,2025-09-05,2,Tarjeta Débito,Online,Devuelta,8500.0,15
V007886,C01108,P028,2025-06-13,1,Transferencia,Online,Devuelta,250.0,0
V007887,C00139,P011,2025-05-29,2,Tarjeta Crédito,Marketplace,Completada,1800.0,0
V007888,C01125,P009,2025-03-02,5,Tarjeta Débito,Online,Cancelada,1300.0,5
V007889,C00302,P015,2025-05-29,5,Tarjeta Crédito,Online,Cancelada,2600.0,10
V007890,C00974,P013,2025-09-29,3,Transferencia,Online,Completada,2200.0,5
V007891,C00334,P003,2025-09-16,5,Tarjeta Crédito,Online,Completada,6500.0,5
V007892,C00248,P006,2025-04-09,1,Tarjeta Crédito,Online,Devuelta,1800.0,0
V007893,C00505,P025,2025-02-16,5,Tarjeta Crédito,Online,Devuelta,4200.0,10
V007894,C00986,P005,2025-02-23,1,Tarjeta Crédito,Tienda,Cancelada,12000.0,5
V007895,C00520,P023,2025-04-16,4,Tarjeta Crédito,Online,Cancelada,8500.0,10
V007896,C00860,P004,2025-05-25,1,Tarjeta Débito,Tienda,Cancelada,9000.0,15
V007897,C00425,P019,2025-07-14,2,Tarjeta Crédito,Tienda,Completada,1620.0,20
V007898,C00629,P028,2025-08-21,3,Tarjeta Crédito,Online,Completada,250.0,5
V007899,C00308,P011,2025-10-31,5,Tarjeta Crédito,Online,Completada,1800.0,0
V007900,C00116,P003,2025-07-05,3,Tarjeta Crédito,Online,Completada,6500.0,0
V007901,C00764,P011,2025-11-11,4,Tarjeta Crédito,Online,Completada,1800.0,5
V007902,C00132,P028,2025-06-03,1,Tarjeta Débito,Tienda,Completada,250.0,5
V007903,C00135,P026,2025-12-15,1,Tarjeta Crédito,Online,Completada,800.0,5
V007904,C00039,P027,2025-12-08,5,Tarjeta Débito,Marketplace,Completada,6000.0,5
V007905,C00060,P017,2025-05-21,2,Tarjeta Débito,Tienda,Completada,2200.0,0
V007906,C00969,P009,2025-05-29,1,Transferencia,Online,Cancelada,1300.0,0
V007907,C00514,P008,2025-12-04,2,Tarjeta Débito,Online,Devuelta,560.0,15
V007908,C01040,P029,2025-09-21,1,Efectivo,Tienda,Devuelta,350.0,0
V007909,C00374,P002,2025-11-20,4,Tarjeta Débito,Online,Completada,14000.0,10
V007910,C01073,P017,2025-11-03,4,Tarjeta Crédito,Tienda,Cancelada,2200.0,5
V007911,C00787,P030,2025-07-16,1,Transferencia,Marketplace,Completada,3200.0,5
V007912,C00686,P025,2025-01-16,1,Tarjeta Crédito,Tienda,Completada,4200.0,10
V007913,C00292,P022,2025-02-27,5,Tarjeta Débito,Online,Completada,1200.0,20
V007914,C00211,P013,2025-01-02,2,Efectivo,Tienda,Cancelada,2200.0,5
V007915,C01011,P006,2025-05-11,2,Tarjeta Crédito,Tienda,Cancelada,1800.0,0
V007916,C01116,P004,2025-05-16,4,Tarjeta Débito,Online,Completada,9000.0,10
V007917,C00366,P016,2025-01-19,4,Tarjeta Débito,Online,Devuelta,4500.0,0
V007918,C00686,P002,2025-06-27,1,Tarjeta Crédito,Marketplace,Completada,14000.0,10
V007919,C00709,P012,2025-06-27,5,Tarjeta Débito,Online,Completada,1700.0,10
V007920,C00156,P029,2025-12-05,1,Tarjeta Débito,Online,Completada,350.0,0
V007921,C00910,P017,2025-05-21,5,Tarjeta Crédito,Online,Completada,2200.0,0
V007922,C01185,P011,2025-04-19,1,Tarjeta Crédito,Tienda,Completada,1800.0,10
V007923,C01185,P016,2025-07-04,2,Tarjeta Crédito,Tienda,Completada,4500.0,10
V007924,C01152,P008,2025-08-02,3,Tarjeta Crédito,Online,Completada,700.0,0
V007925,C00476,P001,2025-09-06,3,Tarjeta Crédito,Marketplace,Devuelta,22000.0,20
V007926,C00286,P013,2025-03-30,1,Transferencia,Online,Completada,2200.0,0
V007927,C00477,P018,2025-09-17,2,Tarjeta Crédito,Online,Completada,900.0,5
V007928,C00712,P007,2025-07-06,4,Tarjeta Crédito,Online,Completada,1400.0,0
V007929,C00471,P002,2025-08-31,5,Tarjeta Crédito,Online,Devuelta,14000.0,0
V007930,C00300,P014,2025-12-07,1,Tarjeta Débito,Online,Devuelta,5500.0,5
V007931,C00320,P020,2025-10-10,5,Tarjeta Crédito,Online,Devuelta,1500.0,0
V007932,C00282,P013,2025-01-27,4,Tarjeta Crédito,Online,Completada,2200.0,5
V007933,C00035,P028,2025-11-24,4,Tarjeta Débito,Marketplace,Devuelta,250.0,15
V007934,C00594,P019,2025-12-30,3,Tarjeta Crédito,Tienda,Completada,1800.0,5
V007935,C00888,P003,2025-06-26,2,Tarjeta Crédito,Online,Completada,6500.0,20
V007936,C00144,P007,2025-04-30,2,Tarjeta Crédito,Tienda,Devuelta,1400.0,15
V007937,C00854,P004,2025-07-25,2,Transferencia,Tienda,Devuelta,9000.0,10
V007938,C00963,P013,2025-07-17,2,Tarjeta Crédito,Marketplace,Devuelta,2200.0,0
V007939,C00116,P004,2025-10-10,4,Transferencia,Online,Completada,9000.0,15
V007940,C01185,P022,2025-10-28,4,Tarjeta Crédito,Online,Devuelta,1200.0,10
V007941,C00916,P012,2025-01-19,4,Transferencia,Online,Devuelta,1700.0,10
V007942,C00041,P011,2025-04-11,2,Tarjeta Crédito,Marketplace,Devuelta,1800.0,10
V007943,C00738,P012,2025-06-27,2,Transferencia,Online,Cancelada,1700.0,0
V007944,C01191,P002,2025-04-18,4,Tarjeta Débito,Tienda,Devuelta,14000.0,0
V007945,C01146,P013,2025-11-03,5,Tarjeta Débito,Online,Cancelada,2200.0,0
V007946,C00917,P002,2025-10-05,3,Transferencia,Tienda,Cancelada,14000.0,10
V007947,C00079,P013,2025-11-08,5,Tarjeta Crédito,Online,Completada,2200.0,0
V007948,C01152,P002,2025-07-12,2,Tarjeta Crédito,Online,Completada,14000.0,0
V007949,C01144,P004,2025-01-17,3,Tarjeta Débito,Tienda,Completada,9000.0,5
V007950,C00660,P025,2025-03-24,3,Efectivo,Tienda,Completada,4200.0,0
V007951,C00687,P011,2025-11-30,2,Transferencia,Online,Completada,1800.0,5
V007952,C00757,P013,2025-02-02,4,Tarjeta Débito,Tienda,Completada,2640.0,10
V007953,C00930,P022,2025-05-09,3,Tarjeta Crédito,Tienda,Completada,1200.0,0
V007954,C00421,P008,2025-02-07,3,Tarjeta Crédito,Online,Completada,700.0,0
V007955,C00853,P012,2025-09-24,5,Tarjeta Crédito,Marketplace,Completada,1700.0,10
V007956,C00475,P010,2025-05-29,2,Tarjeta Débito,Online,Devuelta,4500.0,10
V007957,C00191,P025,2025-11-21,2,Tarjeta Crédito,Marketplace,Completada,4200.0,0
V007958,C00852,P022,2025-07-31,4,Tarjeta Crédito,Online,Cancelada,1200.0,0
V007959,C00512,P008,2025-07-01,5,Efectivo,Marketplace,Cancelada,700.0,5
V007960,C00792,P028,2025-03-27,1,Tarjeta Débito,Marketplace,Devuelta,250.0,0
V007961,C00694,P016,2025-05-23,1,Tarjeta Crédito,Marketplace,Cancelada,4500.0,0
V007962,C00523,P001,2025-01-10,5,Tarjeta Crédito,Tienda,Completada,22000.0,5
V007963,C00822,P021,2025-02-22,4,Tarjeta Débito,Marketplace,Completada,11000.0,0
V007964,C00660,P006,2025-06-11,3,Tarjeta Débito,Online,Completada,1800.0,0
V007965,C00719,P021,2025-04-07,1,Tarjeta Crédito,Tienda,Completada,11000.0,10
V007966,C00384,P009,2025-03-04,4,Tarjeta Crédito,Online,Completada,1300.0,15
V007967,C00622,P025,2025-12-19,2,Efectivo,Online,Cancelada,4200.0,20
V007968,C00074,P026,2025-09-03,1,Tarjeta Débito,Marketplace,Completada,800.0,5
V007969,C00446,P006,2025-09-19,3,Tarjeta Crédito,Marketplace,Completada,1800.0,0
V007970,C01114,P029,2025-10-04,3,Transferencia,Tienda,Completada,350.0,15
V007971,C00764,P008,2025-09-11,4,Tarjeta Débito,Tienda,Completada,700.0,10
V007972,C00531,P029,2025-07-31,3,Tarjeta Débito,Online,Completada,350.0,10
V007973,C00257,P014,2025-01-04,1,Tarjeta Débito,Online,Completada,5500.0,10
V007974,C00647,P007,2025-03-15,5,Efectivo,Online,Devuelta,1400.0,10
V007975,C00786,P018,2025-12-27,1,Tarjeta Crédito,Marketplace,Completada,900.0,15
V007976,C01103,P027,2025-04-06,5,Tarjeta Crédito,Online,Completada,6000.0,5
V007977,C00330,P022,2025-12-07,3,Efectivo,Online,Completada,1200.0,10
V007978,C01094,P021,2025-12-17,5,Efectivo,Online,Completada,11000.0,5
V007979,C00062,P009,2025-10-20,1,Tarjeta Débito,Online,Completada,1300.0,0
V007980,C00252,P014,2025-03-31,3,Tarjeta Débito,Online,Cancelada,5500.0,10
V007981,C00345,P019,2025-08-21,2,Tarjeta Débito,Marketplace,Devuelta,1800.0,0
V007982,C01188,P030,2025-08-17,5,Transferencia,Online,Completada,3200.0,5
V007983,C00753,P028,2025-08-06,5,Transferencia,Marketplace,Completada,250.0,0
V007984,C00449,P017,2025-12-27,4,Tarjeta Débito,Tienda,Devuelta,2200.0,0
V007985,C01045,P006,2025-05-18,2,Transferencia,Marketplace,Cancelada,1800.0,0
V007986,C00754,P014,2025-02-06,5,Tarjeta Crédito,Online,Cancelada,5500.0,20
V007987,C00499,P010,2025-11-13,3,Tarjeta Crédito,Tienda,Completada,4500.0,15
V007988,C00519,P014,2025-05-11,2,Tarjeta Débito,Tienda,Completada,5500.0,10
V007989,C01114,P004,2025-02-28,4,Tarjeta Crédito,Online,Completada,9000.0,0
V007990,C00960,P021,2025-10-25,1,Tarjeta Débito,Tienda,Devuelta,11000.0,0
V007991,C00545,P012,2025-06-01,2,Transferencia,Online,Completada,1700.0,15
V007992,C00864,P008,2025-12-29,4,Efectivo,Online,Completada,700.0,5
V007993,C00980,P017,2025-11-15,4,Transferencia,Online,Completada,2200.0,0
V007994,C00184,P007,2025-08-01,3,Tarjeta Crédito,Online,Completada,1400.0,0
V007995,C00935,P018,2025-06-24,5,Tarjeta Crédito,Online,Completada,900.0,5
V007996,C00648,P007,2025-01-18,5,Tarjeta Débito,Online,Completada,1400.0,0
V007997,C01075,P013,2025-07-07,3,Tarjeta Crédito,Online,Completada,2200.0,10
V007998,C00311,P020,2025-03-24,4,Tarjeta Crédito,Online,Devuelta,1500.0,0
V007999,C00572,P013,2025-05-13,2,Tarjeta Débito,Online,Completada,2200.0,10
V008000,C01074,P022,2025-08-13,3,Tarjeta Crédito,Marketplace,Completada,1200.0,0
V000322,C00469,P012,2025-11-16,4,Transferencia,Tienda,Devuelta,1700.0,0
V006584,C00693,P011,2025-02-28,5,Tarjeta Débito,Marketplace,Completada,1800.0,0
V000593,C00688,P021,2025-05-12,2,Transferencia,Tienda,Devuelta,11000.0,10
V005865,C01132,P012,2025-01-10,4,Tarjeta Crédito,Online,Cancelada,1700.0,5
V003664,C01017,P025,2025-02-02,4,Tarjeta Débito,Marketplace,Completada,4200.0,10
V002386,C00409,P014,2025-03-02,5,Tarjeta Crédito,Tienda,Completada,5500.0,0
V005381,C01162,P022,2025-04-20,2,Tarjeta Débito,Marketplace,Completada,1200.0,15
V006378,C00108,P007,2025-04-21,2,Tarjeta Débito,Online,Completada,1400.0,0
V006941,C00345,P012,2025-05-23,4,Tarjeta Débito,Online,Completada,1700.0,5
V003465,C00776,P019,2025-01-31,4,Tarjeta Crédito,Tienda,Completada,1800.0,5
V002579,C01200,P023,2025-08-17,5,Tarjeta Crédito,Tienda,Devuelta,8500.0,5
V003090,C00679,P024,2025-09-04,5,Efectivo,Tienda,Devuelta,14500.0,5
V002710,C00231,P026,2025-02-27,1,Tarjeta Crédito,Online,Completada,800.0,0
V003202,C00202,P003,2025-04-25,5,Efectivo,Online,Completada,6500.0,0
V003596,C00683,P029,2025-09-08,1,Transferencia,Online,Cancelada,350.0,0
V003289,C00004,P018,2025-12-19,5,Tarjeta Crédito,Online,Completada,900.0,5
V003868,C00972,P018,2025-01-27,2,Tarjeta Débito,Tienda,Completada,900.0,0
V001701,C01090,P006,2025-04-11,2,Transferencia,Online,Completada,1800.0,0
V004336,C00570,P017,2025-04-08,5,Tarjeta Débito,Online,Cancelada,2200.0,0
V002653,C01148,P013,2025-04-29,5,Transferencia,Marketplace,Devuelta,2200.0,15
V007812,C00114,P014,2025-10-03,5,Tarjeta Crédito,Tienda,Completada,5500.0,0
V003816,C00421,P022,2025-05-05,3,Tarjeta Crédito,Tienda,Completada,1200.0,10
V006751,C01149,P010,2025-07-24,4,Tarjeta Débito,Tienda,Cancelada,4500.0,5
V003654,C01136,P011,2025-08-31,4,Tarjeta Crédito,Online,Cancelada,1800.0,5
V002033,C01091,P005,2025-12-24,5,Tarjeta Débito,Marketplace,Devuelta,12000.0,20
V002854,C00727,P010,2025-02-20,3,Tarjeta Crédito,Marketplace,Completada,4500.0,0
V002103,C00621,P005,2025-01-11,3,Tarjeta Crédito,Tienda,Completada,12000.0,20
V006027,C00665,P008,2025-03-05,5,Tarjeta Crédito,Tienda,Cancelada,700.0,0
V007157,C00111,P008,2025-09-24,1,Tarjeta Débito,Tienda,Devuelta,700.0,5
V000625,C00136,P019,2025-10-05,2,Efectivo,Online,Devuelta,1800.0,5
